Latitude,Longitude,Lane Count,Month,Climate Type,Estimated Monthly Consumption (kWh),Estimated Monthly Amount (Before Tax)
22.474661,120.530844,2.0,3,0.7367711942329173,968.0,2819.0
22.474661,120.530844,2.0,4,0.6924303301194473,968.0,2819.0
22.474661,120.530844,2.0,5,0.6354369403424095,962.5,3220.5
22.474661,120.530844,2.0,6,0.6175587608094513,962.5,3220.5
22.474661,120.530844,2.0,7,0.2791317902520649,973.5,3098.5
22.474661,120.530844,2.0,8,0.1219642421722014,973.5,3098.5
22.474661,120.530844,2.0,9,0.21124883832413308,939.5,2561.0
22.474661,120.530844,2.0,10,0.7384457640380588,939.5,2561.0
22.477464,120.531386,2.0,3,0.7381013187653083,990.0,2900.0
22.477464,120.531386,2.0,4,0.694135351581072,990.0,2900.0
22.477464,120.531386,2.0,5,0.6373371938168507,1007.5,3411.5
22.477464,120.531386,2.0,6,0.6195842224174242,1007.5,3411.5
22.477464,120.531386,2.0,7,0.2831556355379484,950.0,3004.0
22.477464,120.531386,2.0,8,0.12524987324922296,950.0,3004.0
22.477464,120.531386,2.0,9,0.21573769675229817,957.5,2623.0
22.477464,120.531386,2.0,10,0.739521383006248,957.5,2623.0
22.501367,120.525775,2.0,2,0.685834700479586,1553.5,4714.0
22.501367,120.525775,2.0,3,0.6717306583249757,1553.5,4714.0
22.501367,120.525775,2.0,4,0.6328810552425471,1411.0,4874.0
22.501367,120.525775,2.0,5,0.5634229734700571,1411.0,4874.0
22.501367,120.525775,2.0,6,0.5721688788214857,1525.5,5675.0
22.501367,120.525775,2.0,7,0.1969001343066295,1525.5,5675.0
22.501367,120.525775,2.0,8,0.07874863215332321,1459.5,4593.0
22.501367,120.525775,2.0,9,0.14341398200625186,1459.5,4593.0
22.557186,120.524558,2.0,4,0.6997333076576874,1000.5,3040.0
22.557186,120.524558,2.0,5,0.6407460170664256,1000.5,3040.0
22.557186,120.524558,2.0,6,0.6480740446179066,1083.5,3734.5
22.557186,120.524558,2.0,7,0.34200812506529527,1083.5,3734.5
22.557186,120.524558,2.0,8,0.19499050800500206,1040.0,3248.5
22.557186,120.524558,2.0,9,0.2990395239597541,1040.0,3248.5
22.557186,120.524558,2.0,10,0.7368925509494837,970.0,2665.5
22.557186,120.524558,2.0,11,0.7431526857105784,970.0,2665.5
22.557408,120.524761,2.0,4,0.7001014734539059,988.5,2994.5
22.557408,120.524761,2.0,5,0.6411883628029487,988.5,2994.5
22.557408,120.524761,2.0,6,0.6485139797379335,1099.5,3802.5
22.557408,120.524761,2.0,7,0.342832864850835,1099.5,3802.5
22.557408,120.524761,2.0,8,0.19568431664626396,1048.5,3281.5
22.557408,120.524761,2.0,9,0.29992948714975365,1048.5,3281.5
22.557408,120.524761,2.0,10,0.7372153761026935,956.5,2619.5
22.557408,120.524761,2.0,11,0.7434623837301706,956.5,2619.5
22.579586,120.526161,2.0,3,0.7647570956697389,1565.5,4905.0
22.579586,120.526161,2.0,4,0.7393920851397885,1565.5,4905.0
22.579586,120.526161,2.0,5,0.6876028974943047,1644.5,6477.0
22.579586,120.526161,2.0,6,0.6940554946767485,1644.5,6477.0
22.579586,120.526161,2.0,7,0.42873986671812186,1454.5,5214.0
22.579586,120.526161,2.0,8,0.26551636790056865,1454.5,5214.0
22.579586,120.526161,2.0,9,0.3917624965988632,1508.5,4533.0
22.579586,120.526161,2.0,10,0.7698720845099032,1508.5,4533.0
22.581933,120.32315,2.0,3,0.5686869295662318,1394.5,4115.0
22.581933,120.32315,2.0,4,0.5230156581927679,1394.5,4115.0
22.581933,120.32315,2.0,5,0.41123591534546944,1486.5,5399.5
22.581933,120.32315,2.0,6,0.4119487202292708,1486.5,5399.5
22.581933,120.32315,2.0,7,-0.08904996925837673,1387.0,5008.0
22.581933,120.32315,2.0,8,-0.20669602672388407,1387.0,5008.0
22.581933,120.32315,2.0,9,-0.17752057546061445,1378.5,4070.5
22.581933,120.32315,2.0,10,0.5408922323566511,1378.5,4070.5
22.609428,120.339608,4.0,2,0.5568146918289072,1361.0,3957.5
22.609428,120.339608,4.0,3,0.5717041727953279,1361.0,3957.5
22.609428,120.339608,4.0,4,0.5260019131305435,1309.5,4412.0
22.609428,120.339608,4.0,5,0.4099877722791495,1309.5,4412.0
22.609428,120.339608,4.0,6,0.4079521677989639,1379.5,4991.5
22.609428,120.339608,4.0,7,-0.09605816726021241,1379.5,4991.5
22.609428,120.339608,4.0,8,-0.22512583432742797,1334.5,4203.5
22.609428,120.339608,4.0,9,-0.19091376283454192,1334.5,4203.5
22.619119,120.336647,4.0,3,0.5651582377287057,1270.0,3911.5
22.619119,120.336647,4.0,4,0.5185523611550565,1270.0,3911.5
22.619119,120.336647,4.0,5,0.3982927532409046,1351.5,4872.5
22.619119,120.336647,4.0,6,0.39478174605441946,1351.5,4872.5
22.619119,120.336647,4.0,7,-0.12015415056738708,1334.5,4573.0
22.619119,120.336647,4.0,8,-0.2524256813239525,1334.5,4573.0
22.619119,120.336647,4.0,9,-0.21997297659409137,1275.5,3716.0
22.619119,120.336647,4.0,10,0.5216497123403669,1275.5,3716.0
22.627819,120.336222,3.0,3,0.5605299167346959,1765.5,5876.0
22.627819,120.336222,3.0,4,0.5131811140124241,1765.5,5876.0
22.627819,120.336222,3.0,5,0.389368284032454,1926.0,8300.5
22.627819,120.336222,3.0,6,0.38449944639085354,1926.0,8300.5
22.627819,120.336222,3.0,7,-0.1390502398510648,1765.5,7270.5
22.627819,120.336222,3.0,8,-0.2747132430087387,1765.5,7270.5
22.627819,120.336222,3.0,9,-0.2432500108154903,1749.5,5809.0
22.627819,120.336222,3.0,10,0.5119283548961275,1749.5,5809.0
22.658892,120.332081,5.0,4,0.48583741222207805,2193.0,8985.0
22.658892,120.332081,5.0,5,0.34487847268673333,2193.0,8985.0
22.658892,120.332081,5.0,6,0.33351532515757926,2296.0,10870.5
22.658892,120.332081,5.0,7,-0.23354293873520238,2296.0,10870.5
22.658892,120.332081,5.0,8,-0.3846351263246603,2259.5,9669.5
22.658892,120.332081,5.0,9,-0.35944036655123,2259.5,9669.5
22.658892,120.332081,5.0,10,0.4648226677864777,2052.5,7414.0
22.658892,120.332081,5.0,11,0.5122328582670178,2052.5,7414.0
22.680347,120.563311,2.0,2,0.8047495693551258,1048.5,2903.5
22.680347,120.563311,2.0,3,0.8048218497514456,1048.5,2903.5
22.680347,120.563311,2.0,4,0.7859625001296433,972.5,3090.5
22.680347,120.563311,2.0,5,0.7436988524308716,972.5,3090.5
22.680347,120.563311,2.0,6,0.7508925075381996,1057.5,3624.0
22.680347,120.563311,2.0,7,0.5364124387904762,1057.5,3624.0
22.680347,120.563311,2.0,8,0.3589319144584901,1016.5,3006.5
22.680347,120.563311,2.0,9,0.5101713028476637,1016.5,3006.5
22.682775,120.563086,2.0,2,0.8013403710478975,1100.5,3070.5
22.682775,120.563086,2.0,3,0.8015149662264573,1100.5,3070.5
22.682775,120.563086,2.0,4,0.7823914666355395,1031.5,3280.0
22.682775,120.563086,2.0,5,0.7394123463880511,1031.5,3280.0
22.682775,120.563086,2.0,6,0.7467556884700067,1102.5,3815.0
22.682775,120.563086,2.0,7,0.5287739378891181,1102.5,3815.0
22.682775,120.563086,2.0,8,0.35283133822096496,1057.5,3189.0
22.682775,120.563086,2.0,9,0.5021771610076564,1057.5,3189.0
22.703364,120.328181,4.0,2,0.4547866623495388,2224.0,8152.0
22.703364,120.328181,4.0,3,0.4948725624299929,2224.0,8152.0
22.703364,120.328181,4.0,4,0.433649645520943,2072.5,8656.5
22.703364,120.328181,4.0,5,0.2563206251477073,2072.5,8656.5
22.703364,120.328181,4.0,6,0.23015016082797776,2262.5,10645.0
22.703364,120.328181,4.0,7,-0.4280919429493434,2262.5,10645.0
22.703364,120.328181,4.0,8,-0.6169399216077563,2200.0,8938.5
22.703364,120.328181,4.0,9,-0.603587953661973,2200.0,8938.5
22.704642,120.541133,2.0,3,0.7846780661600877,938.0,2555.5
22.704642,120.541133,2.0,4,0.7644265400392588,938.0,2555.5
22.704642,120.541133,2.0,5,0.7168947034362191,983.5,3290.0
22.704642,120.541133,2.0,6,0.7243437421500424,983.5,3290.0
22.704642,120.541133,2.0,7,0.4882765282452985,901.5,2943.5
22.704642,120.541133,2.0,8,0.31772022000183875,901.5,2943.5
22.704642,120.541133,2.0,9,0.459006010258291,889.0,2386.5
22.704642,120.541133,2.0,10,0.7880230591406767,889.0,2386.5
22.7058,120.539336,2.0,3,0.7829765361680792,842.0,2225.5
22.7058,120.539336,2.0,4,0.7625869729173019,842.0,2225.5
22.7058,120.539336,2.0,5,0.714596730589048,912.5,2992.0
22.7058,120.539336,2.0,6,0.7220464618666724,912.5,2992.0
22.7058,120.539336,2.0,7,0.4840954092259652,853.0,2738.5
22.7058,120.539336,2.0,8,0.3140782597022132,853.0,2738.5
22.7058,120.539336,2.0,9,0.4545187161700457,833.5,2196.5
22.7058,120.539336,2.0,10,0.7861494042725474,833.5,2196.5
22.728956,120.333764,3.0,4,0.42053119996925975,1162.5,3632.0
22.728956,120.333764,3.0,5,0.23398357451965154,1162.5,3632.0
22.728956,120.333764,3.0,6,0.20404425339264828,1222.0,4322.5
22.728956,120.333764,3.0,7,-0.47715753465802,1222.0,4322.5
22.728956,120.333764,3.0,8,-0.6756727868462624,1190.0,3841.5
22.728956,120.333764,3.0,9,-0.6651888437644837,1190.0,3841.5
22.728956,120.333764,3.0,10,0.3456504964496431,1061.0,2978.5
22.728956,120.333764,3.0,11,0.42930374540704785,1061.0,2978.5
22.730903,120.334286,3.0,4,0.42090853811002327,1124.5,3488.5
22.730903,120.334286,3.0,5,0.2348983556693673,1124.5,3488.5
22.730903,120.334286,3.0,6,0.20523157123680588,1177.0,4131.5
22.730903,120.334286,3.0,7,-0.47477415694038483,1177.0,4131.5
22.730903,120.334286,3.0,8,-0.6724206824174014,1153.5,3699.5
22.730903,120.334286,3.0,9,-0.6619017376754743,1153.5,3699.5
22.730903,120.334286,3.0,10,0.3467719353296637,1034.5,2887.5
22.730903,120.334286,3.0,11,0.42987173395278394,1034.5,2887.5
22.749792,120.496839,3.0,2,0.6677450162125605,1698.5,5464.5
22.749792,120.496839,3.0,3,0.6759903292478858,1698.5,5464.5
22.749792,120.496839,3.0,4,0.6467604488192018,1606.5,5878.5
22.749792,120.496839,3.0,5,0.5726229969493282,1606.5,5878.5
22.749792,120.496839,3.0,6,0.5820076089387837,1721.0,6993.0
22.749792,120.496839,3.0,7,0.22773456501684755,1721.0,6993.0
22.749792,120.496839,3.0,8,0.09838610477013782,1674.5,5780.0
22.749792,120.496839,3.0,9,0.18216741493117058,1674.5,5780.0
22.752806,120.334056,3.0,3,0.4858254836183661,1804.0,6097.5
22.752806,120.334056,3.0,4,0.4248796029432243,1804.0,6097.5
22.752806,120.334056,3.0,5,0.24673293044109287,1979.0,8682.5
22.752806,120.334056,3.0,6,0.2211928836524046,1979.0,8682.5
22.752806,120.334056,3.0,7,-0.4422163172713634,1830.5,7681.5
22.752806,120.334056,3.0,8,-0.6260652337259467,1830.5,7681.5
22.752806,120.334056,3.0,9,-0.615741783950993,1759.0,5859.5
22.752806,120.334056,3.0,10,0.3622402941755838,1759.0,5859.5
22.769197,120.441839,3.0,3,0.5976665915138171,1586.0,5127.0
22.769197,120.441839,3.0,4,0.5608483482657696,1586.0,5127.0
22.769197,120.441839,3.0,5,0.4620406811304409,1560.0,5908.0
22.769197,120.441839,3.0,6,0.46814251835202003,1560.0,5908.0
22.769197,120.441839,3.0,7,0.020936847542329114,1594.5,5948.5
22.769197,120.441839,3.0,8,-0.09346001076821411,1594.5,5948.5
22.769197,120.441839,3.0,9,-0.0453906810109186,1620.0,5123.5
22.769197,120.441839,3.0,10,0.5806036807101409,1620.0,5123.5
22.818039,120.312731,3.0,3,0.4411761932865049,1756.0,5931.0
22.818039,120.312731,3.0,4,0.4036731862740977,1756.0,5931.0
22.818039,120.312731,3.0,5,0.2644600624114553,1789.5,7455.0
22.818039,120.312731,3.0,6,0.2784487394333637,1789.5,7455.0
22.818039,120.312731,3.0,7,-0.30170361259650175,1735.0,6955.0
22.818039,120.312731,3.0,8,-0.3613518091362099,1735.0,6955.0
22.818039,120.312731,3.0,9,-0.36831975906669434,1673.0,5404.5
22.818039,120.312731,3.0,10,0.4085297945122407,1673.0,5404.5
22.845122,120.385428,3.0,2,0.4063982754175229,1636.0,7192.0
22.845122,120.385428,3.0,3,0.4556394809955994,1636.0,7192.0
22.845122,120.385428,3.0,4,0.4280503031629197,1577.0,8147.5
22.845122,120.385428,3.0,5,0.31122611179465953,1577.0,8147.5
22.845122,120.385428,3.0,6,0.3429043460799402,1807.0,10521.0
22.845122,120.385428,3.0,7,-0.17978669980214157,1807.0,10521.0
22.845122,120.385428,3.0,8,-0.19511510959020328,1793.0,8984.0
22.845122,120.385428,3.0,9,-0.20374803184000292,1793.0,8984.0
22.867419,120.284989,3.0,3,0.406911228055005,1889.0,9148.5
22.867419,120.284989,3.0,4,0.3814967851076766,1889.0,9148.5
22.867419,120.284989,3.0,5,0.27257910751326886,1926.5,11484.5
22.867419,120.284989,3.0,6,0.30502681385484703,1926.5,11484.5
22.867419,120.284989,3.0,7,-0.2227086502705667,1871.5,10789.5
22.867419,120.284989,3.0,8,-0.20672973319957938,1871.5,10789.5
22.867419,120.284989,3.0,9,-0.22087352391300846,1780.0,8272.0
22.867419,120.284989,3.0,10,0.44048543123542433,1780.0,8272.0
22.892619,120.27215,3.0,3,0.38816799244979433,1856.5,8892.5
22.892619,120.27215,3.0,4,0.36820825483165587,1856.5,8892.5
22.892619,120.27215,3.0,5,0.27451053215090915,1918.0,11415.5
22.892619,120.27215,3.0,6,0.3132776787576018,1918.0,11415.5
22.892619,120.27215,3.0,7,-0.1888198070812725,1752.5,9887.0
22.892619,120.27215,3.0,8,-0.14003830298970596,1752.5,9887.0
22.892619,120.27215,3.0,9,-0.15401160672692538,1790.5,8338.5
22.892619,120.27215,3.0,10,0.45381578215987417,1790.5,8338.5
22.901969,120.354767,3.0,3,0.4098258080239984,1541.5,4940.0
22.901969,120.354767,3.0,4,0.38845648052773,1541.5,4940.0
22.901969,120.354767,3.0,5,0.2853907510103443,1574.5,6005.0
22.901969,120.354767,3.0,6,0.3294185668465537,1574.5,6005.0
22.901969,120.354767,3.0,7,-0.18391273629288288,1615.5,5996.0
22.901969,120.354767,3.0,8,-0.14181260098449042,1615.5,5996.0
22.901969,120.354767,3.0,9,-0.16651462717328547,1460.0,4350.5
22.901969,120.354767,3.0,10,0.4577843747599158,1460.0,4350.5
22.960903,120.249822,3.0,2,0.29277167351283045,1889.5,8682.5
22.960903,120.249822,3.0,3,0.34385882779236715,1889.5,8682.5
22.960903,120.249822,3.0,4,0.3364851549025923,1745.0,9206.0
22.960903,120.249822,3.0,5,0.28460589504380296,1745.0,9206.0
22.960903,120.249822,3.0,6,0.3290739472747391,1909.5,11346.0
22.960903,120.249822,3.0,7,-0.09901793833962454,1909.5,11346.0
22.960903,120.249822,3.0,8,0.012792961682954622,1856.0,9625.0
22.960903,120.249822,3.0,9,0.017377630579785308,1856.0,9625.0
22.969758,120.340164,3.0,3,0.3677451673410289,1577.5,5189.5
22.969758,120.340164,3.0,4,0.3536462932421009,1577.5,5189.5
22.969758,120.340164,3.0,5,0.2670875488772297,1620.0,6312.5
22.969758,120.340164,3.0,6,0.32475357408585126,1620.0,6312.5
22.969758,120.340164,3.0,7,-0.1713418711155904,1578.5,5739.5
22.969758,120.340164,3.0,8,-0.06904827395936455,1578.5,5739.5
22.969758,120.340164,3.0,9,-0.10847003446599975,1536.5,4680.0
22.969758,120.340164,3.0,10,0.46082648875856475,1536.5,4680.0
22.991814,120.248175,3.0,2,0.28159998179613815,1863.0,6323.5
22.991814,120.248175,3.0,3,0.332491371284852,1863.0,6323.5
22.991814,120.248175,3.0,4,0.3281605311868662,1734.0,6720.0
22.991814,120.248175,3.0,5,0.28684731521252105,1734.0,6720.0
22.991814,120.248175,3.0,6,0.3320874339116613,1897.0,8180.5
22.991814,120.248175,3.0,7,-0.07740403858958059,1897.0,8180.5
22.991814,120.248175,3.0,8,0.04908674709799564,1793.0,6399.5
22.991814,120.248175,3.0,9,0.059225946873591714,1793.0,6399.5
23.014172,120.249997,3.0,2,0.27700391259501017,1875.0,6341.0
23.014172,120.249997,3.0,3,0.3284453521278562,1875.0,6341.0
23.014172,120.249997,3.0,4,0.3242568000051836,1717.0,6393.5
23.014172,120.249997,3.0,5,0.280570796259227,1717.0,6393.5
23.014172,120.249997,3.0,6,0.3296746437182956,1885.5,8103.0
23.014172,120.249997,3.0,7,-0.08726185568851141,1885.5,8103.0
23.014172,120.249997,3.0,8,0.047415338285766946,1835.0,6891.0
23.014172,120.249997,3.0,9,0.04896004883000733,1835.0,6891.0
23.040203,120.325172,3.0,2,0.2780581994273366,1703.5,5494.5
23.040203,120.325172,3.0,3,0.33284165466726884,1703.5,5494.5
23.040203,120.325172,3.0,4,0.323303473137037,1642.5,6138.5
23.040203,120.325172,3.0,5,0.24349345937524977,1642.5,6138.5
23.040203,120.325172,3.0,6,0.3145278731325086,1743.5,7144.5
23.040203,120.325172,3.0,7,-0.18330123575366644,1743.5,7144.5
23.040203,120.325172,3.0,8,-0.031684532240092246,1620.5,5423.5
23.040203,120.325172,3.0,9,-0.09263632843675557,1620.5,5423.5
23.051311,120.253025,3.0,3,0.32140146487105337,1851.0,6419.0
23.051311,120.253025,3.0,4,0.3161341988874584,1851.0,6419.0
23.051311,120.253025,3.0,5,0.2601388455443038,1868.0,7985.0
23.051311,120.253025,3.0,6,0.32040247951722406,1868.0,7985.0
23.051311,120.253025,3.0,7,-0.12825866854713125,1734.5,7015.0
23.051311,120.253025,3.0,8,0.023917692840957735,1734.5,7015.0
23.051311,120.253025,3.0,9,-0.0031180910884018925,1782.5,5984.0
23.051311,120.253025,3.0,10,0.47585558947336315,1782.5,5984.0
23.085272,120.329033,3.0,2,0.2556875761001512,1684.5,5339.5
23.085272,120.329033,3.0,3,0.31256744627355426,1684.5,5339.5
23.085272,120.329033,3.0,4,0.30417908441431973,1598.5,5607.0
23.085272,120.329033,3.0,5,0.21847241604129644,1598.5,5607.0
23.085272,120.329033,3.0,6,0.3029761503570394,1691.0,6791.5
23.085272,120.329033,3.0,7,-0.21853201171006803,1691.0,6791.5
23.085272,120.329033,3.0,8,-0.033498493700066516,1649.0,5833.0
23.085272,120.329033,3.0,9,-0.1240260722195991,1649.0,5833.0
23.085272,120.329033,3.0,10,0.43848286687200383,1377.0,4065.0
23.085272,120.329033,3.0,11,0.36568687447889225,1377.0,4065.0
23.104817,120.247681,3.0,2,0.24731391650681359,1706.5,5529.5
23.104817,120.247681,3.0,3,0.30355473603816463,1706.5,5529.5
23.104817,120.247681,3.0,4,0.29751386065203955,1681.5,6485.0
23.104817,120.247681,3.0,5,0.2247384392596611,1681.5,6485.0
23.104817,120.247681,3.0,6,0.30362237647686696,1799.0,7519.5
23.104817,120.247681,3.0,7,-0.1924094914385683,1799.0,7519.5
23.104817,120.247681,3.0,8,-0.0052907148278146235,1719.0,5888.0
23.104817,120.247681,3.0,9,-0.0782474379517851,1719.0,5888.0
23.132064,120.333711,3.0,3,0.2875807697491141,1701.0,8078.0
23.132064,120.333711,3.0,4,0.2803280045711162,1701.0,8078.0
23.132064,120.333711,3.0,5,0.18636412592851298,1721.0,9828.5
23.132064,120.333711,3.0,6,0.28735497560067574,1721.0,9828.5
23.132064,120.333711,3.0,7,-0.2657539372698821,1629.5,8795.5
23.132064,120.333711,3.0,8,-0.04034952340636347,1629.5,8795.5
23.132064,120.333711,3.0,9,-0.16826218196164516,1661.0,7520.5
23.132064,120.333711,3.0,10,0.41774277972530616,1661.0,7520.5
23.140751,120.23327,3.0,4,0.2819560580829789,1734.0,6323.0
23.140751,120.23327,3.0,5,0.20014596745576285,1734.0,6323.0
23.140751,120.23327,3.0,6,0.29147765382901814,1837.5,7779.0
23.140751,120.23327,3.0,7,-0.23304852912951085,1837.5,7779.0
23.140751,120.23327,3.0,8,-0.019165888229292317,1738.0,6472.0
23.140751,120.23327,3.0,9,-0.12180800259751287,1738.0,6472.0
23.140751,120.23327,3.0,10,0.43093763920990347,1592.0,4975.0
23.140751,120.23327,3.0,11,0.34751920312903334,1592.0,4975.0
23.197286,120.236422,3.0,3,0.2574979215192434,1747.5,5781.5
23.197286,120.236422,3.0,4,0.2521547330738008,1747.5,5781.5
23.197286,120.236422,3.0,5,0.1556564876150518,1858.0,7846.5
23.197286,120.236422,3.0,6,0.2695260466016709,1858.0,7846.5
23.197286,120.236422,3.0,7,-0.30411042148708256,1805.5,7539.5
23.197286,120.236422,3.0,8,-0.039329720194907915,1805.5,7539.5
23.197286,120.236422,3.0,9,-0.19514265524238883,1743.0,5774.0
23.197286,120.236422,3.0,10,0.4000889648173253,1743.0,5774.0
23.203275,120.355461,3.0,3,0.23954744138797787,1704.0,5927.5
23.203275,120.355461,3.0,4,0.23453237741751864,1704.0,5927.5
23.203275,120.355461,3.0,5,0.12556056268457272,1732.0,7067.5
23.203275,120.355461,3.0,6,0.25710896725796345,1732.0,7067.5
23.203275,120.355461,3.0,7,-0.355336630241465,1651.0,6172.0
23.203275,120.355461,3.0,8,-0.05362438856134795,1651.0,6172.0
23.203275,120.355461,3.0,9,-0.2517734348905988,1620.5,5126.0
23.203275,120.355461,3.0,10,0.37845350081765305,1620.5,5126.0
23.244994,120.367378,3.0,2,0.13863963191803472,1712.0,5542.5
23.244994,120.367378,3.0,3,0.20627591443699667,1712.0,5542.5
23.244994,120.367378,3.0,4,0.203035801244099,1620.0,6015.0
23.244994,120.367378,3.0,5,0.08543463020352444,1620.0,6015.0
23.244994,120.367378,3.0,6,0.23668402264011323,1712.5,6936.0
23.244994,120.367378,3.0,7,-0.4132879310064361,1712.5,6936.0
23.244994,120.367378,3.0,8,-0.060120788763318216,1618.5,5368.5
23.244994,120.367378,3.0,9,-0.3038870939736665,1618.5,5368.5
23.272589,120.265769,3.0,3,0.2044454745904376,1714.0,6005.5
23.272589,120.265769,3.0,4,0.20135750285590095,1714.0,6005.5
23.272589,120.265769,3.0,5,0.08693780411430461,1769.5,7320.5
23.272589,120.265769,3.0,6,0.2351689603454973,1769.5,7320.5
23.272589,120.265769,3.0,7,-0.4073797322848228,1627.5,5976.0
23.272589,120.265769,3.0,8,-0.057827439717193396,1627.5,5976.0
23.272589,120.265769,3.0,9,-0.2936623775803621,1612.5,5084.0
23.272589,120.265769,3.0,10,0.3549688668667397,1612.5,5084.0
23.279281,120.390253,3.0,3,0.17428184212185144,1746.0,5855.5
23.279281,120.390253,3.0,4,0.17285328067907219,1746.0,5855.5
23.279281,120.390253,3.0,5,0.04712330718147086,1704.5,6882.5
23.279281,120.390253,3.0,6,0.21738040630836755,1704.5,6882.5
23.279281,120.390253,3.0,7,-0.46878582576798195,1616.5,6228.5
23.279281,120.390253,3.0,8,-0.0655627190082064,1616.5,6228.5
23.279281,120.390253,3.0,9,-0.3537653918043913,1639.5,5226.5
23.279281,120.390253,3.0,10,0.3287524704609351,1639.5,5226.5
23.296692,120.404164,3.0,3,0.15680133173167238,1574.0,4880.0
23.296692,120.404164,3.0,4,0.15641182145411175,1574.0,4880.0
23.296692,120.404164,3.0,5,0.026428661117091246,1670.0,6612.0
23.296692,120.404164,3.0,6,0.20697243791751213,1670.0,6612.0
23.296692,120.404164,3.0,7,-0.49873565814641624,1622.0,6285.5
23.296692,120.404164,3.0,8,-0.06809867129146378,1622.0,6285.5
23.296692,120.404164,3.0,9,-0.38052554596691646,1570.5,4861.5
23.296692,120.404164,3.0,10,0.31570027234514425,1570.5,4861.5
23.320994,120.298703,3.0,3,0.049872234916607805,1706.5,5942.0
23.320994,120.298703,3.0,4,0.046029756251484526,1706.5,5942.0
23.320994,120.298703,3.0,5,-0.08437001964743675,1698.5,6842.0
23.320994,120.298703,3.0,6,0.2022322641239071,1698.5,6842.0
23.320994,120.298703,3.0,7,-0.5271604437259211,1687.0,6400.0
23.320994,120.298703,3.0,8,-0.049934996109917536,1687.0,6400.0
23.320994,120.298703,3.0,9,-0.42579340023617446,1614.5,5094.5
23.320994,120.298703,3.0,10,0.3098249146860809,1614.5,5094.5
23.347469,120.322192,3.0,3,0.028488702702719554,1558.5,5099.5
23.347469,120.322192,3.0,4,0.026505095716331434,1558.5,5099.5
23.347469,120.322192,3.0,5,-0.11027265412592276,1646.5,6491.0
23.347469,120.322192,3.0,6,0.19117249458047086,1646.5,6491.0
23.347469,120.322192,3.0,7,-0.5663715175021674,1616.0,5950.5
23.347469,120.322192,3.0,8,-0.04814222542991864,1616.0,5950.5
23.347469,120.322192,3.0,9,-0.4608239754640376,1579.5,4909.0
23.347469,120.322192,3.0,10,0.29305364863391037,1579.5,4909.0
23.361253,120.436356,3.0,4,-0.03611959983034125,1724.0,6223.5
23.361253,120.436356,3.0,5,-0.16750206782019145,1724.0,6223.5
23.361253,120.436356,3.0,6,0.1434727949971797,1724.0,7014.0
23.361253,120.436356,3.0,7,-0.6564444599392727,1724.0,7014.0
23.361253,120.436356,3.0,8,0.055772423932717426,1724.0,6408.5
23.361253,120.436356,3.0,9,-0.46122421072385644,1724.0,6408.5
23.436367,120.361561,4.0,2,-0.15614290474689566,1942.5,9005.0
23.436367,120.361561,4.0,3,-0.06620824665012777,1942.5,9005.0
23.436367,120.361561,4.0,4,-0.05389377397172647,1745.0,9206.0
23.436367,120.361561,4.0,5,-0.19971718404565508,1745.0,9206.0
23.436367,120.361561,4.0,6,0.1251799831658489,1895.5,11234.5
23.436367,120.361561,4.0,7,-0.72823216813397,1895.5,11234.5
23.436367,120.361561,4.0,8,0.028679871808334048,1850.0,9582.5
23.436367,120.361561,4.0,9,-0.5413487630565911,1850.0,9582.5
23.442486,120.4812,3.0,4,-0.061938468027388706,1538.0,7453.5
23.442486,120.4812,3.0,5,-0.21148093943885887,1538.0,7453.5
23.442486,120.4812,3.0,6,0.11755656744246563,1624.5,9051.0
23.442486,120.4812,3.0,7,-0.749287557920208,1624.5,9051.0
23.442486,120.4812,3.0,8,0.022394117928063013,1612.0,8136.5
23.442486,120.4812,3.0,9,-0.5617641382663462,1612.0,8136.5
23.442486,120.4812,3.0,10,0.24842387705043284,1404.0,5898.0
23.442486,120.4812,3.0,11,0.1540711477878015,1404.0,5898.0
23.469403,120.3777,3.0,3,-0.0819756369847977,1715.0,7983.5
23.469403,120.3777,3.0,4,-0.06729932195746087,1715.0,7983.5
23.469403,120.3777,3.0,5,-0.22666539557046778,1752.5,10082.5
23.469403,120.3777,3.0,6,0.10896330410170962,1752.5,10082.5
23.469403,120.3777,3.0,7,-0.7964035309270039,1890.5,10975.0
23.469403,120.3777,3.0,8,0.0037802821583867298,1890.5,10975.0
23.469403,120.3777,3.0,9,-0.6180721575061688,1492.5,6456.5
23.469403,120.3777,3.0,10,0.22059763038252622,1492.5,6456.5
23.492078,120.494586,3.0,2,-0.17487318770142815,1762.0,7897.5
23.492078,120.494586,3.0,3,-0.0828607878446152,1762.0,7897.5
23.492078,120.494586,3.0,4,-0.07047148160579013,1492.0,7324.0
23.492078,120.494586,3.0,5,-0.22285007988856947,1492.0,7324.0
23.492078,120.494586,3.0,6,0.10927582352715527,1577.5,8672.5
23.492078,120.494586,3.0,7,-0.765853318046429,1577.5,8672.5
23.492078,120.494586,3.0,8,0.013871175196441134,1578.0,7701.0
23.492078,120.494586,3.0,9,-0.5766089249519288,1578.0,7701.0
23.511683,120.486328,3.0,2,-0.17951057870163153,1612.0,4984.0
23.511683,120.486328,3.0,3,-0.08701532928875974,1612.0,4984.0
23.511683,120.486328,3.0,4,-0.07440890818098544,1588.5,5587.5
23.511683,120.486328,3.0,5,-0.22917634552449612,1588.5,5587.5
23.511683,120.486328,3.0,6,0.10441817653888802,1605.5,6215.0
23.511683,120.486328,3.0,7,-0.7787715924293619,1605.5,6215.0
23.511683,120.486328,3.0,8,0.007002358584754084,1615.5,5615.0
23.511683,120.486328,3.0,9,-0.5899012008299822,1615.5,5615.0
23.526739,120.405583,3.0,2,-0.1878000729953352,1738.0,5648.5
23.526739,120.405583,3.0,3,-0.09569687063828072,1738.0,5648.5
23.526739,120.405583,3.0,4,-0.07955246416455723,1659.0,6118.5
23.526739,120.405583,3.0,5,-0.24893082246183545,1659.0,6118.5
23.526739,120.405583,3.0,6,0.09408291048451839,1754.0,7216.0
23.526739,120.405583,3.0,7,-0.848335284517374,1754.0,7216.0
23.526739,120.405583,3.0,8,-0.017611756980041766,1681.5,5882.0
23.526739,120.405583,3.0,9,-0.6745268851503925,1681.5,5882.0
23.558125,120.505061,3.0,3,-0.11552054253742892,1625.5,5384.5
23.558125,120.505061,3.0,4,-0.10602282632353338,1625.5,5384.5
23.558125,120.505061,3.0,5,-0.2509948749549561,1669.0,6643.0
23.558125,120.505061,3.0,6,0.07005294990123535,1669.0,6643.0
23.558125,120.505061,3.0,7,-0.7392682851081344,1666.0,6339.0
23.558125,120.505061,3.0,8,0.00038112174099306714,1666.0,6339.0
23.558125,120.505061,3.0,9,-0.5793327626104611,1562.5,4815.0
23.558125,120.505061,3.0,10,0.260900111883869,1562.5,4815.0
23.601989,120.435417,3.0,3,-0.12373536403344748,1782.0,6049.0
23.601989,120.435417,3.0,4,-0.1161148053803812,1782.0,6049.0
23.601989,120.435417,3.0,5,-0.2603783471890284,1768.5,7314.0
23.601989,120.435417,3.0,6,0.055201265022437274,1768.5,7314.0
23.601989,120.435417,3.0,7,-0.7444809364520747,1681.5,6662.5
23.601989,120.435417,3.0,8,-0.021104064803234505,1681.5,6662.5
23.601989,120.435417,3.0,9,-0.5689593769062563,1621.0,5128.5
23.601989,120.435417,3.0,10,0.2467980188784027,1621.0,5128.5
23.606792,120.532511,3.0,3,-0.11901122306365183,1640.0,5445.0
23.606792,120.532511,3.0,4,-0.11303609353685447,1640.0,5445.0
23.606792,120.532511,3.0,5,-0.2474414295295349,1684.5,6747.5
23.606792,120.532511,3.0,6,0.0626636356098637,1684.5,6747.5
23.606792,120.532511,3.0,7,-0.6957966251953109,1606.0,5973.0
23.606792,120.532511,3.0,8,0.0035423163908860212,1606.0,5973.0
23.606792,120.532511,3.0,9,-0.5222213129384327,1591.5,4972.5
23.606792,120.532511,3.0,10,0.28232478437617836,1591.5,4972.5
23.618203,120.558567,3.0,3,-0.11477155408603705,1582.5,5108.0
23.618203,120.558567,3.0,4,-0.10924450865101583,1582.5,5108.0
23.618203,120.558567,3.0,5,-0.23880044202729125,1767.0,7304.0
23.618203,120.558567,3.0,6,0.07058175780848383,1767.0,7304.0
23.618203,120.558567,3.0,7,-0.6689932665386332,1687.5,6553.5
23.618203,120.558567,3.0,8,0.02141236269344073,1687.5,6553.5
23.618203,120.558567,3.0,9,-0.5002196335326876,1657.0,5319.5
23.618203,120.558567,3.0,10,0.3037068281416692,1657.0,5319.5
23.639556,120.443114,3.0,3,-0.13686483494808474,1660.5,5700.0
23.639556,120.443114,3.0,4,-0.13290878835231468,1660.5,5700.0
23.639556,120.443114,3.0,5,-0.273182111882097,1738.5,7111.5
23.639556,120.443114,3.0,6,0.02735188880140148,1738.5,7111.5
23.639556,120.443114,3.0,7,-0.7448650948438293,1640.0,6054.5
23.639556,120.443114,3.0,8,-0.05446718868676878,1640.0,6054.5
23.639556,120.443114,3.0,9,-0.5395182868438915,1611.0,5075.5
23.639556,120.443114,3.0,10,0.23098362323346935,1611.0,5075.5
23.649142,120.57295,3.0,2,-0.20830375116255126,1613.5,5016.0
23.649142,120.57295,3.0,3,-0.11195425342685951,1613.5,5016.0
23.649142,120.57295,3.0,4,-0.10732051060284356,1531.0,5365.0
23.649142,120.57295,3.0,5,-0.23179459521431192,1531.0,5365.0
23.649142,120.57295,3.0,6,0.07633062148540086,1604.5,6208.0
23.649142,120.57295,3.0,7,-0.6427111800075724,1604.5,6208.0
23.649142,120.57295,3.0,8,0.036109687993548495,1565.0,5190.0
23.649142,120.57295,3.0,9,-0.47439040067668753,1565.0,5190.0
23.677375,120.462281,4.0,3,-0.16848165993454647,1936.0,6875.0
23.677375,120.462281,4.0,4,-0.16883375832199934,1936.0,6875.0
23.677375,120.462281,4.0,5,-0.3160915438738343,1954.0,8564.0
23.677375,120.462281,4.0,6,-0.04402670491489414,1954.0,8564.0
23.677375,120.462281,4.0,7,-0.8275146543761359,1836.0,7692.5
23.677375,120.462281,4.0,8,-0.15849066051718913,1836.0,7692.5
23.677375,120.462281,4.0,9,-0.5560891416425449,1871.0,6452.5
23.677375,120.462281,4.0,10,0.14709715476092783,1871.0,6452.5
23.702603,120.474917,3.0,3,-0.1524808690915355,1694.0,5597.5
23.702603,120.474917,3.0,4,-0.1517476905741325,1694.0,5597.5
23.702603,120.474917,3.0,5,-0.29180504979842525,1592.5,6127.0
23.702603,120.474917,3.0,6,-0.006079120964488932,1592.5,6127.0
23.702603,120.474917,3.0,7,-0.7671289508488118,1595.0,6030.5
23.702603,120.474917,3.0,8,-0.099914535531196,1595.0,6030.5
23.702603,120.474917,3.0,9,-0.5267748356012631,1620.0,5123.5
23.702603,120.474917,3.0,10,0.19978816939408683,1620.0,5123.5
23.724425,120.601786,3.0,3,-0.09478068969808774,1656.5,5537.0
23.724425,120.601786,3.0,4,-0.09125663750859958,1656.5,5537.0
23.724425,120.601786,3.0,5,-0.2006631616533442,1610.0,6245.0
23.724425,120.601786,3.0,6,0.11086050661821958,1610.0,6245.0
23.724425,120.601786,3.0,7,-0.5555925467545724,1648.5,6246.5
23.724425,120.601786,3.0,8,0.10514153587292933,1648.5,6246.5
23.724425,120.601786,3.0,9,-0.40058034188490305,1626.5,5157.5
23.724425,120.601786,3.0,10,0.3972654446007943,1626.5,5157.5
23.766328,120.469342,3.0,2,-0.209067415350422,1689.0,5391.5
23.766328,120.469342,3.0,3,-0.11151537909878903,1689.0,5391.5
23.766328,120.469342,3.0,4,-0.10953951300368946,1522.5,5253.5
23.766328,120.469342,3.0,5,-0.22703554619506844,1522.5,5253.5
23.766328,120.469342,3.0,6,0.10101092207187196,1703.0,6871.5
23.766328,120.469342,3.0,7,-0.5826072508425039,1703.0,6871.5
23.766328,120.469342,3.0,8,0.061988893288795484,1666.0,5827.5
23.766328,120.469342,3.0,9,-0.4227184925165012,1666.0,5827.5
23.775581,120.6259,3.0,3,-0.0781935509516245,1664.0,5578.5
23.775581,120.6259,3.0,4,-0.07504840387830913,1664.0,5578.5
23.775581,120.6259,3.0,5,-0.17251309648313845,1630.5,6383.5
23.775581,120.6259,3.0,6,0.13533066002698502,1630.5,6383.5
23.775581,120.6259,3.0,7,-0.49628173248250373,1591.5,5879.5
23.775581,120.6259,3.0,8,0.16323846218464586,1591.5,5879.5
23.775581,120.6259,3.0,9,-0.3434792171373544,1466.0,4371.0
23.775581,120.6259,3.0,10,0.45962847638242343,1466.0,4371.0
23.787486,120.704519,3.0,2,-0.15604080591149128,353.0,681.0
23.787486,120.704519,3.0,3,-0.06923624956938262,353.0,681.0
23.787486,120.704519,3.0,4,-0.06441499318698941,279.5,551.0
23.787486,120.704519,3.0,5,-0.1568080173249752,279.5,551.0
23.787486,120.704519,3.0,6,0.10874943806413356,44.0,65.5
23.787486,120.704519,3.0,7,-0.5162932178586368,44.0,65.5
23.787486,120.704519,3.0,8,0.16635760274846842,20.0,27.0
23.787486,120.704519,3.0,9,-0.34697811812787227,20.0,27.0
23.814836,120.700003,3.0,3,-0.06291530648194565,1612.0,5404.0
23.814836,120.700003,3.0,4,-0.057837824357826695,1612.0,5404.0
23.814836,120.700003,3.0,5,-0.14672639407773547,1687.0,6764.5
23.814836,120.700003,3.0,6,0.10069483441925099,1687.0,6764.5
23.814836,120.700003,3.0,7,-0.5226335541992825,1628.0,6026.0
23.814836,120.700003,3.0,8,0.17660040752286238,1628.0,6026.0
23.814836,120.700003,3.0,9,-0.3340251131683433,1557.5,4792.5
23.814836,120.700003,3.0,10,0.49717400366063813,1557.5,4792.5
23.830569,120.484881,3.0,3,-0.08573862358334225,1675.0,5660.0
23.830569,120.484881,3.0,4,-0.08537348100114832,1675.0,5660.0
23.830569,120.484881,3.0,5,-0.18400872504893767,1767.5,7306.0
23.830569,120.484881,3.0,6,0.19138701189682963,1767.5,7306.0
23.830569,120.484881,3.0,7,-0.4207885877325928,1733.0,6769.0
23.830569,120.484881,3.0,8,0.1855810453834232,1733.0,6769.0
23.830569,120.484881,3.0,9,-0.3131183192267682,1573.0,4875.0
23.830569,120.484881,3.0,10,0.458578827605527,1573.0,4875.0
23.882031,120.709186,3.0,2,-0.12507330965047944,1699.0,5431.5
23.882031,120.709186,3.0,3,-0.044585367181679415,1699.0,5431.5
23.882031,120.709186,3.0,4,-0.03648316511890559,1585.5,5569.0
23.882031,120.709186,3.0,5,-0.1190602881056688,1585.5,5569.0
23.882031,120.709186,3.0,6,0.019225500367283987,1726.5,7030.5
23.882031,120.709186,3.0,7,-0.6328527058124993,1726.5,7030.5
23.882031,120.709186,3.0,8,0.16450100933494807,1679.5,5994.0
23.882031,120.709186,3.0,9,-0.341071635970218,1679.5,5994.0
23.906781,120.702828,3.0,2,-0.11356418492183284,1655.0,5220.0
23.906781,120.702828,3.0,3,-0.03565344079565854,1655.0,5220.0
23.906781,120.702828,3.0,4,-0.025409712166884157,1631.5,5948.0
23.906781,120.702828,3.0,5,-0.106990908204364,1631.5,5948.0
23.906781,120.702828,3.0,6,-0.04093671887638587,1714.5,6949.5
23.906781,120.702828,3.0,7,-0.7247642827517451,1714.5,6949.5
23.906781,120.702828,3.0,8,0.14358405133169572,1643.0,5659.0
23.906781,120.702828,3.0,9,-0.35877675494838934,1643.0,5659.0
23.912769,120.49765,3.0,2,-0.15477498471503806,1634.0,5097.0
23.912769,120.49765,3.0,3,-0.06340562399430814,1634.0,5097.0
23.912769,120.49765,3.0,4,-0.06750300025084113,1663.0,6041.5
23.912769,120.49765,3.0,5,-0.14653122494290532,1663.0,6041.5
23.912769,120.49765,3.0,6,0.3264530905043732,1736.5,7098.0
23.912769,120.49765,3.0,7,-0.20066821710326804,1736.5,7098.0
23.912769,120.49765,3.0,8,0.3346750929909299,1691.5,6065.0
23.912769,120.49765,3.0,9,-0.1618812003573024,1691.5,6065.0
23.937928,120.676853,3.0,3,-0.03569569317062378,2160.5,8186.0
23.937928,120.676853,3.0,4,-0.026963312904161964,2160.5,8186.0
23.937928,120.676853,3.0,5,-0.10607994190898964,2335.5,11137.0
23.937928,120.676853,3.0,6,-0.0010620797875180827,2335.5,11137.0
23.937928,120.676853,3.0,7,-0.6623815482417691,2175.5,9796.5
23.937928,120.676853,3.0,8,0.1719444034602994,2175.5,9796.5
23.937928,120.676853,3.0,9,-0.32928917449905065,2072.5,7519.5
23.937928,120.676853,3.0,10,0.5370340647073254,2072.5,7519.5
23.955503,120.661267,4.0,3,-0.04357804664669942,1153.0,3295.0
23.955503,120.661267,4.0,4,-0.03956503410511629,1153.0,3295.0
23.955503,120.661267,4.0,5,-0.11453407126137737,1355.5,4863.0
23.955503,120.661267,4.0,6,0.12770589808816085,1355.5,4863.0
23.955503,120.661267,4.0,7,-0.4605086706284486,1186.0,4144.0
23.955503,120.661267,4.0,8,0.24458449628480433,1186.0,4144.0
23.955503,120.661267,4.0,9,-0.2577933228595275,1213.0,3501.5
23.955503,120.661267,4.0,10,0.568734283719693,1213.0,3501.5
23.957103,120.657614,4.0,3,-0.04416869912673065,1240.5,3595.5
23.957103,120.657614,4.0,4,-0.0409170882693776,1240.5,3595.5
23.957103,120.657614,4.0,5,-0.11516605993698567,1501.0,5479.5
23.957103,120.657614,4.0,6,0.14756753801205474,1501.0,5479.5
23.957103,120.657614,4.0,7,-0.43107564564335976,1315.0,4688.0
23.957103,120.657614,4.0,8,0.2571818017570695,1315.0,4688.0
23.957103,120.657614,4.0,9,-0.24474859628563128,1310.0,3835.0
23.957103,120.657614,4.0,10,0.574592258893355,1310.0,3835.0
23.971794,120.506117,3.0,3,-0.05758139566211148,1764.0,5859.5
23.971794,120.506117,3.0,4,-0.06299380599914305,1764.0,5859.5
23.971794,120.506117,3.0,5,-0.13476227314680903,1833.5,7633.5
23.971794,120.506117,3.0,6,0.36921830687567464,1833.5,7633.5
23.971794,120.506117,3.0,7,-0.11926621908398556,1728.0,7040.5
23.971794,120.506117,3.0,8,0.379973222125974,1728.0,7040.5
23.971794,120.506117,3.0,9,-0.11733626787284804,1827.5,6342.5
23.971794,120.506117,3.0,10,0.6146905956560366,1827.5,6342.5
23.985844,120.652714,4.0,3,-0.05134464627088294,1934.0,7236.0
23.985844,120.652714,4.0,4,-0.04988955246907343,1934.0,7236.0
23.985844,120.652714,4.0,5,-0.12105926389877572,2001.0,8881.5
23.985844,120.652714,4.0,6,0.20620706362541855,2001.0,8881.5
23.985844,120.652714,4.0,7,-0.3171337441987097,1892.0,7697.0
23.985844,120.652714,4.0,8,0.2832349176964068,1892.0,7697.0
23.985844,120.652714,4.0,9,-0.22468997646577482,1892.0,6564.0
23.985844,120.652714,4.0,10,0.5886317479142221,1892.0,6564.0
24.01894444,120.6631611,4.0,3,-0.09503067426819553,2406.0,9960.5
24.01894444,120.6631611,4.0,4,-0.08081778962334048,2406.0,9960.5
24.01894444,120.6631611,4.0,5,-0.1487291766772364,2535.0,12482.5
24.01894444,120.6631611,4.0,6,0.14200509775705633,2535.0,12482.5
24.01894444,120.6631611,4.0,7,-0.27287491885569526,2501.0,11458.0
24.01894444,120.6631611,4.0,8,0.2548697034638547,2501.0,11458.0
24.01894444,120.6631611,4.0,9,-0.2594729624401861,2282.0,8629.0
24.01894444,120.6631611,4.0,10,0.5611839346048393,2282.0,8629.0
24.037419,120.675925,4.0,3,-0.1045290209212127,1307.5,3978.0
24.037419,120.675925,4.0,4,-0.0872322674704635,1307.5,3978.0
24.037419,120.675925,4.0,5,-0.15424097957279354,1393.0,5048.0
24.037419,120.675925,4.0,6,0.10432931321179027,1393.0,5048.0
24.037419,120.675925,4.0,7,-0.27860186798817316,1374.5,4778.5
24.037419,120.675925,4.0,8,0.21922240656246603,1374.5,4778.5
24.037419,120.675925,4.0,9,-0.3070249602054286,1240.0,3594.5
24.037419,120.675925,4.0,10,0.5475280566891183,1240.0,3594.5
24.040639,120.522786,3.0,3,-0.06422053679176427,1819.5,6585.0
24.040639,120.522786,3.0,4,-0.06512246955116636,1819.5,6585.0
24.040639,120.522786,3.0,5,-0.13663077676212254,1916.0,8308.5
24.040639,120.522786,3.0,6,0.2785369451736969,1916.0,8308.5
24.040639,120.522786,3.0,7,-0.1924638557290355,1906.0,7786.5
24.040639,120.522786,3.0,8,0.30429492611880615,1906.0,7786.5
24.040639,120.522786,3.0,9,-0.21082674450980668,1757.0,5849.0
24.040639,120.522786,3.0,10,0.5884002807338601,1757.0,5849.0
24.040994,120.677853,4.0,3,-0.10618237347834726,1290.5,3917.5
24.040994,120.677853,4.0,4,-0.08836649796756829,1290.5,3917.5
24.040994,120.677853,4.0,5,-0.15509247455878106,1361.5,4915.0
24.040994,120.677853,4.0,6,0.09802466257425652,1361.5,4915.0
24.040994,120.677853,4.0,7,-0.27819249989584305,1344.5,4656.0
24.040994,120.677853,4.0,8,0.21296181512660947,1344.5,4656.0
24.040994,120.677853,4.0,9,-0.3156285870750593,1228.5,3555.0
24.040994,120.677853,4.0,10,0.5455244328245811,1228.5,3555.0
24.060428,120.671533,3.0,3,-0.11250066835996465,1173.5,3485.5
24.060428,120.671533,3.0,4,-0.09299197265451473,1173.5,3485.5
24.060428,120.671533,3.0,5,-0.1572675033643147,1222.0,4322.0
24.060428,120.671533,3.0,6,0.07753304012717846,1222.0,4322.0
24.060428,120.671533,3.0,7,-0.26017827258364684,1164.0,3952.5
24.060428,120.671533,3.0,8,0.18845921342861705,1164.0,3952.5
24.060428,120.671533,3.0,9,-0.35190573464060837,1131.0,3219.5
24.060428,120.671533,3.0,10,0.5419482236607768,1131.0,3219.5
24.060653,120.670964,3.0,3,-0.1125170229941483,1152.5,3411.5
24.060653,120.670964,3.0,4,-0.09301695638048155,1152.5,3411.5
24.060653,120.670964,3.0,5,-0.15725232813158616,1192.5,4197.0
24.060653,120.670964,3.0,6,0.07771025983509307,1192.5,4197.0
24.060653,120.670964,3.0,7,-0.2595767738679789,1133.0,3825.0
24.060653,120.670964,3.0,8,0.18848646188192628,1133.0,3825.0
24.060653,120.670964,3.0,9,-0.3519576421934988,1100.5,3114.5
24.060653,120.670964,3.0,10,0.542072154130258,1100.5,3114.5
24.067778,120.652361,4.0,3,-0.11316143728092748,1280.5,3772.5
24.067778,120.652361,4.0,4,-0.09392348463801292,1280.5,3772.5
24.067778,120.652361,4.0,5,-0.15719044121153125,1306.5,4681.5
24.067778,120.652361,4.0,6,0.0846019608015154,1306.5,4681.5
24.067778,120.652361,4.0,7,-0.24168212003093387,1211.0,4236.0
24.067778,120.652361,4.0,8,0.19104503723522392,1211.0,4236.0
24.067778,120.652361,4.0,9,-0.3510297639578631,1233.0,3570.0
24.067778,120.652361,4.0,10,0.5455059995048129,1233.0,3570.0
24.067958,120.651433,4.0,3,-0.11314461550497505,1247.0,3656.5
24.067958,120.651433,4.0,4,-0.09393852000501107,1247.0,3656.5
24.067958,120.651433,4.0,5,-0.157197598463641,1269.5,4524.5
24.067958,120.651433,4.0,6,0.08532603091614907,1269.5,4524.5
24.067958,120.651433,4.0,7,-0.2408984888816633,1179.5,4103.5
24.067958,120.651433,4.0,8,0.1915893772439042,1179.5,4103.5
24.067958,120.651433,4.0,9,-0.3503903823634921,1200.0,3456.5
24.067958,120.651433,4.0,10,0.5457085342295528,1200.0,3456.5
24.070333,120.639711,3.0,3,-0.11304486701611859,1813.5,6218.0
24.070333,120.639711,3.0,4,-0.09422158418415652,1813.5,6218.0
24.070333,120.639711,3.0,5,-0.1574944862737704,1845.0,7829.5
24.070333,120.639711,3.0,6,0.0948784997635292,1845.0,7829.5
24.070333,120.639711,3.0,7,-0.23133470246600116,1721.5,6929.0
24.070333,120.639711,3.0,8,0.1990192096145642,1721.5,6929.0
24.070333,120.639711,3.0,9,-0.3414718740117124,1761.0,5870.0
24.070333,120.639711,3.0,10,0.5480214254279947,1761.0,5870.0
24.085622,120.52785,4.0,2,-0.20185254710808126,2121.5,7604.5
24.085622,120.52785,4.0,3,-0.11990009754929391,2121.5,7604.5
24.085622,120.52785,4.0,4,-0.10220387180194425,1959.5,7848.5
24.085622,120.52785,4.0,5,-0.17157460598930666,1959.5,7848.5
24.085622,120.52785,4.0,6,0.1654582090308736,2207.5,10274.0
24.085622,120.52785,4.0,7,-0.19480583884081729,2207.5,10274.0
24.085622,120.52785,4.0,8,0.2616606600078363,2065.5,8281.0
24.085622,120.52785,4.0,9,-0.25640660712187396,2065.5,8281.0
24.102525,120.578747,3.0,3,-0.12230696235420589,2408.0,9238.5
24.102525,120.578747,3.0,4,-0.1020325861035294,2408.0,9238.5
24.102525,120.578747,3.0,5,-0.16763126584626278,2549.5,12258.0
24.102525,120.578747,3.0,6,0.108995373611842,2549.5,12258.0
24.102525,120.578747,3.0,7,-0.2137512523193388,2405.5,11609.0
24.102525,120.578747,3.0,8,0.2115455895521301,2405.5,11609.0
24.102525,120.578747,3.0,9,-0.32519829534588557,2415.5,9562.5
24.102525,120.578747,3.0,10,0.5393685798851737,2415.5,9562.5
24.113572,120.568131,3.0,3,-0.12615981634573328,1761.5,5851.0
24.113572,120.568131,3.0,4,-0.10479965355108993,1761.5,5851.0
24.113572,120.568131,3.0,5,-0.1712727372557044,2001.0,8771.0
24.113572,120.568131,3.0,6,0.10286671530926701,2001.0,8771.0
24.113572,120.568131,3.0,7,-0.21820117051790786,1819.5,7657.5
24.113572,120.568131,3.0,8,0.20759981242120923,1819.5,7657.5
24.113572,120.568131,3.0,9,-0.3295910086135164,1881.5,6609.0
24.113572,120.568131,3.0,10,0.5332258964221402,1881.5,6609.0
24.119011,120.536692,3.0,3,-0.12977472594893416,1082.5,3042.0
24.119011,120.536692,3.0,4,-0.10807529410315458,1082.5,3042.0
24.119011,120.536692,3.0,5,-0.17734634273519784,1217.0,4239.0
24.119011,120.536692,3.0,6,0.1172592998840891,1217.0,4239.0
24.119011,120.536692,3.0,7,-0.2192426244456395,1075.0,3698.0
24.119011,120.536692,3.0,8,0.22303280417540744,1075.0,3698.0
24.119011,120.536692,3.0,9,-0.30674304516953976,1130.5,3275.0
24.119011,120.536692,3.0,10,0.5272329545475707,1130.5,3275.0
24.120947,120.534547,3.0,3,-0.13052885444804885,1066.0,2985.0
24.120947,120.534547,3.0,4,-0.10861435950157637,1066.0,2985.0
24.120947,120.534547,3.0,5,-0.17809165316475944,1316.5,4655.0
24.120947,120.534547,3.0,6,0.11606879061366572,1316.5,4655.0
24.120947,120.534547,3.0,7,-0.2204256628482128,1129.0,3927.5
24.120947,120.534547,3.0,8,0.22234363607348512,1129.0,3927.5
24.120947,120.534547,3.0,9,-0.30743231512696445,1132.0,3280.5
24.120947,120.534547,3.0,10,0.5259472286893554,1132.0,3280.5
24.130767,120.617247,3.0,3,-0.12821944004841243,1817.5,6455.0
24.130767,120.617247,3.0,4,-0.10409910023163202,1817.5,6455.0
24.130767,120.617247,3.0,5,-0.1633043677788455,1920.0,8335.0
24.130767,120.617247,3.0,6,0.020866519868518264,1920.0,8335.0
24.130767,120.617247,3.0,7,-0.23104369314977866,1892.5,7792.5
24.130767,120.617247,3.0,8,0.12626423205287338,1892.5,7792.5
24.130767,120.617247,3.0,9,-0.44173257725307213,1741.0,5764.5
24.130767,120.617247,3.0,10,0.5294794352817636,1741.0,5764.5
24.163706,120.621933,3.0,2,-0.20728420382581664,1760.5,5807.5
24.163706,120.621933,3.0,3,-0.1351181703385916,1760.5,5807.5
24.163706,120.621933,3.0,4,-0.10846565364066008,1782.5,7113.5
24.163706,120.621933,3.0,5,-0.16681038916066415,1782.5,7113.5
24.163706,120.621933,3.0,6,-0.008194120204319406,1950.0,8537.5
24.163706,120.621933,3.0,7,-0.2359807559113299,1950.0,8537.5
24.163706,120.621933,3.0,8,0.10089778609854931,1795.5,6335.5
24.163706,120.621933,3.0,9,-0.4765330953803222,1795.5,6335.5
24.177831,120.548244,3.0,2,-0.22414686297997607,1793.0,5915.0
24.177831,120.548244,3.0,3,-0.14676635298156732,1793.0,5915.0
24.177831,120.548244,3.0,4,-0.11883433708485582,1600.0,5656.0
24.177831,120.548244,3.0,5,-0.18880472817347194,1600.0,5656.0
24.177831,120.548244,3.0,6,0.05891794791077498,1908.5,8257.5
24.177831,120.548244,3.0,7,-0.24441439386951086,1908.5,8257.5
24.177831,120.548244,3.0,8,0.1793811700297165,1656.5,5857.5
24.177831,120.548244,3.0,9,-0.36480316404106,1656.5,5857.5
24.184592,120.635611,3.0,3,-0.13980931265117305,606.0,1518.5
24.184592,120.635611,3.0,4,-0.11146097972888117,606.0,1518.5
24.184592,120.635611,3.0,5,-0.16967228680023658,257.5,635.0
24.184592,120.635611,3.0,6,-0.02389036818116781,257.5,635.0
24.184592,120.635611,3.0,7,-0.2395752638623014,1662.0,6387.0
24.184592,120.635611,3.0,8,0.08861855633087977,1662.0,6387.0
24.184592,120.635611,3.0,9,-0.4935325204378096,1265.0,3680.0
24.184592,120.635611,3.0,10,0.5142989786517953,1265.0,3680.0
24.231536,120.686625,3.0,2,-0.23656337573268027,1900.0,6465.0
24.231536,120.686625,3.0,3,-0.16407596720696466,1900.0,6465.0
24.231536,120.686625,3.0,4,-0.12863185479902103,1783.5,6775.5
24.231536,120.686625,3.0,5,-0.19506066944258185,1783.5,6775.5
24.231536,120.686625,3.0,6,-0.02705415493825017,1949.0,8531.0
24.231536,120.686625,3.0,7,-0.2605490109816036,1949.0,8531.0
24.231536,120.686625,3.0,8,0.10987948637599693,1812.5,6782.0
24.231536,120.686625,3.0,9,-0.4634034097864955,1812.5,6782.0
24.234647,120.593306,3.0,2,-0.2397635756930538,1740.0,5679.5
24.234647,120.593306,3.0,3,-0.16467636445872225,1740.0,5679.5
24.234647,120.593306,3.0,4,-0.13028130401572346,1591.0,5780.0
24.234647,120.593306,3.0,5,-0.2010340362935192,1591.0,5780.0
24.234647,120.593306,3.0,6,0.010714657360392565,1763.5,7280.0
24.234647,120.593306,3.0,7,-0.25895693995443214,1763.5,7280.0
24.234647,120.593306,3.0,8,0.14741266203591807,1685.5,5843.0
24.234647,120.593306,3.0,9,-0.4099406979664246,1685.5,5843.0
24.262647,120.691956,4.0,2,-0.30820921447353616,2072.0,7373.5
24.262647,120.691956,4.0,3,-0.24043489529183,2072.0,7373.5
24.262647,120.691956,4.0,4,-0.20546579606960683,2040.0,8485.5
24.262647,120.691956,4.0,5,-0.2556069521859934,2040.0,8485.5
24.262647,120.691956,4.0,6,-0.05616772101997801,2151.0,9893.0
24.262647,120.691956,4.0,7,-0.2387194225191023,2151.0,9893.0
24.262647,120.691956,4.0,8,0.1300069448684329,2037.5,7941.5
24.262647,120.691956,4.0,9,-0.43540170205358725,2037.5,7941.5
24.269464,120.590806,3.0,2,-0.25628265760782765,1717.5,5535.0
24.269464,120.590806,3.0,3,-0.18084174675070147,1717.5,5535.0
24.269464,120.590806,3.0,4,-0.1417104573546489,1086.5,3465.0
24.269464,120.590806,3.0,5,-0.2170162511716557,1086.5,3465.0
24.269464,120.590806,3.0,6,0.004440473718026641,2280.5,10766.0
24.269464,120.590806,3.0,7,-0.26856312179630515,2280.5,10766.0
24.269464,120.590806,3.0,8,0.15567642225602368,1764.5,6452.5
24.269464,120.590806,3.0,9,-0.3986325009283527,1764.5,6452.5
24.292881,120.601964,3.0,2,-0.2686085759099494,1800.5,8141.5
24.292881,120.601964,3.0,3,-0.19332583316957022,1800.5,8141.5
24.292881,120.601964,3.0,4,-0.1503282182914211,1686.5,8777.0
24.292881,120.601964,3.0,5,-0.22837819956152314,1686.5,8777.0
24.292881,120.601964,3.0,6,-0.005529992555053631,1863.0,10972.5
24.292881,120.601964,3.0,7,-0.2745264206404434,1863.0,10972.5
24.292881,120.601964,3.0,8,0.15714537123921685,1743.0,8831.5
24.292881,120.601964,3.0,9,-0.39747305603743743,1743.0,8831.5
24.301186,120.697325,3.0,2,-0.34636527165471437,1691.5,5447.5
24.301186,120.697325,3.0,3,-0.2788103669449064,1691.5,5447.5
24.301186,120.697325,3.0,4,-0.23765991196665712,1720.0,6711.0
24.301186,120.697325,3.0,5,-0.29118972558634043,1720.0,6711.0
24.301186,120.697325,3.0,6,-0.07121471962371352,1816.0,7634.5
24.301186,120.697325,3.0,7,-0.24960232476543123,1816.0,7634.5
24.301186,120.697325,3.0,8,0.14245394118114488,1759.0,6133.0
24.301186,120.697325,3.0,9,-0.4162158126069679,1759.0,6133.0
24.334719,120.635578,3.0,3,-0.2961626149730363,1672.5,5675.5
24.334719,120.635578,3.0,4,-0.2529784133946355,1672.5,5675.5
24.334719,120.635578,3.0,5,-0.3076828294605924,1807.5,7576.5
24.334719,120.635578,3.0,6,-0.07037204703327722,1807.5,7576.5
24.334719,120.635578,3.0,7,-0.24951019035348118,1720.0,6664.5
24.334719,120.635578,3.0,8,0.1545925146250093,1720.0,6664.5
24.334719,120.635578,3.0,9,-0.3988588509172001,1587.0,4948.5
24.334719,120.635578,3.0,10,0.328552193772081,1587.0,4948.5
24.339147,120.72085,3.0,3,-0.32349647558940725,1669.5,5751.5
24.339147,120.72085,3.0,4,-0.2738955489870651,1669.5,5751.5
24.339147,120.72085,3.0,5,-0.3317564015753194,1731.5,7063.5
24.339147,120.72085,3.0,6,-0.09796753828047818,1731.5,7063.5
24.339147,120.72085,3.0,7,-0.2630052991953916,1655.0,6148.5
24.339147,120.72085,3.0,8,0.14783559720043074,1655.0,6148.5
24.339147,120.72085,3.0,9,-0.40722179921217083,1507.0,4525.0
24.339147,120.72085,3.0,10,0.2933323584555365,1507.0,4525.0
24.341119,120.651567,3.0,3,-0.3052334519904716,1656.5,5637.0
24.341119,120.651567,3.0,4,-0.2600507035773328,1656.5,5637.0
24.341119,120.651567,3.0,5,-0.3157072721319413,1752.5,7205.5
24.341119,120.651567,3.0,6,-0.07863747373447526,1752.5,7205.5
24.341119,120.651567,3.0,7,-0.2532633077240193,1682.0,6400.5
24.341119,120.651567,3.0,8,0.15298493002027314,1682.0,6400.5
24.341119,120.651567,3.0,9,-0.40075655358048706,1598.0,5007.0
24.341119,120.651567,3.0,10,0.3169711234525478,1598.0,5007.0
24.420514,120.775731,3.0,3,-0.4338113532808608,1648.5,5252.0
24.420514,120.775731,3.0,4,-0.3575756025331396,1648.5,5252.0
24.420514,120.775731,3.0,5,-0.4301389642321167,1863.0,7828.5
24.420514,120.775731,3.0,6,-0.1793808789048434,1863.0,7828.5
24.420514,120.775731,3.0,7,-0.2914525598951926,1619.5,6309.0
24.420514,120.775731,3.0,8,0.1505775343406355,1619.5,6309.0
24.420514,120.775731,3.0,9,-0.40648125033990096,1662.5,5449.5
24.420514,120.775731,3.0,10,0.1596264024231509,1662.5,5449.5
24.467308,120.681217,3.0,2,-0.49712001188291277,1729.0,5566.5
24.467308,120.681217,3.0,3,-0.4322798844441967,1729.0,5566.5
24.467308,120.681217,3.0,4,-0.35857418784503214,1620.0,5737.5
24.467308,120.681217,3.0,5,-0.4290781444064793,1620.0,5737.5
24.467308,120.681217,3.0,6,-0.17266165716623758,1685.5,6754.5
24.467308,120.681217,3.0,7,-0.28818725233042136,1685.5,6754.5
24.467308,120.681217,3.0,8,0.15267432135653156,1657.5,5883.5
24.467308,120.681217,3.0,9,-0.40154946868648417,1657.5,5883.5
24.467308,120.681217,3.0,10,0.16061619275110905,1484.5,4435.0
24.467308,120.681217,3.0,11,0.07707552338593264,1484.5,4435.0
24.485919,120.781903,3.0,2,-0.5864477782923734,1719.0,5542.5
24.485919,120.781903,3.0,3,-0.5236220052548375,1719.0,5542.5
24.485919,120.781903,3.0,4,-0.4164742495832323,1615.5,5793.0
24.485919,120.781903,3.0,5,-0.5091360952148061,1615.5,5793.0
24.485919,120.781903,3.0,6,-0.25502963992622,1820.0,7661.0
24.485919,120.781903,3.0,7,-0.3091069482723614,1820.0,7661.0
24.485919,120.781903,3.0,8,0.1557745079331643,1734.0,6273.0
24.485919,120.781903,3.0,9,-0.4138729342167489,1734.0,6273.0
24.531125,120.733253,3.0,3,-0.5312093681205012,1822.5,6162.0
24.531125,120.733253,3.0,4,-0.4240857250059415,1822.5,6162.0
24.531125,120.733253,3.0,5,-0.5159690710468519,1864.5,7765.0
24.531125,120.733253,3.0,6,-0.259013364567306,1864.5,7765.0
24.531125,120.733253,3.0,7,-0.3104404862619143,1707.0,6898.0
24.531125,120.733253,3.0,8,0.1544253166458955,1707.0,6898.0
24.531125,120.733253,3.0,9,-0.41371747866225533,1609.0,5178.5
24.531125,120.733253,3.0,10,0.0487949265533469,1609.0,5178.5
24.550442,120.838925,3.0,3,-0.6660270760047969,1680.0,5667.5
24.550442,120.838925,3.0,4,-0.5032048323021477,1680.0,5667.5
24.550442,120.838925,3.0,5,-0.6274370020966433,1590.0,6109.5
24.550442,120.838925,3.0,6,-0.36059409277517485,1590.0,6109.5
24.550442,120.838925,3.0,7,-0.28241786795027163,1567.0,5722.0
24.550442,120.838925,3.0,8,0.2052245489708324,1567.0,5722.0
24.550442,120.838925,3.0,9,-0.3959249881333569,1842.5,6301.5
24.550442,120.838925,3.0,10,-0.07950432829376049,1842.5,6301.5
24.579642,120.764417,3.0,3,-0.5951791751234077,1580.0,4983.5
24.579642,120.764417,3.0,4,-0.4620100269400017,1580.0,4983.5
24.579642,120.764417,3.0,5,-0.5718784134813208,1626.0,6353.0
24.579642,120.764417,3.0,6,-0.3171616106119817,1626.0,6353.0
24.579642,120.764417,3.0,7,-0.3225188818897641,1497.0,5391.0
24.579642,120.764417,3.0,8,0.15986293466100368,1497.0,5391.0
24.579642,120.764417,3.0,9,-0.421596840828036,1519.0,4588.5
24.579642,120.764417,3.0,10,-0.019294870279330394,1519.0,4588.5
24.627161,120.814006,3.0,3,-0.6512217558682537,1674.5,5616.5
24.627161,120.814006,3.0,4,-0.5243260600739542,1674.5,5616.5
24.627161,120.814006,3.0,5,-0.6106158499145462,1762.0,7270.0
24.627161,120.814006,3.0,6,-0.31944714417547343,1762.0,7270.0
24.627161,120.814006,3.0,7,-0.25237443890614425,1612.0,6062.5
24.627161,120.814006,3.0,8,0.20031363151109127,1612.0,6062.5
24.627161,120.814006,3.0,9,-0.37401367994025675,1550.0,4753.0
24.627161,120.814006,3.0,10,-0.08084394301198988,1550.0,4753.0
24.632728,121.806958,2.0,3,-0.8689106504534236,988.0,2718.0
24.632728,121.806958,2.0,4,-0.9237352990554075,988.0,2718.0
24.632728,121.806958,2.0,5,-0.9339242980710695,1053.5,3555.0
24.632728,121.806958,2.0,6,-0.8933606917723581,1053.5,3555.0
24.632728,121.806958,2.0,7,-0.3076591841778973,971.5,3258.5
24.632728,121.806958,2.0,8,-0.17867811472339318,971.5,3258.5
24.632728,121.806958,2.0,9,-0.7291285067530414,979.0,2745.0
24.632728,121.806958,2.0,10,-0.396616658574408,979.0,2745.0
24.655964,120.838242,3.0,3,-0.7028474215363513,1558.5,4975.0
24.655964,120.838242,3.0,4,-0.5979172513023339,1558.5,4975.0
24.655964,120.838242,3.0,5,-0.644329105916345,1739.0,7115.0
24.655964,120.838242,3.0,6,-0.390217616069397,1739.0,7115.0
24.655964,120.838242,3.0,7,-0.28012317874446646,1678.5,6495.0
24.655964,120.838242,3.0,8,0.16475991140855464,1678.5,6495.0
24.655964,120.838242,3.0,9,-0.36898406470517614,1650.0,5282.5
24.655964,120.838242,3.0,10,-0.1615300721164424,1650.0,5282.5
24.662581,121.799908,2.0,3,-0.8704980233543312,1032.0,2919.5
24.662581,121.799908,2.0,4,-0.9007270135909294,1032.0,2919.5
24.662581,121.799908,2.0,5,-0.9156955300404392,1087.5,3750.5
24.662581,121.799908,2.0,6,-0.8669507995962923,1087.5,3750.5
24.662581,121.799908,2.0,7,-0.2611551097714092,1048.0,3519.5
24.662581,121.799908,2.0,8,-0.1459087861512478,1048.0,3519.5
24.662581,121.799908,2.0,9,-0.6572773294746249,975.0,2683.0
24.662581,121.799908,2.0,10,-0.36892280970425756,975.0,2683.0
24.67931667,120.9042667,3.0,3,-0.7237906110744614,1622.5,5136.5
24.67931667,120.9042667,3.0,4,-0.6577695052957384,1622.5,5136.5
24.67931667,120.9042667,3.0,5,-0.6595468997342978,1944.5,8451.0
24.67931667,120.9042667,3.0,6,-0.38735410782377355,1944.5,8451.0
24.67931667,120.9042667,3.0,7,-0.2812972922238807,1633.0,6359.0
24.67931667,120.9042667,3.0,8,0.1322625805563138,1633.0,6359.0
24.67931667,120.9042667,3.0,9,-0.36170078613823853,1649.0,5276.0
24.67931667,120.9042667,3.0,10,-0.21907554060702178,1649.0,5276.0
24.698006,120.860086,3.0,2,-0.7429735875451942,1649.5,5191.5
24.698006,120.860086,3.0,3,-0.7188476067545931,1649.5,5191.5
24.698006,120.860086,3.0,4,-0.6464788080545825,1627.5,5923.0
24.698006,120.860086,3.0,5,-0.655298535545152,1627.5,5923.0
24.698006,120.860086,3.0,6,-0.3868920915648947,1734.5,7082.0
24.698006,120.860086,3.0,7,-0.279218197638708,1734.5,7082.0
24.698006,120.860086,3.0,8,0.13933244057466557,1655.0,5728.5
24.698006,120.860086,3.0,9,-0.3612773214951269,1655.0,5728.5
24.710683,121.789461,2.0,3,-0.8759030297265062,909.5,2544.5
24.710683,121.789461,2.0,4,-0.8747669999885508,909.5,2544.5
24.710683,121.789461,2.0,5,-0.8989865038386141,1058.0,3625.0
24.710683,121.789461,2.0,6,-0.8502553674050222,1058.0,3625.0
24.710683,121.789461,2.0,7,-0.21111072415258753,959.0,3109.0
24.710683,121.789461,2.0,8,-0.1398004598818409,959.0,3109.0
24.710683,121.789461,2.0,9,-0.5982573673203483,925.5,2512.0
24.710683,121.789461,2.0,10,-0.3457077980330779,925.5,2512.0
24.711028,121.789478,2.0,3,-0.8759496670358514,981.0,2799.5
24.711028,121.789478,2.0,4,-0.8746502291459906,981.0,2799.5
24.711028,121.789478,2.0,5,-0.8989339833588873,1119.0,3884.5
24.711028,121.789478,2.0,6,-0.8502553831592292,1119.0,3884.5
24.711028,121.789478,2.0,7,-0.21089394028888975,1058.0,3516.0
24.711028,121.789478,2.0,8,-0.13994830043993176,1058.0,3516.0
24.711028,121.789478,2.0,9,-0.598116380546584,1006.0,2789.0
24.711028,121.789478,2.0,10,-0.3456491538997145,1006.0,2789.0
24.711383,120.889639,3.0,2,-0.7547218157834676,1611.5,5012.0
24.711383,120.889639,3.0,3,-0.7322593823188074,1611.5,5012.0
24.711383,120.889639,3.0,4,-0.6785501977478509,1588.5,5765.0
24.711383,120.889639,3.0,5,-0.6673119816013273,1588.5,5765.0
24.711383,120.889639,3.0,6,-0.3882073438627166,1730.0,7054.5
24.711383,120.889639,3.0,7,-0.2871173443797707,1730.0,7054.5
24.711383,120.889639,3.0,8,0.11578014529309989,1623.5,5488.5
24.711383,120.889639,3.0,9,-0.36602892109317553,1623.5,5488.5
24.727131,120.951897,3.0,4,-0.7909937074371266,1738.5,6285.0
24.727131,120.951897,3.0,5,-0.7376377947260095,1738.5,6285.0
24.727131,120.951897,3.0,6,-0.42935486784714233,1908.0,8253.0
24.727131,120.951897,3.0,7,-0.3130946011290729,1908.0,8253.0
24.727131,120.951897,3.0,8,0.08616973104597388,1796.0,6870.5
24.727131,120.951897,3.0,9,-0.3712525215904121,1796.0,6870.5
24.727131,120.951897,3.0,10,-0.4265362130374684,1745.5,5788.0
24.727131,120.951897,3.0,11,-0.29242615239402764,1745.5,5788.0
24.733789,121.782022,1.0,2,-0.493373520626818,1595.5,4905.5
24.733789,121.782022,1.0,3,-0.8805444583387774,1595.5,4905.5
24.733789,121.782022,1.0,4,-0.8667630400140443,1537.5,5313.0
24.733789,121.782022,1.0,5,-0.8970272661463228,1537.5,5313.0
24.733789,121.782022,1.0,6,-0.8560739670642297,1702.5,6868.5
24.733789,121.782022,1.0,7,-0.197431563458261,1702.5,6868.5
24.733789,121.782022,1.0,8,-0.1633973701016634,1592.5,5440.5
24.733789,121.782022,1.0,9,-0.5983712288062873,1592.5,5440.5
24.753094,120.945675,3.0,3,-0.8150627187357259,1652.5,5535.0
24.753094,120.945675,3.0,4,-0.8139732589999563,1652.5,5535.0
24.753094,120.945675,3.0,5,-0.747153096206645,1753.5,7213.0
24.753094,120.945675,3.0,6,-0.4291467446918555,1753.5,7213.0
24.753094,120.945675,3.0,7,-0.3365134360667991,1724.5,6714.5
24.753094,120.945675,3.0,8,0.04004420379409817,1724.5,6714.5
24.753094,120.945675,3.0,9,-0.40140457164981636,1575.0,4885.0
24.753094,120.945675,3.0,10,-0.45162335586883273,1575.0,4885.0
24.755811,120.997269,4.0,3,-0.8198318446867394,1951.5,6825.0
24.755811,120.997269,4.0,4,-0.8294447667308475,1951.5,6825.0
24.755811,120.997269,4.0,5,-0.7521511787245366,1982.0,8508.5
24.755811,120.997269,4.0,6,-0.4287168971024615,1982.0,8508.5
24.755811,120.997269,4.0,7,-0.3433263019256022,2008.0,8928.0
24.755811,120.997269,4.0,8,0.022135574652595025,2008.0,8928.0
24.755811,120.997269,4.0,9,-0.4092664792424518,1844.0,6480.5
24.755811,120.997269,4.0,10,-0.467904802704196,1844.0,6480.5
24.757914,120.972267,3.0,4,-0.8337495361024568,1607.0,5495.5
24.757914,120.972267,3.0,5,-0.7552166796790201,1607.0,5495.5
24.757914,120.972267,3.0,6,-0.42886603871058165,1818.0,7647.5
24.757914,120.972267,3.0,7,-0.3559338586469623,1818.0,7647.5
24.757914,120.972267,3.0,8,0.0013909299400397947,1616.0,5812.5
24.757914,120.972267,3.0,9,-0.42623900922455316,1616.0,5812.5
24.757914,120.972267,3.0,10,-0.4729448926170466,1554.5,4776.5
24.757914,120.972267,3.0,11,-0.306597484921775,1554.5,4776.5
24.758442,121.030425,3.0,2,-0.8196891763088593,1789.5,5877.0
24.758442,121.030425,3.0,3,-0.8180012059888401,1789.5,5877.0
24.758442,121.030425,3.0,4,-0.8149149787832868,1857.5,7173.0
24.758442,121.030425,3.0,5,-0.7430589183899969,1857.5,7173.0
24.758442,121.030425,3.0,6,-0.4283736010290373,1897.0,8180.5
24.758442,121.030425,3.0,7,-0.3087789545042579,1897.0,8180.5
24.758442,121.030425,3.0,8,0.08036049217636987,1844.5,6996.0
24.758442,121.030425,3.0,9,-0.3630683844397075,1844.5,6996.0
24.758442,121.030425,3.0,10,-0.4512658909045869,1519.5,4591.5
24.758442,121.030425,3.0,11,-0.3064958351581448,1519.5,4591.5
24.763586,120.998861,3.0,3,-0.8216862706645935,1176.0,3351.5
24.763586,120.998861,3.0,4,-0.8375383268725994,1176.0,3351.5
24.763586,120.998861,3.0,5,-0.7558287422601448,1232.0,4237.5
24.763586,120.998861,3.0,6,-0.42864158023745325,1232.0,4237.5
24.763586,120.998861,3.0,7,-0.3536736229625102,1200.5,4231.0
24.763586,120.998861,3.0,8,0.0027800947947371605,1200.5,4231.0
24.763586,120.998861,3.0,9,-0.42277118850997886,1177.0,3478.0
24.763586,120.998861,3.0,10,-0.4767531018667542,1177.0,3478.0
24.764414,120.999897,4.0,3,-0.8218065780722023,1334.5,3892.0
24.764414,120.999897,4.0,4,-0.8379279980009119,1334.5,3892.0
24.764414,120.999897,4.0,5,-0.7559542788794362,1358.5,4758.5
24.764414,120.999897,4.0,6,-0.42862790309581694,1358.5,4758.5
24.764414,120.999897,4.0,7,-0.3538408858895067,1325.5,4762.0
24.764414,120.999897,4.0,8,0.002334641846854661,1325.5,4762.0
24.764414,120.999897,4.0,9,-0.4229673294031592,1311.0,3953.5
24.764414,120.999897,4.0,10,-0.4771642907641954,1311.0,3953.5
24.783944,121.003725,3.0,3,-0.8255657864202666,1102.5,3311.5
24.783944,121.003725,3.0,4,-0.8547596384688122,1102.5,3311.5
24.783944,121.003725,3.0,5,-0.7637623780439547,1318.0,5204.5
24.783944,121.003725,3.0,6,-0.428486682200272,1318.0,5204.5
24.783944,121.003725,3.0,7,-0.376388847236118,1239.0,4166.5
24.783944,121.003725,3.0,8,-0.03943657008204265,1239.0,4166.5
24.783944,121.003725,3.0,9,-0.4524656649298264,1188.0,3415.0
24.783944,121.003725,3.0,10,-0.4955919207715036,1188.0,3415.0
24.789622,121.005247,3.0,3,-0.8261063253831095,1984.0,7355.0
24.789622,121.005247,3.0,4,-0.8569650403893703,1984.0,7355.0
24.789622,121.005247,3.0,5,-0.7647059182464386,2056.5,9255.5
24.789622,121.005247,3.0,6,-0.4284485579595102,2056.5,9255.5
24.789622,121.005247,3.0,7,-0.3788274411353195,2028.0,8690.5
24.789622,121.005247,3.0,8,-0.04415243302356479,2028.0,8690.5
24.789622,121.005247,3.0,9,-0.45563222458063585,1864.0,6414.0
24.789622,121.005247,3.0,10,-0.4979892447701182,1864.0,6414.0
24.791439,121.125997,3.0,3,-0.8170704346702967,1792.5,6315.0
24.791439,121.125997,3.0,4,-0.7815146701822243,1792.5,6315.0
24.791439,121.125997,3.0,5,-0.7165808965653964,1900.0,8200.5
24.791439,121.125997,3.0,6,-0.4250822322433654,1900.0,8200.5
24.791439,121.125997,3.0,7,-0.19362769826008852,1842.5,7471.5
24.791439,121.125997,3.0,8,0.2662118950667047,1842.5,7471.5
24.791439,121.125997,3.0,9,-0.20793901702081913,1719.0,5647.5
24.791439,121.125997,3.0,10,-0.40965649923604713,1719.0,5647.5
24.797339,121.179128,3.0,2,-0.7384009836279725,1758.5,5750.0
24.797339,121.179128,3.0,3,-0.817450488833694,1758.5,5750.0
24.797339,121.179128,3.0,4,-0.7888629742078463,1697.0,6333.5
24.797339,121.179128,3.0,5,-0.693919591916015,1697.0,6333.5
24.797339,121.179128,3.0,6,-0.412505272656884,1869.0,7990.5
24.797339,121.179128,3.0,7,-0.049539674754679394,1869.0,7990.5
24.797339,121.179128,3.0,8,0.4580255476639512,1781.5,6500.5
24.797339,121.179128,3.0,9,0.001302265145735968,1781.5,6500.5
24.808453,121.010306,3.0,2,-0.8436119491696542,1131.0,3177.5
24.808453,121.010306,3.0,3,-0.825713116597722,1131.0,3177.5
24.808453,121.010306,3.0,4,-0.8527772573789795,1114.0,3633.5
24.808453,121.010306,3.0,5,-0.7618661617932042,1114.0,3633.5
24.808453,121.010306,3.0,6,-0.42827763119865436,1251.0,4445.5
24.808453,121.010306,3.0,7,-0.3673979791803727,1251.0,4445.5
24.808453,121.010306,3.0,8,-0.025209765530648538,1190.0,3668.5
24.808453,121.010306,3.0,9,-0.44041197912037944,1190.0,3668.5
24.816364,121.200339,3.0,4,-0.7823138696190745,2058.5,8249.0
24.816364,121.200339,3.0,5,-0.6883531044366835,2058.5,8249.0
24.816364,121.200339,3.0,6,-0.40971171808635415,2189.0,10149.0
24.816364,121.200339,3.0,7,-0.024899465048958347,2189.0,10149.0
24.816364,121.200339,3.0,8,0.49633597784491956,2212.0,9347.0
24.816364,121.200339,3.0,9,0.03443998880755562,2212.0,9347.0
24.816364,121.200339,3.0,10,-0.3654408282915458,1780.0,5970.5
24.816364,121.200339,3.0,11,-0.30873158171883236,1780.0,5970.5
24.823656,121.786347,2.0,3,-0.8743206809650617,1590.5,5169.0
24.823656,121.786347,2.0,4,-0.8508545007120376,1590.5,5169.0
24.823656,121.786347,2.0,5,-0.8759937561911226,1709.0,6912.5
24.823656,121.786347,2.0,6,-0.8067322976704057,1709.0,6912.5
24.823656,121.786347,2.0,7,-0.16215025832375582,1727.5,6755.0
24.823656,121.786347,2.0,8,-0.07246015176558,1727.5,6755.0
24.823656,121.786347,2.0,9,-0.4980152737425681,1603.0,5033.5
24.823656,121.786347,2.0,10,-0.3061002891116552,1603.0,5033.5
24.842714,121.789183,2.0,2,-0.5466641113312992,1581.5,4876.5
24.842714,121.789183,2.0,3,-0.8711725870380469,1581.5,4876.5
24.842714,121.789183,2.0,4,-0.846849192922218,1512.5,5391.5
24.842714,121.789183,2.0,5,-0.8687037676353853,1512.5,5391.5
24.842714,121.789183,2.0,6,-0.7867794289603464,1691.5,6795.0
24.842714,121.789183,2.0,7,-0.1515242752249129,1691.5,6795.0
24.842714,121.789183,2.0,8,-0.03254692968820833,1532.5,4852.0
24.842714,121.789183,2.0,9,-0.46010115194256734,1532.5,4852.0
24.848719,121.019031,3.0,3,-0.8216500351022205,1872.0,6733.5
24.848719,121.019031,3.0,4,-0.8240297805229514,1872.0,6733.5
24.848719,121.019031,3.0,5,-0.7446296657668282,1982.0,8752.5
24.848719,121.019031,3.0,6,-0.4275707217855203,1982.0,8752.5
24.848719,121.019031,3.0,7,-0.3035341566067548,1995.0,8478.0
24.848719,121.019031,3.0,8,0.08336842660897681,1995.0,8478.0
24.848719,121.019031,3.0,9,-0.3557872441743662,1827.5,6222.5
24.848719,121.019031,3.0,10,-0.46104440266856966,1827.5,6222.5
24.856558,121.208581,3.0,4,-0.7765109690159526,1666.0,5860.5
24.856558,121.208581,3.0,5,-0.683136101990933,1666.0,5860.5
24.856558,121.208581,3.0,6,-0.4043974197434298,1704.0,6879.0
24.856558,121.208581,3.0,7,5.32550923805897e-05,1704.0,6879.0
24.856558,121.208581,3.0,8,0.5344346906198092,1760.5,6653.5
24.856558,121.208581,3.0,9,0.06578006735980947,1760.5,6653.5
24.856558,121.208581,3.0,10,-0.35487805033088077,1605.0,5044.0
24.856558,121.208581,3.0,11,-0.30736163476118067,1605.0,5044.0
24.878792,121.250839,3.0,2,-0.7167678623263438,1795.5,5972.5
24.878792,121.250839,3.0,3,-0.8168386467733139,1795.5,5972.5
24.878792,121.250839,3.0,4,-0.7665756410084416,1782.0,7024.5
24.878792,121.250839,3.0,5,-0.6742504593726463,1782.0,7024.5
24.878792,121.250839,3.0,6,-0.39642901480794174,908.5,2990.0
24.878792,121.250839,3.0,7,0.04083577389380258,908.5,2990.0
24.878792,121.250839,3.0,8,0.5967382295636459,20.0,36.5
24.878792,121.250839,3.0,9,0.11950850082957559,20.0,36.5
24.893436,121.111731,3.0,2,-0.7481143153453631,1792.5,5921.0
24.893436,121.111731,3.0,3,-0.8193200769548733,1792.5,5921.0
24.893436,121.111731,3.0,4,-0.7965524548101716,1721.0,6440.0
24.893436,121.111731,3.0,5,-0.7000911905907123,1721.0,6440.0
24.893436,121.111731,3.0,6,-0.4118661124905779,1929.0,8396.0
24.893436,121.111731,3.0,7,-0.07335877746286107,1929.0,8396.0
24.893436,121.111731,3.0,8,0.4202554734878016,1824.5,6805.0
24.893436,121.111731,3.0,9,-0.03529681676468848,1824.5,6805.0
24.903297,121.159761,3.0,3,-0.8180850609157769,1451.0,4476.5
24.903297,121.159761,3.0,4,-0.7820344143269292,1451.0,4476.5
24.903297,121.159761,3.0,5,-0.6877411233465526,1637.0,6427.0
24.903297,121.159761,3.0,6,-0.40515277708649833,1637.0,6427.0
24.903297,121.159761,3.0,7,-0.018225818543125452,1537.0,5575.0
24.903297,121.159761,3.0,8,0.5058217434719126,1537.0,5575.0
24.903297,121.159761,3.0,9,0.0380375836662722,1517.0,4578.0
24.903297,121.159761,3.0,10,-0.36643275581128876,1517.0,4578.0
24.917967,121.167586,3.0,3,-0.8179723333636287,1940.5,6925.5
24.917967,121.167586,3.0,4,-0.7783675087036807,1940.5,6925.5
24.917967,121.167586,3.0,5,-0.6845534126405021,2037.0,9124.5
24.917967,121.167586,3.0,6,-0.4026724240016468,2037.0,9124.5
24.917967,121.167586,3.0,7,-0.0033616223707868048,1912.5,8126.0
24.917967,121.167586,3.0,8,0.5287208115029329,1912.5,8126.0
24.917967,121.167586,3.0,9,0.05697743020177147,1928.0,6754.5
24.917967,121.167586,3.0,10,-0.36035575110354134,1928.0,6754.5
24.929544,121.176919,3.0,3,-0.817936967363216,1775.5,6066.5
24.929544,121.176919,3.0,4,-0.774966056018831,1775.5,6066.5
24.929544,121.176919,3.0,5,-0.6815496920301449,1870.0,7997.5
24.929544,121.176919,3.0,6,-0.3999484358148485,1870.0,7997.5
24.929544,121.176919,3.0,7,0.010803120105565847,1805.0,7393.0
24.929544,121.176919,3.0,8,0.5504190083329237,1805.0,7393.0
24.929544,121.176919,3.0,9,0.07490092368361476,1760.0,5865.0
24.929544,121.176919,3.0,10,-0.35438979017585087,1760.0,5865.0
24.930225,121.312458,4.0,3,-0.8164968170022574,1885.0,6867.5
24.930225,121.312458,4.0,4,-0.7343328873470655,1885.0,6867.5
24.930225,121.312458,4.0,5,-0.6544398984745136,1982.0,8753.5
24.930225,121.312458,4.0,6,-0.3779951433752411,1982.0,8753.5
24.930225,121.312458,4.0,7,0.11612193689722608,1983.0,8345.0
24.930225,121.312458,4.0,8,0.7133651164109712,1983.0,8345.0
24.930225,121.312458,4.0,9,0.24785358904075777,1884.0,6521.5
24.930225,121.312458,4.0,10,-0.2506363789241449,1884.0,6521.5
24.936025,121.3419,4.0,3,-0.8155813984267746,2025.5,7241.5
24.936025,121.3419,4.0,4,-0.7352253395976769,2025.5,7241.5
24.936025,121.3419,4.0,5,-0.65594895713619,2077.5,9280.0
24.936025,121.3419,4.0,6,-0.388268171137368,2077.5,9280.0
24.936025,121.3419,4.0,7,0.10310808712343263,1962.0,8618.5
24.936025,121.3419,4.0,8,0.6962175173395204,1962.0,8618.5
24.936025,121.3419,4.0,9,0.2399473386127403,2069.0,7616.5
24.936025,121.3419,4.0,10,-0.25300338959452034,2069.0,7616.5
24.943825,121.365275,4.0,2,-0.6786725751845868,1926.5,6617.0
24.943825,121.365275,4.0,3,-0.8140255366300906,1926.5,6617.0
24.943825,121.365275,4.0,4,-0.7365472628320603,1861.0,7348.0
24.943825,121.365275,4.0,5,-0.6584851587596879,1861.0,7348.0
24.943825,121.365275,4.0,6,-0.4049573614509194,1977.0,8719.5
24.943825,121.365275,4.0,7,0.08169270077481382,1977.0,8719.5
24.943825,121.365275,4.0,8,0.6679653343050055,1825.5,6756.5
24.943825,121.365275,4.0,9,0.22634125686549006,1825.5,6756.5
24.949281,121.195594,3.0,2,-0.7206342342767436,1760.0,5809.0
24.949281,121.195594,3.0,3,-0.8181250205865728,1760.0,5809.0
24.949281,121.195594,3.0,4,-0.7690912796029351,1765.5,7028.0
24.949281,121.195594,3.0,5,-0.6762162773522176,1765.5,7028.0
24.949281,121.195594,3.0,6,-0.3938234738688734,1937.0,8450.0
24.949281,121.195594,3.0,7,0.036612984839093816,1937.0,8450.0
24.949281,121.195594,3.0,8,0.5895760020164369,1769.0,6165.5
24.949281,121.195594,3.0,9,0.10690524215693999,1769.0,6165.5
24.961693,121.2047523,4.0,3,-0.8183678074905887,250.5,542.5
24.961693,121.2047523,4.0,4,-0.7662192963351305,250.5,542.5
24.961693,121.2047523,4.0,5,-0.673537655026351,1273.0,4544.0
24.961693,121.2047523,4.0,6,-0.3900494497834578,1273.0,4544.0
24.961693,121.2047523,4.0,7,0.0500341771583052,1476.0,5165.0
24.961693,121.2047523,4.0,8,0.6097596193086272,1476.0,5165.0
24.961693,121.2047523,4.0,9,0.12301820936588476,1464.5,4370.5
24.961693,121.2047523,4.0,10,-0.33769275141191946,1464.5,4370.5
24.96255,121.530572,3.0,3,-0.7906175794139008,1732.5,5688.0
24.96255,121.530572,3.0,4,-0.7139263467533751,1732.5,5688.0
24.96255,121.530572,3.0,4,-0.7139263467533751,2268.0,9391.5
24.96255,121.530572,3.0,4,-0.7139263467533751,2010.0,7961.5
24.96255,121.530572,3.0,5,-0.6601479101852527,1839.0,7598.0
24.96255,121.530572,3.0,5,-0.6601479101852527,2268.0,9391.5
24.96255,121.530572,3.0,5,-0.6601479101852527,2010.0,7961.5
24.96255,121.530572,3.0,6,-0.44926429602274004,1839.0,7598.0
24.96255,121.530572,3.0,6,-0.44926429602274004,2399.5,11568.5
24.96255,121.530572,3.0,6,-0.44926429602274004,2160.5,9957.0
24.96255,121.530572,3.0,7,0.00910601036744392,1763.5,7280.0
24.96255,121.530572,3.0,7,0.00910601036744392,2399.5,11568.5
24.96255,121.530572,3.0,7,0.00910601036744392,2160.5,9957.0
24.96255,121.530572,3.0,8,0.56374460848959,1763.5,7280.0
24.96255,121.530572,3.0,8,0.56374460848959,2310.5,10015.0
24.96255,121.530572,3.0,8,0.56374460848959,2090.0,8607.0
24.96255,121.530572,3.0,9,0.2121481540102972,1739.5,5888.0
24.96255,121.530572,3.0,9,0.2121481540102972,2310.5,10015.0
24.96255,121.530572,3.0,9,0.2121481540102972,2090.0,8607.0
24.96255,121.530572,3.0,10,-0.18841529923958059,1739.5,5888.0
24.96255,121.530572,3.0,10,-0.18841529923958059,2028.0,7284.0
24.96255,121.530572,3.0,10,-0.18841529923958059,1902.0,6615.0
24.96255,121.530572,3.0,11,-0.441258836782982,2028.0,7284.0
24.96255,121.530572,3.0,11,-0.441258836782982,1902.0,6615.0
24.96525,121.209867,2.0,3,-0.8185182280880482,1030.0,3009.5
24.96525,121.209867,2.0,4,-0.7649378667202259,1030.0,3009.5
24.96525,121.209867,2.0,5,-0.672303451356157,1144.5,3993.5
24.96525,121.209867,2.0,6,-0.38802581481041026,1144.5,3993.5
24.96525,121.209867,2.0,7,0.05628594766743386,1117.0,3705.5
24.96525,121.209867,2.0,8,0.6190605999895653,1117.0,3705.5
24.96525,121.209867,2.0,9,0.1305138888139449,1043.0,2916.5
24.96525,121.209867,2.0,10,-0.33482898346429824,1043.0,2916.5
24.965878,121.211614,2.0,3,-0.8185710201677033,1092.0,3074.5
24.965878,121.211614,2.0,4,-0.7645453397872056,1092.0,3074.5
24.965878,121.211614,2.0,5,-0.6719176523161745,1106.5,3776.5
24.965878,121.211614,2.0,6,-0.38734156641742795,1106.5,3776.5
24.965878,121.211614,2.0,7,0.05824658190619468,1089.0,3757.5
24.965878,121.211614,2.0,8,0.6219577362885753,1089.0,3757.5
24.965878,121.211614,2.0,9,0.1328724453607342,1067.0,3053.0
24.965878,121.211614,2.0,10,-0.3338698752657564,1067.0,3053.0
24.975247,121.454925,4.0,2,-0.6630855502777101,1969.5,6822.0
24.975247,121.454925,4.0,2,-0.6630855502777101,2777.0,14246.5
24.975247,121.454925,4.0,3,-0.806102791653051,1969.5,6822.0
24.975247,121.454925,4.0,3,-0.806102791653051,2777.0,14246.5
24.975247,121.454925,4.0,4,-0.7376057199214496,1870.0,7303.0
24.975247,121.454925,4.0,4,-0.7376057199214496,2414.0,14627.5
24.975247,121.454925,4.0,5,-0.6619736117312954,1870.0,7303.0
24.975247,121.454925,4.0,5,-0.6619736117312954,2414.0,14627.5
24.975247,121.454925,4.0,6,-0.4593510374186271,2056.0,9250.5
24.975247,121.454925,4.0,6,-0.4593510374186271,2702.5,17736.5
24.975247,121.454925,4.0,7,0.01470229776167006,2056.0,9250.5
24.975247,121.454925,4.0,7,0.01470229776167006,2702.5,17736.5
24.975247,121.454925,4.0,8,0.5776715579247468,1992.5,7847.5
24.975247,121.454925,4.0,8,0.5776715579247468,2165.5,11282.5
24.975247,121.454925,4.0,9,0.2204248877080802,1992.5,7847.5
24.975247,121.454925,4.0,9,0.2204248877080802,2165.5,11282.5
24.978586,121.501744,3.0,3,-0.7896502165084665,1131.5,3348.0
24.978586,121.501744,3.0,4,-0.7176272683975865,1131.5,3348.0
24.978586,121.501744,3.0,5,-0.6553090381445825,1143.0,3987.0
24.978586,121.501744,3.0,6,-0.44726306897167317,1143.0,3987.0
24.978586,121.501744,3.0,7,0.03778092743516251,1129.0,3777.5
24.978586,121.501744,3.0,8,0.605556502672746,1129.0,3777.5
24.978586,121.501744,3.0,9,0.2377270148282951,1040.5,2907.5
24.978586,121.501744,3.0,10,-0.1976282385111543,1040.5,2907.5
24.978881,121.502381,3.0,3,-0.789411290653515,1129.0,3339.5
24.978881,121.502381,3.0,4,-0.7173361075182054,1129.0,3339.5
24.978881,121.502381,3.0,5,-0.6552001304275773,1156.5,4044.5
24.978881,121.502381,3.0,6,-0.4470995626703428,1156.5,4044.5
24.978881,121.502381,3.0,7,0.038093943195352586,1139.0,3818.0
24.978881,121.502381,3.0,8,0.6059242152338247,1139.0,3818.0
24.978881,121.502381,3.0,9,0.2381087189375865,1044.0,2919.5
24.978881,121.502381,3.0,10,-0.19707483127835262,1044.0,2919.5
24.980558,121.228944,3.0,2,-0.715071894918504,2208.5,8052.0
24.980558,121.228944,3.0,3,-0.8193355262719989,2208.5,8052.0
24.980558,121.228944,3.0,4,-0.7601908772241691,2290.0,9862.5
24.980558,121.228944,3.0,5,-0.6675801794653273,2290.0,9862.5
24.980558,121.228944,3.0,6,-0.3789366874754278,2519.0,12374.5
24.980558,121.228944,3.0,7,0.0809471517309008,2519.0,12374.5
24.980558,121.228944,3.0,8,0.6553858106724842,2395.5,10236.5
24.980558,121.228944,3.0,9,0.15931547097076235,2395.5,10236.5
24.984094,121.232531,3.0,3,-0.8195365915272779,2255.5,9033.0
24.984094,121.232531,3.0,4,-0.7593006161353324,2255.5,9033.0
24.984094,121.232531,3.0,5,-0.6666694685413376,2456.0,11949.5
24.984094,121.232531,3.0,6,-0.3769543754407721,2456.0,11949.5
24.984094,121.232531,3.0,7,0.0858452218582491,2460.0,11355.5
24.984094,121.232531,3.0,8,0.6625447410364546,2460.0,11355.5
24.984094,121.232531,3.0,9,0.1648788529913334,2244.5,8430.5
24.984094,121.232531,3.0,10,-0.321274244872973,2244.5,8430.5
24.996503,121.652086,3.0,3,-0.8199775786664791,1576.5,5093.0
24.996503,121.652086,3.0,4,-0.7332020007268687,1576.5,5093.0
24.996503,121.652086,3.0,5,-0.7269983801364429,1621.5,6322.0
24.996503,121.652086,3.0,6,-0.5273736341275077,1621.5,6322.0
24.996503,121.652086,3.0,7,-0.14998476843655137,1607.0,5979.5
24.996503,121.652086,3.0,8,0.27433404371553854,1607.0,5979.5
24.996503,121.652086,3.0,9,0.013459184858098728,1460.0,4350.5
24.996503,121.652086,3.0,10,-0.12830354259883844,1460.0,4350.5
24.99858333,121.2477222,4.0,3,-0.8204923774897915,1895.5,7043.5
24.99858333,121.2477222,4.0,4,-0.7557764389895698,1895.5,7043.5
24.99858333,121.2477222,4.0,5,-0.6629710697846903,2030.5,9080.5
24.99858333,121.2477222,4.0,6,-0.36811529243659896,2030.5,9080.5
24.99858333,121.2477222,4.0,7,0.10616786579637214,1988.5,8241.5
24.99858333,121.2477222,4.0,8,0.6920446185076196,1988.5,8241.5
24.99858333,121.2477222,4.0,9,0.18753552657296577,1826.0,6214.5
24.99858333,121.2477222,4.0,10,-0.3120663675999622,1826.0,6214.5
25.003864,121.586039,2.0,2,-0.6405579821802702,1548.0,4686.0
25.003864,121.586039,2.0,3,-0.8080115609126032,1548.0,4686.0
25.003864,121.586039,2.0,4,-0.7241952487684378,1405.0,4849.5
25.003864,121.586039,2.0,5,-0.7081705924802335,1405.0,4849.5
25.003864,121.586039,2.0,6,-0.5102427233137017,1638.5,6437.0
25.003864,121.586039,2.0,7,-0.11135059177479487,1638.5,6437.0
25.003864,121.586039,2.0,8,0.346219255474637,1441.0,4526.0
25.003864,121.586039,2.0,9,0.06850538872409517,1441.0,4526.0
25.011819,121.562375,2.0,3,-0.8001210372148164,1420.0,6270.0
25.011819,121.562375,2.0,4,-0.7274367027566374,1420.0,6270.0
25.011819,121.562375,2.0,5,-0.6950803073579974,1434.5,7520.0
25.011819,121.562375,2.0,6,-0.49950027194816216,1434.5,7520.0
25.011819,121.562375,2.0,7,-0.023520495320845283,1430.5,7166.5
25.011819,121.562375,2.0,8,0.4707788615217718,1430.5,7166.5
25.011819,121.562375,2.0,9,0.12858709200191012,1337.5,5478.0
25.011819,121.562375,2.0,10,-0.1685266175427922,1337.5,5478.0
25.012944,121.266194,4.0,3,-0.8192991699257304,1913.5,6990.0
25.012944,121.266194,4.0,4,-0.7353520314639289,1913.5,6990.0
25.012944,121.266194,4.0,5,-0.652934903349636,2019.0,9003.0
25.012944,121.266194,4.0,6,-0.3628909956541584,2019.0,9003.0
25.012944,121.266194,4.0,7,0.1378709282247405,1998.5,8471.5
25.012944,121.266194,4.0,8,0.7431632932558314,1998.5,8471.5
25.012944,121.266194,4.0,9,0.25370959007930194,1823.0,6198.5
25.012944,121.266194,4.0,10,-0.26067074916099336,1823.0,6198.5
25.025953,121.281731,5.0,3,-0.8199925775905165,2083.5,7981.0
25.025953,121.281731,5.0,4,-0.7360143183270785,2083.5,7981.0
25.025953,121.281731,5.0,5,-0.6528696418074648,2161.0,9960.5
25.025953,121.281731,5.0,6,-0.3610780489597095,2161.0,9960.5
25.025953,121.281731,5.0,7,0.1410141744386317,2147.5,9397.0
25.025953,121.281731,5.0,8,0.7476673806165646,2147.5,9397.0
25.025953,121.281731,5.0,9,0.2536409332346093,1942.0,6828.5
25.025953,121.281731,5.0,10,-0.2642055688470647,1942.0,6828.5
25.035036,121.624719,3.0,3,-0.8178051906158902,975.5,2813.0
25.035036,121.624719,3.0,4,-0.7323609274338234,975.5,2813.0
25.035036,121.624719,3.0,5,-0.7239268931882715,1047.0,3577.5
25.035036,121.624719,3.0,6,-0.5245115149176282,1047.0,3577.5
25.035036,121.624719,3.0,7,-0.13703162905792532,1036.0,3377.5
25.035036,121.624719,3.0,8,0.2940495214530267,1036.0,3377.5
25.035036,121.624719,3.0,9,0.024507394163893727,962.0,2638.0
25.035036,121.624719,3.0,10,-0.13210513158231257,962.0,2638.0
25.035183,121.623019,3.0,3,-0.817409733202498,1032.0,3016.5
25.035183,121.623019,3.0,4,-0.7319475507740906,1032.0,3016.5
25.035183,121.623019,3.0,5,-0.7233270925618733,1147.5,4004.5
25.035183,121.623019,3.0,6,-0.5239476132474092,1147.5,4004.5
25.035183,121.623019,3.0,7,-0.13653554495248046,1020.0,3313.0
25.035183,121.623019,3.0,8,0.295439943420896,1020.0,3313.0
25.035183,121.623019,3.0,9,0.025977410830503204,1009.5,2801.5
25.035183,121.623019,3.0,10,-0.13205642795621042,1009.5,2801.5
25.036481,121.295531,5.0,2,-0.6909785002142007,2284.5,8514.0
25.036481,121.295531,5.0,3,-0.8195802215643893,2284.5,8514.0
25.036481,121.295531,5.0,4,-0.7373166905779043,2217.5,9794.0
25.036481,121.295531,5.0,5,-0.6548049510457333,2217.5,9794.0
25.036481,121.295531,5.0,6,-0.369571989312993,2311.0,10972.0
25.036481,121.295531,5.0,7,0.13062976743471075,2311.0,10972.0
25.036481,121.295531,5.0,8,0.7344398382949711,2090.5,8082.5
25.036481,121.295531,5.0,9,0.2409305490977995,2090.5,8082.5
25.036533,121.621386,4.0,3,-0.8174562366163856,1261.5,3814.0
25.036533,121.621386,4.0,4,-0.73286943047947,1261.5,3814.0
25.036533,121.621386,4.0,5,-0.7232579386022108,1318.5,4731.5
25.036533,121.621386,4.0,6,-0.5241150765111273,1318.5,4731.5
25.036533,121.621386,4.0,7,-0.1312568959469555,1294.5,4452.5
25.036533,121.621386,4.0,8,0.30216492157793456,1294.5,4452.5
25.036533,121.621386,4.0,9,0.027709519468248515,1178.5,3383.0
25.036533,121.621386,4.0,10,-0.13526431068774813,1178.5,3383.0
25.042389,121.624789,5.0,3,-0.8203758105583038,1184.0,3548.5
25.042389,121.624789,5.0,4,-0.7396417601791845,1184.0,3548.5
25.042389,121.624789,5.0,5,-0.7271072727932114,1231.5,4363.0
25.042389,121.624789,5.0,6,-0.5287187215146606,1231.5,4363.0
25.042389,121.624789,5.0,7,-0.11216851246298844,1230.5,4178.5
25.042389,121.624789,5.0,8,0.32123902123563064,1230.5,4178.5
25.042389,121.624789,5.0,9,0.024922818892873635,1109.0,3143.0
25.042389,121.624789,5.0,10,-0.1492784951314573,1109.0,3143.0
25.047075,121.317761,4.0,2,-0.6860626370535917,2149.0,7809.5
25.047075,121.317761,4.0,3,-0.8181670737880966,2149.0,7809.5
25.047075,121.317761,4.0,4,-0.740426214661522,2021.5,8547.5
25.047075,121.317761,4.0,5,-0.6599597331030181,2021.5,8547.5
25.047075,121.317761,4.0,6,-0.3929135693703937,2175.5,10058.0
25.047075,121.317761,4.0,7,0.1015092961541895,2175.5,10058.0
25.047075,121.317761,4.0,8,0.6970696620177413,2027.5,7725.0
25.047075,121.317761,4.0,9,0.20741653635837498,2027.5,7725.0
25.050319,121.628156,4.0,3,-0.8242029719806125,1088.5,3183.5
25.050319,121.628156,4.0,4,-0.7480339853973822,1088.5,3183.5
25.050319,121.628156,4.0,5,-0.73226462619553,1127.5,3921.0
25.050319,121.628156,4.0,6,-0.5347011386254705,1127.5,3921.0
25.050319,121.628156,4.0,7,-0.08999365731678975,1079.0,3603.0
25.050319,121.628156,4.0,8,0.342480607684493,1079.0,3603.0
25.050319,121.628156,4.0,9,0.020208607238832717,1055.5,2960.0
25.050319,121.628156,4.0,10,-0.16577139354326773,1055.5,2960.0
25.052742,121.631281,4.0,3,-0.8261997524349327,1189.0,3542.0
25.052742,121.631281,4.0,4,-0.751554914577674,1189.0,3542.0
25.052742,121.631281,4.0,5,-0.7350976183384033,1223.0,4326.5
25.052742,121.631281,4.0,6,-0.5377068551719373,1223.0,4326.5
25.052742,121.631281,4.0,7,-0.08355147655312606,1174.5,3995.0
25.052742,121.631281,4.0,8,0.34689657794855455,1174.5,3995.0
25.052742,121.631281,4.0,9,0.015984322195610332,1136.5,3238.0
25.052742,121.631281,4.0,10,-0.1710870107281609,1136.5,3238.0
25.058667,121.397306,5.0,2,-0.6708606272881045,2065.0,7373.0
25.058667,121.397306,5.0,3,-0.8182865187982392,2065.0,7373.0
25.058667,121.397306,5.0,4,-0.7669100007943808,1976.5,8261.5
25.058667,121.397306,5.0,5,-0.6937033660579,1976.5,8261.5
25.058667,121.397306,5.0,6,-0.5146558494962153,2285.0,10796.5
25.058667,121.397306,5.0,7,-0.04659330322295073,2285.0,10796.5
25.058667,121.397306,5.0,8,0.5121749930879742,2047.5,7839.0
25.058667,121.397306,5.0,9,-0.021183772902008017,2047.5,7839.0
25.059242,121.332072,3.0,2,-0.6799606651837402,1108.0,3107.0
25.059242,121.332072,3.0,3,-0.816428758709197,1108.0,3107.0
25.059242,121.332072,3.0,4,-0.7441524542811326,1108.0,3652.0
25.059242,121.332072,3.0,5,-0.6664099322335832,1108.0,3652.0
25.059242,121.332072,3.0,6,-0.4211138850561106,1159.0,4055.0
25.059242,121.332072,3.0,7,0.06621973934154812,1159.0,4055.0
25.059242,121.332072,3.0,8,0.6518540790410224,1066.5,3163.0
25.059242,121.332072,3.0,9,0.1648071658621823,1066.5,3163.0
25.060125,121.331858,3.0,3,-0.8163568776243337,1088.0,3269.5
25.060125,121.331858,3.0,4,-0.7442163132614059,1088.0,3269.5
25.060125,121.331858,3.0,5,-0.6665803942835944,1120.0,3888.5
25.060125,121.331858,3.0,6,-0.4218527355552145,1120.0,3888.5
25.060125,121.331858,3.0,7,0.0652775262458961,1140.0,3740.5
25.060125,121.331858,3.0,8,0.6506394945266495,1140.0,3740.5
25.060125,121.331858,3.0,9,0.16363778577277482,1007.5,2795.0
25.060125,121.331858,3.0,10,-0.33724806932736734,1007.5,2795.0
25.064006,121.598733,2.0,3,-0.8178325184606327,1042.5,3102.5
25.064006,121.598733,2.0,4,-0.7476871929698516,1042.5,3102.5
25.064006,121.598733,2.0,5,-0.7217545662037093,1080.5,3721.5
25.064006,121.598733,2.0,6,-0.5265885731173491,1080.5,3721.5
25.064006,121.598733,2.0,7,-0.044126641421776705,1065.0,3442.0
25.064006,121.598733,2.0,8,0.4138224822595432,1065.0,3442.0
25.064006,121.598733,2.0,9,0.05624145504764734,969.0,2662.5
25.064006,121.598733,2.0,10,-0.18937997680252944,969.0,2662.5
25.064911,121.607778,3.0,3,-0.8214014512122808,2147.5,8484.0
25.064911,121.607778,3.0,4,-0.7510091657038941,2147.5,8484.0
25.064911,121.607778,3.0,5,-0.727159732951604,1674.5,6680.0
25.064911,121.607778,3.0,6,-0.5316160103619445,1674.5,6680.0
25.064911,121.607778,3.0,7,-0.051325728028942655,1680.5,6308.5
25.064911,121.607778,3.0,8,0.39793666298480124,1680.5,6308.5
25.064911,121.607778,3.0,9,0.04212597229182273,1536.5,4680.5
25.064911,121.607778,3.0,10,-0.18848802922563254,1536.5,4680.5
25.064969,121.363561,5.0,2,-0.673635263971017,2017.5,7154.0
25.064969,121.363561,5.0,3,-0.8158156888994982,2017.5,7154.0
25.064969,121.363561,5.0,4,-0.7528113496297039,1935.5,8127.5
25.064969,121.363561,5.0,5,-0.6779312301554036,1935.5,8127.5
25.064969,121.363561,5.0,6,-0.46474011059722203,2149.5,9883.0
25.064969,121.363561,5.0,7,0.013104339074309754,2149.5,9883.0
25.064969,121.363561,5.0,8,0.5851832465872407,1979.5,7335.0
25.064969,121.363561,5.0,9,0.08712335604543735,1979.5,7335.0
25.065544,121.588044,2.0,4,-0.7453224568980374,1066.0,3268.0
25.065544,121.588044,2.0,5,-0.715914606638062,1066.0,3268.0
25.065544,121.588044,2.0,6,-0.5213839025618735,1133.5,3945.5
25.065544,121.588044,2.0,7,-0.02886953268417835,1133.5,3945.5
25.065544,121.588044,2.0,8,0.4402726453456583,1090.0,3453.5
25.065544,121.588044,2.0,9,0.07380540445619585,1090.0,3453.5
25.065544,121.588044,2.0,10,-0.19440689685699716,978.0,2692.5
25.065544,121.588044,2.0,11,-0.4994863908898867,978.0,2692.5
25.065611,121.643467,3.0,4,-0.7690123230223128,1627.5,5635.0
25.065611,121.643467,3.0,5,-0.7496584540400736,1627.5,5635.0
25.065611,121.643467,3.0,6,-0.552870201806392,1725.5,7023.0
25.065611,121.643467,3.0,7,-0.05267371886435618,1725.5,7023.0
25.065611,121.643467,3.0,8,0.3665404868450719,1669.0,6094.5
25.065611,121.643467,3.0,9,-0.00599376474491072,1669.0,6094.5
25.065611,121.643467,3.0,10,-0.1957326989501911,1486.0,4440.0
25.065611,121.643467,3.0,11,-0.5399257580350562,1486.0,4440.0
25.06564444,121.6135194,2.0,3,-0.8237407199072992,1609.5,5124.0
25.06564444,121.6135194,2.0,4,-0.7535033069448819,1609.5,5124.0
25.06564444,121.6135194,2.0,5,-0.7306898520599193,1652.5,6531.5
25.06564444,121.6135194,2.0,6,-0.5349352541931635,1652.5,6531.5
25.06564444,121.6135194,2.0,7,-0.05387689108420657,1530.5,5655.0
25.06564444,121.6135194,2.0,8,0.39018785061771294,1530.5,5655.0
25.06564444,121.6135194,2.0,9,0.033670473483414655,1537.0,4684.0
25.06564444,121.6135194,2.0,10,-0.1888224742660859,1537.0,4684.0
25.068,121.428056,6.0,2,-0.6692731494132607,1376.5,4010.0
25.068,121.428056,6.0,3,-0.8220923430536935,1376.5,4010.0
25.068,121.428056,6.0,4,-0.7833036885359758,1296.0,4357.5
25.068,121.428056,6.0,5,-0.7129585924667031,1296.0,4357.5
25.068,121.428056,6.0,6,-0.5636930699731985,1434.5,5225.0
25.068,121.428056,6.0,7,-0.10303392927723287,1434.5,5225.0
25.068,121.428056,6.0,8,0.4458255846264882,1396.0,4431.0
25.068,121.428056,6.0,9,-0.16242164498180076,1396.0,4431.0
25.068147,121.435133,2.0,2,-0.6659678540625498,1097.0,3077.0
25.068147,121.435133,2.0,3,-0.8171046736139205,1097.0,3077.0
25.068147,121.435133,2.0,4,-0.7724140079491914,1051.5,3463.5
25.068147,121.435133,2.0,5,-0.701823969430177,1051.5,3463.5
25.068147,121.435133,2.0,6,-0.5411634317094094,1172.0,4110.0
25.068147,121.435133,2.0,7,-0.07422865115122634,1172.0,4110.0
25.068147,121.435133,2.0,8,0.4793253970271642,1072.5,3149.0
25.068147,121.435133,2.0,9,-0.08374114952976675,1072.5,3149.0
25.068239,121.428764,5.0,3,-0.8217177032036157,1412.5,4167.5
25.068239,121.428764,5.0,4,-0.7825015327840631,1412.5,4167.5
25.068239,121.428764,5.0,5,-0.7121538722154755,1462.0,5216.5
25.068239,121.428764,5.0,6,-0.5620606701124548,1462.0,5216.5
25.068239,121.428764,5.0,7,-0.10093896305381847,1409.0,5116.5
25.068239,121.428764,5.0,8,0.4482644667323927,1409.0,5116.5
25.068239,121.428764,5.0,9,-0.15677108170354057,1384.5,4180.0
25.068239,121.428764,5.0,10,-0.6811058421027207,1384.5,4180.0
25.068728,121.433281,2.0,3,-0.818615935393569,1044.0,2907.5
25.068728,121.433281,2.0,4,-0.7757319904720726,1044.0,2907.5
25.068728,121.433281,2.0,5,-0.7052587158205692,1159.5,3963.0
25.068728,121.433281,2.0,6,-0.5480600699640314,1159.5,3963.0
25.068728,121.433281,2.0,7,-0.08305151624053188,1107.0,3834.0
25.068728,121.433281,2.0,8,0.46907309266704145,1107.0,3834.0
25.068728,121.433281,2.0,9,-0.10810457273195966,1094.5,3160.5
25.068728,121.433281,2.0,10,-0.624140828180829,1094.5,3160.5
25.06898611,121.5802306,2.0,2,-0.6652584457313393,1119.5,3127.0
25.06898611,121.5802306,2.0,3,-0.8114907731208489,1119.5,3127.0
25.06898611,121.5802306,2.0,4,-0.7443794590900913,1053.0,3312.0
25.06898611,121.5802306,2.0,5,-0.712009080561223,1053.0,3312.0
25.06898611,121.5802306,2.0,6,-0.5180638438734811,1176.0,4126.0
25.06898611,121.5802306,2.0,7,-0.014947053795272792,1176.0,4126.0
25.06898611,121.5802306,2.0,8,0.46266017910079915,1116.0,3475.0
25.06898611,121.5802306,2.0,9,0.08647984919961041,1116.0,3475.0
25.070994,121.562519,2.0,3,-0.803744661337031,1045.5,3113.5
25.070994,121.562519,2.0,4,-0.7387765688136952,1045.5,3113.5
25.070994,121.562519,2.0,5,-0.7006682099364593,1090.0,3762.0
25.070994,121.562519,2.0,6,-0.50732337709438,1090.0,3762.0
25.070994,121.562519,2.0,7,0.013296897559370996,1095.0,3561.5
25.070994,121.562519,2.0,8,0.5115701605132001,1095.0,3561.5
25.070994,121.562519,2.0,9,0.12114441039206723,980.0,2700.0
25.070994,121.562519,2.0,10,-0.20553317236681085,980.0,2700.0
25.072261,121.555014,2.0,3,-0.8003295027937166,1045.0,3111.5
25.072261,121.555014,2.0,4,-0.7362266273222895,1045.0,3111.5
25.072261,121.555014,2.0,5,-0.6957821836207758,1084.0,3736.0
25.072261,121.555014,2.0,6,-0.5025937175017893,1084.0,3736.0
25.072261,121.555014,2.0,7,0.02560035223040962,1075.5,3483.5
25.072261,121.555014,2.0,8,0.5326883243301338,1075.5,3483.5
25.072261,121.555014,2.0,9,0.13622589117387737,957.0,2621.0
25.072261,121.555014,2.0,10,-0.20728916065681308,957.0,2621.0
25.07275,121.557739,2.0,4,-0.7375969967105996,1036.5,3146.0
25.07275,121.557739,2.0,5,-0.6979527254818236,1036.5,3146.0
25.07275,121.557739,2.0,6,-0.5048224821726122,1091.5,3768.0
25.07275,121.557739,2.0,7,0.02093558744790372,1091.5,3768.0
25.07275,121.557739,2.0,8,0.5244494242123662,1070.5,3388.0
25.07275,121.557739,2.0,9,0.12947217976900033,1070.5,3388.0
25.07275,121.557739,2.0,10,-0.20776955092921434,951.0,2600.5
25.07275,121.557739,2.0,11,-0.4230803124217644,951.0,2600.5
25.07301944,121.5307028,4.0,4,-0.7258525878176614,1226.5,3897.5
25.07301944,121.5307028,4.0,5,-0.678775263739058,1226.5,3897.5
25.07301944,121.5307028,4.0,6,-0.4852463519827128,1336.0,4805.5
25.07301944,121.5307028,4.0,7,0.06530811529509761,1336.0,4805.5
25.07301944,121.5307028,4.0,8,0.6013032993861844,1302.5,4263.5
25.07301944,121.5307028,4.0,9,0.18932444803140336,1302.5,4263.5
25.07301944,121.5307028,4.0,10,-0.2063616026007384,1147.0,3274.5
25.07301944,121.5307028,4.0,11,-0.3612246261912453,1147.0,3274.5
25.073053,121.550358,2.0,4,-0.7345934249566037,1143.5,3548.0
25.073053,121.550358,2.0,5,-0.6927679236051104,1143.5,3548.0
25.073053,121.550358,2.0,6,-0.4996493492289923,1214.0,4288.5
25.073053,121.550358,2.0,7,0.03304489976849248,1214.0,4288.5
25.073053,121.550358,2.0,8,0.5455124312762337,1203.0,3904.5
25.073053,121.550358,2.0,9,0.1454925262682784,1203.0,3904.5
25.073053,121.550358,2.0,10,-0.2081907722727669,1043.5,2918.5
25.073053,121.550358,2.0,11,-0.40573265728246094,1043.5,2918.5
25.07479722,121.4729611,4.0,4,-0.7302251376509179,2044.0,8078.0
25.07479722,121.4729611,4.0,5,-0.6644970144516051,2044.0,8078.0
25.07479722,121.4729611,4.0,6,-0.47096644515409464,2169.5,10017.5
25.07479722,121.4729611,4.0,7,0.030838980112681363,2169.5,10017.5
25.07479722,121.4729611,4.0,8,0.6051563247546952,1993.0,8074.0
25.07479722,121.4729611,4.0,9,0.15748113087332347,1993.0,8074.0
25.07479722,121.4729611,4.0,10,-0.32391080415751183,1940.5,6820.0
25.07479722,121.4729611,4.0,11,-0.382979413034175,1940.5,6820.0
25.075256,121.494019,3.0,3,-0.7783718592262299,1103.0,3182.0
25.075256,121.494019,3.0,4,-0.7124573391652802,1103.0,3182.0
25.075256,121.494019,3.0,5,-0.6508752573401403,1249.0,4437.0
25.075256,121.494019,3.0,6,-0.4481026918775425,1249.0,4437.0
25.075256,121.494019,3.0,7,0.07358783479346123,1186.0,4082.5
25.075256,121.494019,3.0,8,0.6581451235525593,1186.0,4082.5
25.075256,121.494019,3.0,9,0.2348014119217076,1136.0,3236.5
25.075256,121.494019,3.0,10,-0.24341107358595404,1136.0,3236.5
25.075553,121.460661,4.0,3,-0.8002902876287954,1184.0,3391.0
25.075553,121.460661,4.0,4,-0.7428039566342982,1184.0,3391.0
25.075553,121.460661,4.0,5,-0.6749951508651995,1235.0,4326.0
25.075553,121.460661,4.0,6,-0.48935897862698374,1235.0,4326.0
25.075553,121.460661,4.0,7,-0.00033149923795335805,1167.0,4088.0
25.075553,121.460661,4.0,8,0.5670828101290818,1167.0,4088.0
25.075553,121.460661,4.0,9,0.09357378528196103,1186.0,3457.5
25.075553,121.460661,4.0,10,-0.39298925248796474,1186.0,3457.5
25.07604444,121.6594222,3.0,3,-0.849586527357522,2477.0,9626.5
25.07604444,121.6594222,3.0,4,-0.7894026496020197,2477.0,9626.5
25.07604444,121.6594222,3.0,5,-0.7692580941613231,2663.5,13223.5
25.07604444,121.6594222,3.0,6,-0.5722062144470854,2663.5,13223.5
25.07604444,121.6594222,3.0,7,-0.02519797951572243,2376.5,11376.0
25.07604444,121.6594222,3.0,8,0.3746499170241308,2376.5,11376.0
25.07604444,121.6594222,3.0,9,-0.038621019313633806,2368.5,9087.0
25.07604444,121.6594222,3.0,10,-0.2168386413028949,2368.5,9087.0
25.07746389,121.5013861,4.0,3,-0.7766764173177486,1199.5,3455.0
25.07746389,121.5013861,4.0,4,-0.7097023835862601,1199.5,3455.0
25.07746389,121.5013861,4.0,5,-0.6493526721517072,1428.0,5169.0
25.07746389,121.5013861,4.0,6,-0.44492580246454133,1428.0,5169.0
25.07746389,121.5013861,4.0,7,0.07722906896069838,1234.0,4346.0
25.07746389,121.5013861,4.0,8,0.6621169876609397,1234.0,4346.0
25.07746389,121.5013861,4.0,9,0.2438122245311535,1271.0,3700.5
25.07746389,121.5013861,4.0,10,-0.23096742346725618,1271.0,3700.5
25.07763056,121.5166028,4.0,2,-0.6228178641904066,1317.0,3794.5
25.07763056,121.5166028,4.0,3,-0.774350385766732,1317.0,3794.5
25.07763056,121.5166028,4.0,4,-0.7052728617996343,1249.0,4087.0
25.07763056,121.5166028,4.0,5,-0.6473672276290607,1249.0,4087.0
25.07763056,121.5166028,4.0,6,-0.4402949503849469,1348.5,4860.0
25.07763056,121.5166028,4.0,7,0.07977281211881837,1348.5,4860.0
25.07763056,121.5166028,4.0,8,0.6637256030308009,1328.0,4263.5
25.07763056,121.5166028,4.0,9,0.25681403333030095,1328.0,4263.5
25.07806667,121.5091056,4.0,2,-0.6243139526850082,1322.5,3800.0
25.07806667,121.5091056,4.0,3,-0.7751886164318125,1322.5,3800.0
25.07806667,121.5091056,4.0,4,-0.7071362823865862,1243.0,4021.5
25.07806667,121.5091056,4.0,5,-0.648030975542956,1243.0,4021.5
25.07806667,121.5091056,4.0,6,-0.4421096279611794,1325.5,4762.0
25.07806667,121.5091056,4.0,7,0.07980031603223144,1325.5,4762.0
25.07806667,121.5091056,4.0,8,0.6646294198066314,1279.0,4105.5
25.07806667,121.5091056,4.0,9,0.2519951706252466,1279.0,4105.5
25.07806667,121.5091056,4.0,10,-0.2186667914375065,1107.5,3138.5
25.07806667,121.5091056,4.0,11,-0.34922982665875124,1107.5,3138.5
25.0882722,121.6936444,4.0,3,-0.8814694657830251,1788.5,5997.5
25.0882722,121.6936444,4.0,4,-0.8354851171186851,1788.5,5997.5
25.0882722,121.6936444,4.0,5,-0.817446014781956,1902.0,8140.5
25.0882722,121.6936444,4.0,6,-0.6179325669452523,1902.0,8140.5
25.0882722,121.6936444,4.0,7,0.02756001356995928,1810.5,7573.0
25.0882722,121.6936444,4.0,8,0.37440517917519817,1810.5,7573.0
25.0882722,121.6936444,4.0,9,-0.12037388839547628,1799.0,6071.5
25.0882722,121.6936444,4.0,10,-0.2510277168531087,1799.0,6071.5
25.089994,121.653556,3.0,3,-0.852422784154358,755.0,1926.5
25.089994,121.653556,3.0,4,-0.7951616558031728,755.0,1926.5
25.089994,121.653556,3.0,5,-0.7732584644244141,1685.5,6715.5
25.089994,121.653556,3.0,6,-0.5766511873737598,1685.5,6715.5
25.089994,121.653556,3.0,7,-0.011512127336640024,1034.5,3504.5
25.089994,121.653556,3.0,8,0.3866889844228408,1034.5,3504.5
25.089994,121.653556,3.0,9,-0.04346115701681569,1052.0,2946.0
25.089994,121.653556,3.0,10,-0.22747809352050166,1052.0,2946.0
25.10283611,121.7178556,2.0,3,-0.9173811307570097,1593.0,5203.0
25.10283611,121.7178556,2.0,4,-0.8860981334044237,1593.0,5203.0
25.10283611,121.7178556,2.0,5,-0.8724132530594432,1634.5,6409.5
25.10283611,121.7178556,2.0,6,-0.6690151925938811,1634.5,6409.5
25.10283611,121.7178556,2.0,7,0.08267160021794437,1629.0,6102.0
25.10283611,121.7178556,2.0,8,0.3666197816538786,1629.0,6102.0
25.10283611,121.7178556,2.0,9,-0.2132313862073747,1495.0,4471.0
25.10283611,121.7178556,2.0,10,-0.2808552783653584,1495.0,4471.0
25.103747,121.681789,3.0,3,-0.8822742586969451,1072.5,3126.0
25.103747,121.681789,3.0,4,-0.8374856907967575,1072.5,3126.0
25.103747,121.681789,3.0,5,-0.8185623338577032,1191.5,4193.0
25.103747,121.681789,3.0,6,-0.6193102952515921,1191.5,4193.0
25.103747,121.681789,3.0,7,0.033424470929140665,1150.0,3893.0
25.103747,121.681789,3.0,8,0.38042422835901135,1150.0,3893.0
25.103747,121.681789,3.0,9,-0.12139135594861421,1179.5,3385.0
25.103747,121.681789,3.0,10,-0.2558127077949255,1179.5,3385.0
25.10956667,121.7259056,2.0,3,-0.9338440540178979,1638.0,5454.0
25.10956667,121.7259056,2.0,4,-0.9090017527468404,1638.0,5454.0
25.10956667,121.7259056,2.0,5,-0.8977473952257542,1517.5,5621.5
25.10956667,121.7259056,2.0,6,-0.692339610187079,1517.5,5621.5
25.10956667,121.7259056,2.0,7,0.10681460664610518,1723.5,6708.0
25.10956667,121.7259056,2.0,8,0.3612302532311728,1723.5,6708.0
25.10956667,121.7259056,2.0,9,-0.2560213889857108,1467.0,4375.0
25.10956667,121.7259056,2.0,10,-0.2926454072157523,1467.0,4375.0
25.11831111,121.7316361,2.0,3,-0.953838340796306,909.5,2562.0
25.11831111,121.7316361,2.0,4,-0.9366525529468444,909.5,2562.0
25.11831111,121.7316361,2.0,5,-0.9285940728262452,1009.5,3420.0
25.11831111,121.7316361,2.0,6,-0.720612448816846,1009.5,3420.0
25.11831111,121.7316361,2.0,7,0.13554428457924003,1428.5,4983.5
25.11831111,121.7316361,2.0,8,0.3536986955413229,1428.5,4983.5
25.11831111,121.7316361,2.0,9,-0.3080917569424651,1011.5,2808.5
25.11831111,121.7316361,2.0,10,-0.3058849117604996,1011.5,2808.5
25.11878611,121.7317639,2.0,3,-0.9549239592211427,906.5,2551.0
25.11878611,121.7317639,2.0,4,-0.9381491979459836,906.5,2551.0
25.11878611,121.7317639,2.0,5,-0.9302710830367458,980.0,3295.0
25.11878611,121.7317639,2.0,6,-0.7221459565448304,980.0,3295.0
25.11878611,121.7317639,2.0,7,0.1370874515799113,1403.5,4882.0
25.11878611,121.7317639,2.0,8,0.3532619383464893,1403.5,4882.0
25.11878611,121.7317639,2.0,9,-0.3109215696750621,971.0,2669.0
25.11878611,121.7317639,2.0,10,-0.30657302792245406,971.0,2669.0
25.129514,121.698631,3.0,3,-0.918957626100972,1033.5,2987.0
25.129514,121.698631,3.0,4,-0.8890287371181417,1033.5,2987.0
25.129514,121.698631,3.0,5,-0.8747283702334502,1149.0,4012.5
25.129514,121.698631,3.0,6,-0.6714898788098033,1149.0,4012.5
25.129514,121.698631,3.0,7,0.08862493702254222,1100.5,3691.0
25.129514,121.698631,3.0,8,0.3711164627948919,1100.5,3691.0
25.129514,121.698631,3.0,9,-0.21670410444928923,1044.0,2920.0
25.129514,121.698631,3.0,10,-0.28586780136797235,1044.0,2920.0
25.137106,121.708908,3.0,3,-0.9392390097968752,1076.5,3140.5
25.137106,121.708908,3.0,4,-0.9169447005697101,1076.5,3140.5
25.137106,121.708908,3.0,5,-0.9059913974261532,1126.5,3916.0
25.137106,121.708908,3.0,6,-0.700136452339316,1126.5,3916.0
25.137106,121.708908,3.0,7,0.11685911877904125,1068.5,3559.5
25.137106,121.708908,3.0,8,0.3624028015708034,1068.5,3559.5
25.137106,121.708908,3.0,9,-0.26973363107579695,1039.0,2903.0
25.137106,121.708908,3.0,10,-0.2988633638169131,1039.0,2903.0
