Latitude,Longitude,Lane Count,Month,Estimated Monthly Consumption (kWh),Estimated Monthly Amount (Before Tax)
22.474661,120.530844,2.0,3,968.0,2819.0
22.474661,120.530844,2.0,4,968.0,2819.0
22.474661,120.530844,2.0,5,962.5,3220.5
22.474661,120.530844,2.0,6,962.5,3220.5
22.474661,120.530844,2.0,7,973.5,3098.5
22.474661,120.530844,2.0,8,973.5,3098.5
22.474661,120.530844,2.0,9,939.5,2561.0
22.474661,120.530844,2.0,10,939.5,2561.0
22.477464,120.531386,2.0,3,990.0,2900.0
22.477464,120.531386,2.0,4,990.0,2900.0
22.477464,120.531386,2.0,5,1007.5,3411.5
22.477464,120.531386,2.0,6,1007.5,3411.5
22.477464,120.531386,2.0,7,950.0,3004.0
22.477464,120.531386,2.0,8,950.0,3004.0
22.477464,120.531386,2.0,9,957.5,2623.0
22.477464,120.531386,2.0,10,957.5,2623.0
22.501367,120.525775,2.0,2,1553.5,4714.0
22.501367,120.525775,2.0,3,1553.5,4714.0
22.501367,120.525775,2.0,4,1411.0,4874.0
22.501367,120.525775,2.0,5,1411.0,4874.0
22.501367,120.525775,2.0,6,1525.5,5675.0
22.501367,120.525775,2.0,7,1525.5,5675.0
22.501367,120.525775,2.0,8,1459.5,4593.0
22.501367,120.525775,2.0,9,1459.5,4593.0
22.557186,120.524558,2.0,4,1000.5,3040.0
22.557186,120.524558,2.0,5,1000.5,3040.0
22.557186,120.524558,2.0,6,1083.5,3734.5
22.557186,120.524558,2.0,7,1083.5,3734.5
22.557186,120.524558,2.0,8,1040.0,3248.5
22.557186,120.524558,2.0,9,1040.0,3248.5
22.557186,120.524558,2.0,10,970.0,2665.5
22.557186,120.524558,2.0,11,970.0,2665.5
22.557408,120.524761,2.0,4,988.5,2994.5
22.557408,120.524761,2.0,5,988.5,2994.5
22.557408,120.524761,2.0,6,1099.5,3802.5
22.557408,120.524761,2.0,7,1099.5,3802.5
22.557408,120.524761,2.0,8,1048.5,3281.5
22.557408,120.524761,2.0,9,1048.5,3281.5
22.557408,120.524761,2.0,10,956.5,2619.5
22.557408,120.524761,2.0,11,956.5,2619.5
22.579586,120.526161,2.0,3,1565.5,4905.0
22.579586,120.526161,2.0,4,1565.5,4905.0
22.579586,120.526161,2.0,5,1644.5,6477.0
22.579586,120.526161,2.0,6,1644.5,6477.0
22.579586,120.526161,2.0,7,1454.5,5214.0
22.579586,120.526161,2.0,8,1454.5,5214.0
22.579586,120.526161,2.0,9,1508.5,4533.0
22.579586,120.526161,2.0,10,1508.5,4533.0
22.581933,120.32315,2.0,3,1394.5,4115.0
22.581933,120.32315,2.0,4,1394.5,4115.0
22.581933,120.32315,2.0,5,1486.5,5399.5
22.581933,120.32315,2.0,6,1486.5,5399.5
22.581933,120.32315,2.0,7,1387.0,5008.0
22.581933,120.32315,2.0,8,1387.0,5008.0
22.581933,120.32315,2.0,9,1378.5,4070.5
22.581933,120.32315,2.0,10,1378.5,4070.5
22.609428,120.339608,4.0,2,1361.0,3957.5
22.609428,120.339608,4.0,3,1361.0,3957.5
22.609428,120.339608,4.0,4,1309.5,4412.0
22.609428,120.339608,4.0,5,1309.5,4412.0
22.609428,120.339608,4.0,6,1379.5,4991.5
22.609428,120.339608,4.0,7,1379.5,4991.5
22.609428,120.339608,4.0,8,1334.5,4203.5
22.609428,120.339608,4.0,9,1334.5,4203.5
22.619119,120.336647,4.0,3,1270.0,3911.5
22.619119,120.336647,4.0,4,1270.0,3911.5
22.619119,120.336647,4.0,5,1351.5,4872.5
22.619119,120.336647,4.0,6,1351.5,4872.5
22.619119,120.336647,4.0,7,1334.5,4573.0
22.619119,120.336647,4.0,8,1334.5,4573.0
22.619119,120.336647,4.0,9,1275.5,3716.0
22.619119,120.336647,4.0,10,1275.5,3716.0
22.627819,120.336222,3.0,3,1765.5,5876.0
22.627819,120.336222,3.0,4,1765.5,5876.0
22.627819,120.336222,3.0,5,1926.0,8300.5
22.627819,120.336222,3.0,6,1926.0,8300.5
22.627819,120.336222,3.0,7,1765.5,7270.5
22.627819,120.336222,3.0,8,1765.5,7270.5
22.627819,120.336222,3.0,9,1749.5,5809.0
22.627819,120.336222,3.0,10,1749.5,5809.0
22.658892,120.332081,5.0,4,2193.0,8985.0
22.658892,120.332081,5.0,5,2193.0,8985.0
22.658892,120.332081,5.0,6,2296.0,10870.5
22.658892,120.332081,5.0,7,2296.0,10870.5
22.658892,120.332081,5.0,8,2259.5,9669.5
22.658892,120.332081,5.0,9,2259.5,9669.5
22.658892,120.332081,5.0,10,2052.5,7414.0
22.658892,120.332081,5.0,11,2052.5,7414.0
22.680347,120.563311,2.0,2,1048.5,2903.5
22.680347,120.563311,2.0,3,1048.5,2903.5
22.680347,120.563311,2.0,4,972.5,3090.5
22.680347,120.563311,2.0,5,972.5,3090.5
22.680347,120.563311,2.0,6,1057.5,3624.0
22.680347,120.563311,2.0,7,1057.5,3624.0
22.680347,120.563311,2.0,8,1016.5,3006.5
22.680347,120.563311,2.0,9,1016.5,3006.5
22.682775,120.563086,2.0,2,1100.5,3070.5
22.682775,120.563086,2.0,3,1100.5,3070.5
22.682775,120.563086,2.0,4,1031.5,3280.0
22.682775,120.563086,2.0,5,1031.5,3280.0
22.682775,120.563086,2.0,6,1102.5,3815.0
22.682775,120.563086,2.0,7,1102.5,3815.0
22.682775,120.563086,2.0,8,1057.5,3189.0
22.682775,120.563086,2.0,9,1057.5,3189.0
22.703364,120.328181,4.0,2,2224.0,8152.0
22.703364,120.328181,4.0,3,2224.0,8152.0
22.703364,120.328181,4.0,4,2072.5,8656.5
22.703364,120.328181,4.0,5,2072.5,8656.5
22.703364,120.328181,4.0,6,2262.5,10645.0
22.703364,120.328181,4.0,7,2262.5,10645.0
22.703364,120.328181,4.0,8,2200.0,8938.5
22.703364,120.328181,4.0,9,2200.0,8938.5
22.704642,120.541133,2.0,3,938.0,2555.5
22.704642,120.541133,2.0,4,938.0,2555.5
22.704642,120.541133,2.0,5,983.5,3290.0
22.704642,120.541133,2.0,6,983.5,3290.0
22.704642,120.541133,2.0,7,901.5,2943.5
22.704642,120.541133,2.0,8,901.5,2943.5
22.704642,120.541133,2.0,9,889.0,2386.5
22.704642,120.541133,2.0,10,889.0,2386.5
22.7058,120.539336,2.0,3,842.0,2225.5
22.7058,120.539336,2.0,4,842.0,2225.5
22.7058,120.539336,2.0,5,912.5,2992.0
22.7058,120.539336,2.0,6,912.5,2992.0
22.7058,120.539336,2.0,7,853.0,2738.5
22.7058,120.539336,2.0,8,853.0,2738.5
22.7058,120.539336,2.0,9,833.5,2196.5
22.7058,120.539336,2.0,10,833.5,2196.5
22.728956,120.333764,3.0,4,1162.5,3632.0
22.728956,120.333764,3.0,5,1162.5,3632.0
22.728956,120.333764,3.0,6,1222.0,4322.5
22.728956,120.333764,3.0,7,1222.0,4322.5
22.728956,120.333764,3.0,8,1190.0,3841.5
22.728956,120.333764,3.0,9,1190.0,3841.5
22.728956,120.333764,3.0,10,1061.0,2978.5
22.728956,120.333764,3.0,11,1061.0,2978.5
22.730903,120.334286,3.0,4,1124.5,3488.5
22.730903,120.334286,3.0,5,1124.5,3488.5
22.730903,120.334286,3.0,6,1177.0,4131.5
22.730903,120.334286,3.0,7,1177.0,4131.5
22.730903,120.334286,3.0,8,1153.5,3699.5
22.730903,120.334286,3.0,9,1153.5,3699.5
22.730903,120.334286,3.0,10,1034.5,2887.5
22.730903,120.334286,3.0,11,1034.5,2887.5
22.749792,120.496839,3.0,2,1698.5,5464.5
22.749792,120.496839,3.0,3,1698.5,5464.5
22.749792,120.496839,3.0,4,1606.5,5878.5
22.749792,120.496839,3.0,5,1606.5,5878.5
22.749792,120.496839,3.0,6,1721.0,6993.0
22.749792,120.496839,3.0,7,1721.0,6993.0
22.749792,120.496839,3.0,8,1674.5,5780.0
22.749792,120.496839,3.0,9,1674.5,5780.0
22.752806,120.334056,3.0,3,1804.0,6097.5
22.752806,120.334056,3.0,4,1804.0,6097.5
22.752806,120.334056,3.0,5,1979.0,8682.5
22.752806,120.334056,3.0,6,1979.0,8682.5
22.752806,120.334056,3.0,7,1830.5,7681.5
22.752806,120.334056,3.0,8,1830.5,7681.5
22.752806,120.334056,3.0,9,1759.0,5859.5
22.752806,120.334056,3.0,10,1759.0,5859.5
22.769197,120.441839,3.0,3,1586.0,5127.0
22.769197,120.441839,3.0,4,1586.0,5127.0
22.769197,120.441839,3.0,5,1560.0,5908.0
22.769197,120.441839,3.0,6,1560.0,5908.0
22.769197,120.441839,3.0,7,1594.5,5948.5
22.769197,120.441839,3.0,8,1594.5,5948.5
22.769197,120.441839,3.0,9,1620.0,5123.5
22.769197,120.441839,3.0,10,1620.0,5123.5
22.818039,120.312731,3.0,3,1756.0,5931.0
22.818039,120.312731,3.0,4,1756.0,5931.0
22.818039,120.312731,3.0,5,1789.5,7455.0
22.818039,120.312731,3.0,6,1789.5,7455.0
22.818039,120.312731,3.0,7,1735.0,6955.0
22.818039,120.312731,3.0,8,1735.0,6955.0
22.818039,120.312731,3.0,9,1673.0,5404.5
22.818039,120.312731,3.0,10,1673.0,5404.5
22.845122,120.385428,3.0,2,1636.0,7192.0
22.845122,120.385428,3.0,3,1636.0,7192.0
22.845122,120.385428,3.0,4,1577.0,8147.5
22.845122,120.385428,3.0,5,1577.0,8147.5
22.845122,120.385428,3.0,6,1807.0,10521.0
22.845122,120.385428,3.0,7,1807.0,10521.0
22.845122,120.385428,3.0,8,1793.0,8984.0
22.845122,120.385428,3.0,9,1793.0,8984.0
22.867419,120.284989,3.0,3,1889.0,9148.5
22.867419,120.284989,3.0,4,1889.0,9148.5
22.867419,120.284989,3.0,5,1926.5,11484.5
22.867419,120.284989,3.0,6,1926.5,11484.5
22.867419,120.284989,3.0,7,1871.5,10789.5
22.867419,120.284989,3.0,8,1871.5,10789.5
22.867419,120.284989,3.0,9,1780.0,8272.0
22.867419,120.284989,3.0,10,1780.0,8272.0
22.892619,120.27215,3.0,3,1856.5,8892.5
22.892619,120.27215,3.0,4,1856.5,8892.5
22.892619,120.27215,3.0,5,1918.0,11415.5
22.892619,120.27215,3.0,6,1918.0,11415.5
22.892619,120.27215,3.0,7,1752.5,9887.0
22.892619,120.27215,3.0,8,1752.5,9887.0
22.892619,120.27215,3.0,9,1790.5,8338.5
22.892619,120.27215,3.0,10,1790.5,8338.5
22.901969,120.354767,3.0,3,1541.5,4940.0
22.901969,120.354767,3.0,4,1541.5,4940.0
22.901969,120.354767,3.0,5,1574.5,6005.0
22.901969,120.354767,3.0,6,1574.5,6005.0
22.901969,120.354767,3.0,7,1615.5,5996.0
22.901969,120.354767,3.0,8,1615.5,5996.0
22.901969,120.354767,3.0,9,1460.0,4350.5
22.901969,120.354767,3.0,10,1460.0,4350.5
22.960903,120.249822,3.0,2,1889.5,8682.5
22.960903,120.249822,3.0,3,1889.5,8682.5
22.960903,120.249822,3.0,4,1745.0,9206.0
22.960903,120.249822,3.0,5,1745.0,9206.0
22.960903,120.249822,3.0,6,1909.5,11346.0
22.960903,120.249822,3.0,7,1909.5,11346.0
22.960903,120.249822,3.0,8,1856.0,9625.0
22.960903,120.249822,3.0,9,1856.0,9625.0
22.969758,120.340164,3.0,3,1577.5,5189.5
22.969758,120.340164,3.0,4,1577.5,5189.5
22.969758,120.340164,3.0,5,1620.0,6312.5
22.969758,120.340164,3.0,6,1620.0,6312.5
22.969758,120.340164,3.0,7,1578.5,5739.5
22.969758,120.340164,3.0,8,1578.5,5739.5
22.969758,120.340164,3.0,9,1536.5,4680.0
22.969758,120.340164,3.0,10,1536.5,4680.0
22.991814,120.248175,3.0,2,1863.0,6323.5
22.991814,120.248175,3.0,3,1863.0,6323.5
22.991814,120.248175,3.0,4,1734.0,6720.0
22.991814,120.248175,3.0,5,1734.0,6720.0
22.991814,120.248175,3.0,6,1897.0,8180.5
22.991814,120.248175,3.0,7,1897.0,8180.5
22.991814,120.248175,3.0,8,1793.0,6399.5
22.991814,120.248175,3.0,9,1793.0,6399.5
23.014172,120.249997,3.0,2,1875.0,6341.0
23.014172,120.249997,3.0,3,1875.0,6341.0
23.014172,120.249997,3.0,4,1717.0,6393.5
23.014172,120.249997,3.0,5,1717.0,6393.5
23.014172,120.249997,3.0,6,1885.5,8103.0
23.014172,120.249997,3.0,7,1885.5,8103.0
23.014172,120.249997,3.0,8,1835.0,6891.0
23.014172,120.249997,3.0,9,1835.0,6891.0
23.040203,120.325172,3.0,2,1703.5,5494.5
23.040203,120.325172,3.0,3,1703.5,5494.5
23.040203,120.325172,3.0,4,1642.5,6138.5
23.040203,120.325172,3.0,5,1642.5,6138.5
23.040203,120.325172,3.0,6,1743.5,7144.5
23.040203,120.325172,3.0,7,1743.5,7144.5
23.040203,120.325172,3.0,8,1620.5,5423.5
23.040203,120.325172,3.0,9,1620.5,5423.5
23.051311,120.253025,3.0,3,1851.0,6419.0
23.051311,120.253025,3.0,4,1851.0,6419.0
23.051311,120.253025,3.0,5,1868.0,7985.0
23.051311,120.253025,3.0,6,1868.0,7985.0
23.051311,120.253025,3.0,7,1734.5,7015.0
23.051311,120.253025,3.0,8,1734.5,7015.0
23.051311,120.253025,3.0,9,1782.5,5984.0
23.051311,120.253025,3.0,10,1782.5,5984.0
23.085272,120.329033,3.0,2,1684.5,5339.5
23.085272,120.329033,3.0,3,1684.5,5339.5
23.085272,120.329033,3.0,4,1598.5,5607.0
23.085272,120.329033,3.0,5,1598.5,5607.0
23.085272,120.329033,3.0,6,1691.0,6791.5
23.085272,120.329033,3.0,7,1691.0,6791.5
23.085272,120.329033,3.0,8,1649.0,5833.0
23.085272,120.329033,3.0,9,1649.0,5833.0
23.085272,120.329033,3.0,10,1377.0,4065.0
23.085272,120.329033,3.0,11,1377.0,4065.0
23.104817,120.247681,3.0,2,1706.5,5529.5
23.104817,120.247681,3.0,3,1706.5,5529.5
23.104817,120.247681,3.0,4,1681.5,6485.0
23.104817,120.247681,3.0,5,1681.5,6485.0
23.104817,120.247681,3.0,6,1799.0,7519.5
23.104817,120.247681,3.0,7,1799.0,7519.5
23.104817,120.247681,3.0,8,1719.0,5888.0
23.104817,120.247681,3.0,9,1719.0,5888.0
23.132064,120.333711,3.0,3,1701.0,8078.0
23.132064,120.333711,3.0,4,1701.0,8078.0
23.132064,120.333711,3.0,5,1721.0,9828.5
23.132064,120.333711,3.0,6,1721.0,9828.5
23.132064,120.333711,3.0,7,1629.5,8795.5
23.132064,120.333711,3.0,8,1629.5,8795.5
23.132064,120.333711,3.0,9,1661.0,7520.5
23.132064,120.333711,3.0,10,1661.0,7520.5
23.140751,120.23327,3.0,4,1734.0,6323.0
23.140751,120.23327,3.0,5,1734.0,6323.0
23.140751,120.23327,3.0,6,1837.5,7779.0
23.140751,120.23327,3.0,7,1837.5,7779.0
23.140751,120.23327,3.0,8,1738.0,6472.0
23.140751,120.23327,3.0,9,1738.0,6472.0
23.140751,120.23327,3.0,10,1592.0,4975.0
23.140751,120.23327,3.0,11,1592.0,4975.0
23.197286,120.236422,3.0,3,1747.5,5781.5
23.197286,120.236422,3.0,4,1747.5,5781.5
23.197286,120.236422,3.0,5,1858.0,7846.5
23.197286,120.236422,3.0,6,1858.0,7846.5
23.197286,120.236422,3.0,7,1805.5,7539.5
23.197286,120.236422,3.0,8,1805.5,7539.5
23.197286,120.236422,3.0,9,1743.0,5774.0
23.197286,120.236422,3.0,10,1743.0,5774.0
23.203275,120.355461,3.0,3,1704.0,5927.5
23.203275,120.355461,3.0,4,1704.0,5927.5
23.203275,120.355461,3.0,5,1732.0,7067.5
23.203275,120.355461,3.0,6,1732.0,7067.5
23.203275,120.355461,3.0,7,1651.0,6172.0
23.203275,120.355461,3.0,8,1651.0,6172.0
23.203275,120.355461,3.0,9,1620.5,5126.0
23.203275,120.355461,3.0,10,1620.5,5126.0
23.244994,120.367378,3.0,2,1712.0,5542.5
23.244994,120.367378,3.0,3,1712.0,5542.5
23.244994,120.367378,3.0,4,1620.0,6015.0
23.244994,120.367378,3.0,5,1620.0,6015.0
23.244994,120.367378,3.0,6,1712.5,6936.0
23.244994,120.367378,3.0,7,1712.5,6936.0
23.244994,120.367378,3.0,8,1618.5,5368.5
23.244994,120.367378,3.0,9,1618.5,5368.5
23.272589,120.265769,3.0,3,1714.0,6005.5
23.272589,120.265769,3.0,4,1714.0,6005.5
23.272589,120.265769,3.0,5,1769.5,7320.5
23.272589,120.265769,3.0,6,1769.5,7320.5
23.272589,120.265769,3.0,7,1627.5,5976.0
23.272589,120.265769,3.0,8,1627.5,5976.0
23.272589,120.265769,3.0,9,1612.5,5084.0
23.272589,120.265769,3.0,10,1612.5,5084.0
23.279281,120.390253,3.0,3,1746.0,5855.5
23.279281,120.390253,3.0,4,1746.0,5855.5
23.279281,120.390253,3.0,5,1704.5,6882.5
23.279281,120.390253,3.0,6,1704.5,6882.5
23.279281,120.390253,3.0,7,1616.5,6228.5
23.279281,120.390253,3.0,8,1616.5,6228.5
23.279281,120.390253,3.0,9,1639.5,5226.5
23.279281,120.390253,3.0,10,1639.5,5226.5
23.296692,120.404164,3.0,3,1574.0,4880.0
23.296692,120.404164,3.0,4,1574.0,4880.0
23.296692,120.404164,3.0,5,1670.0,6612.0
23.296692,120.404164,3.0,6,1670.0,6612.0
23.296692,120.404164,3.0,7,1622.0,6285.5
23.296692,120.404164,3.0,8,1622.0,6285.5
23.296692,120.404164,3.0,9,1570.5,4861.5
23.296692,120.404164,3.0,10,1570.5,4861.5
23.320994,120.298703,3.0,3,1706.5,5942.0
23.320994,120.298703,3.0,4,1706.5,5942.0
23.320994,120.298703,3.0,5,1698.5,6842.0
23.320994,120.298703,3.0,6,1698.5,6842.0
23.320994,120.298703,3.0,7,1687.0,6400.0
23.320994,120.298703,3.0,8,1687.0,6400.0
23.320994,120.298703,3.0,9,1614.5,5094.5
23.320994,120.298703,3.0,10,1614.5,5094.5
23.347469,120.322192,3.0,3,1558.5,5099.5
23.347469,120.322192,3.0,4,1558.5,5099.5
23.347469,120.322192,3.0,5,1646.5,6491.0
23.347469,120.322192,3.0,6,1646.5,6491.0
23.347469,120.322192,3.0,7,1616.0,5950.5
23.347469,120.322192,3.0,8,1616.0,5950.5
23.347469,120.322192,3.0,9,1579.5,4909.0
23.347469,120.322192,3.0,10,1579.5,4909.0
23.361253,120.436356,3.0,4,1724.0,6223.5
23.361253,120.436356,3.0,5,1724.0,6223.5
23.361253,120.436356,3.0,6,1724.0,7014.0
23.361253,120.436356,3.0,7,1724.0,7014.0
23.361253,120.436356,3.0,8,1724.0,6408.5
23.361253,120.436356,3.0,9,1724.0,6408.5
23.436367,120.361561,4.0,2,1942.5,9005.0
23.436367,120.361561,4.0,3,1942.5,9005.0
23.436367,120.361561,4.0,4,1745.0,9206.0
23.436367,120.361561,4.0,5,1745.0,9206.0
23.436367,120.361561,4.0,6,1895.5,11234.5
23.436367,120.361561,4.0,7,1895.5,11234.5
23.436367,120.361561,4.0,8,1850.0,9582.5
23.436367,120.361561,4.0,9,1850.0,9582.5
23.442486,120.4812,3.0,4,1538.0,7453.5
23.442486,120.4812,3.0,5,1538.0,7453.5
23.442486,120.4812,3.0,6,1624.5,9051.0
23.442486,120.4812,3.0,7,1624.5,9051.0
23.442486,120.4812,3.0,8,1612.0,8136.5
23.442486,120.4812,3.0,9,1612.0,8136.5
23.442486,120.4812,3.0,10,1404.0,5898.0
23.442486,120.4812,3.0,11,1404.0,5898.0
23.469403,120.3777,3.0,3,1715.0,7983.5
23.469403,120.3777,3.0,4,1715.0,7983.5
23.469403,120.3777,3.0,5,1752.5,10082.5
23.469403,120.3777,3.0,6,1752.5,10082.5
23.469403,120.3777,3.0,7,1890.5,10975.0
23.469403,120.3777,3.0,8,1890.5,10975.0
23.469403,120.3777,3.0,9,1492.5,6456.5
23.469403,120.3777,3.0,10,1492.5,6456.5
23.492078,120.494586,3.0,2,1762.0,7897.5
23.492078,120.494586,3.0,3,1762.0,7897.5
23.492078,120.494586,3.0,4,1492.0,7324.0
23.492078,120.494586,3.0,5,1492.0,7324.0
23.492078,120.494586,3.0,6,1577.5,8672.5
23.492078,120.494586,3.0,7,1577.5,8672.5
23.492078,120.494586,3.0,8,1578.0,7701.0
23.492078,120.494586,3.0,9,1578.0,7701.0
23.511683,120.486328,3.0,2,1612.0,4984.0
23.511683,120.486328,3.0,3,1612.0,4984.0
23.511683,120.486328,3.0,4,1588.5,5587.5
23.511683,120.486328,3.0,5,1588.5,5587.5
23.511683,120.486328,3.0,6,1605.5,6215.0
23.511683,120.486328,3.0,7,1605.5,6215.0
23.511683,120.486328,3.0,8,1615.5,5615.0
23.511683,120.486328,3.0,9,1615.5,5615.0
23.526739,120.405583,3.0,2,1738.0,5648.5
23.526739,120.405583,3.0,3,1738.0,5648.5
23.526739,120.405583,3.0,4,1659.0,6118.5
23.526739,120.405583,3.0,5,1659.0,6118.5
23.526739,120.405583,3.0,6,1754.0,7216.0
23.526739,120.405583,3.0,7,1754.0,7216.0
23.526739,120.405583,3.0,8,1681.5,5882.0
23.526739,120.405583,3.0,9,1681.5,5882.0
23.558125,120.505061,3.0,3,1625.5,5384.5
23.558125,120.505061,3.0,4,1625.5,5384.5
23.558125,120.505061,3.0,5,1669.0,6643.0
23.558125,120.505061,3.0,6,1669.0,6643.0
23.558125,120.505061,3.0,7,1666.0,6339.0
23.558125,120.505061,3.0,8,1666.0,6339.0
23.558125,120.505061,3.0,9,1562.5,4815.0
23.558125,120.505061,3.0,10,1562.5,4815.0
23.601989,120.435417,3.0,3,1782.0,6049.0
23.601989,120.435417,3.0,4,1782.0,6049.0
23.601989,120.435417,3.0,5,1768.5,7314.0
23.601989,120.435417,3.0,6,1768.5,7314.0
23.601989,120.435417,3.0,7,1681.5,6662.5
23.601989,120.435417,3.0,8,1681.5,6662.5
23.601989,120.435417,3.0,9,1621.0,5128.5
23.601989,120.435417,3.0,10,1621.0,5128.5
23.606792,120.532511,3.0,3,1640.0,5445.0
23.606792,120.532511,3.0,4,1640.0,5445.0
23.606792,120.532511,3.0,5,1684.5,6747.5
23.606792,120.532511,3.0,6,1684.5,6747.5
23.606792,120.532511,3.0,7,1606.0,5973.0
23.606792,120.532511,3.0,8,1606.0,5973.0
23.606792,120.532511,3.0,9,1591.5,4972.5
23.606792,120.532511,3.0,10,1591.5,4972.5
23.618203,120.558567,3.0,3,1582.5,5108.0
23.618203,120.558567,3.0,4,1582.5,5108.0
23.618203,120.558567,3.0,5,1767.0,7304.0
23.618203,120.558567,3.0,6,1767.0,7304.0
23.618203,120.558567,3.0,7,1687.5,6553.5
23.618203,120.558567,3.0,8,1687.5,6553.5
23.618203,120.558567,3.0,9,1657.0,5319.5
23.618203,120.558567,3.0,10,1657.0,5319.5
23.639556,120.443114,3.0,3,1660.5,5700.0
23.639556,120.443114,3.0,4,1660.5,5700.0
23.639556,120.443114,3.0,5,1738.5,7111.5
23.639556,120.443114,3.0,6,1738.5,7111.5
23.639556,120.443114,3.0,7,1640.0,6054.5
23.639556,120.443114,3.0,8,1640.0,6054.5
23.639556,120.443114,3.0,9,1611.0,5075.5
23.639556,120.443114,3.0,10,1611.0,5075.5
23.649142,120.57295,3.0,2,1613.5,5016.0
23.649142,120.57295,3.0,3,1613.5,5016.0
23.649142,120.57295,3.0,4,1531.0,5365.0
23.649142,120.57295,3.0,5,1531.0,5365.0
23.649142,120.57295,3.0,6,1604.5,6208.0
23.649142,120.57295,3.0,7,1604.5,6208.0
23.649142,120.57295,3.0,8,1565.0,5190.0
23.649142,120.57295,3.0,9,1565.0,5190.0
23.677375,120.462281,4.0,3,1936.0,6875.0
23.677375,120.462281,4.0,4,1936.0,6875.0
23.677375,120.462281,4.0,5,1954.0,8564.0
23.677375,120.462281,4.0,6,1954.0,8564.0
23.677375,120.462281,4.0,7,1836.0,7692.5
23.677375,120.462281,4.0,8,1836.0,7692.5
23.677375,120.462281,4.0,9,1871.0,6452.5
23.677375,120.462281,4.0,10,1871.0,6452.5
23.702603,120.474917,3.0,3,1694.0,5597.5
23.702603,120.474917,3.0,4,1694.0,5597.5
23.702603,120.474917,3.0,5,1592.5,6127.0
23.702603,120.474917,3.0,6,1592.5,6127.0
23.702603,120.474917,3.0,7,1595.0,6030.5
23.702603,120.474917,3.0,8,1595.0,6030.5
23.702603,120.474917,3.0,9,1620.0,5123.5
23.702603,120.474917,3.0,10,1620.0,5123.5
23.724425,120.601786,3.0,3,1656.5,5537.0
23.724425,120.601786,3.0,4,1656.5,5537.0
23.724425,120.601786,3.0,5,1610.0,6245.0
23.724425,120.601786,3.0,6,1610.0,6245.0
23.724425,120.601786,3.0,7,1648.5,6246.5
23.724425,120.601786,3.0,8,1648.5,6246.5
23.724425,120.601786,3.0,9,1626.5,5157.5
23.724425,120.601786,3.0,10,1626.5,5157.5
23.766328,120.469342,3.0,2,1689.0,5391.5
23.766328,120.469342,3.0,3,1689.0,5391.5
23.766328,120.469342,3.0,4,1522.5,5253.5
23.766328,120.469342,3.0,5,1522.5,5253.5
23.766328,120.469342,3.0,6,1703.0,6871.5
23.766328,120.469342,3.0,7,1703.0,6871.5
23.766328,120.469342,3.0,8,1666.0,5827.5
23.766328,120.469342,3.0,9,1666.0,5827.5
23.775581,120.6259,3.0,3,1664.0,5578.5
23.775581,120.6259,3.0,4,1664.0,5578.5
23.775581,120.6259,3.0,5,1630.5,6383.5
23.775581,120.6259,3.0,6,1630.5,6383.5
23.775581,120.6259,3.0,7,1591.5,5879.5
23.775581,120.6259,3.0,8,1591.5,5879.5
23.775581,120.6259,3.0,9,1466.0,4371.0
23.775581,120.6259,3.0,10,1466.0,4371.0
23.787486,120.704519,3.0,2,353.0,681.0
23.787486,120.704519,3.0,3,353.0,681.0
23.787486,120.704519,3.0,4,279.5,551.0
23.787486,120.704519,3.0,5,279.5,551.0
23.787486,120.704519,3.0,6,44.0,65.5
23.787486,120.704519,3.0,7,44.0,65.5
23.787486,120.704519,3.0,8,20.0,27.0
23.787486,120.704519,3.0,9,20.0,27.0
23.814836,120.700003,3.0,3,1612.0,5404.0
23.814836,120.700003,3.0,4,1612.0,5404.0
23.814836,120.700003,3.0,5,1687.0,6764.5
23.814836,120.700003,3.0,6,1687.0,6764.5
23.814836,120.700003,3.0,7,1628.0,6026.0
23.814836,120.700003,3.0,8,1628.0,6026.0
23.814836,120.700003,3.0,9,1557.5,4792.5
23.814836,120.700003,3.0,10,1557.5,4792.5
23.830569,120.484881,3.0,3,1675.0,5660.0
23.830569,120.484881,3.0,4,1675.0,5660.0
23.830569,120.484881,3.0,5,1767.5,7306.0
23.830569,120.484881,3.0,6,1767.5,7306.0
23.830569,120.484881,3.0,7,1733.0,6769.0
23.830569,120.484881,3.0,8,1733.0,6769.0
23.830569,120.484881,3.0,9,1573.0,4875.0
23.830569,120.484881,3.0,10,1573.0,4875.0
23.882031,120.709186,3.0,2,1699.0,5431.5
23.882031,120.709186,3.0,3,1699.0,5431.5
23.882031,120.709186,3.0,4,1585.5,5569.0
23.882031,120.709186,3.0,5,1585.5,5569.0
23.882031,120.709186,3.0,6,1726.5,7030.5
23.882031,120.709186,3.0,7,1726.5,7030.5
23.882031,120.709186,3.0,8,1679.5,5994.0
23.882031,120.709186,3.0,9,1679.5,5994.0
23.906781,120.702828,3.0,2,1655.0,5220.0
23.906781,120.702828,3.0,3,1655.0,5220.0
23.906781,120.702828,3.0,4,1631.5,5948.0
23.906781,120.702828,3.0,5,1631.5,5948.0
23.906781,120.702828,3.0,6,1714.5,6949.5
23.906781,120.702828,3.0,7,1714.5,6949.5
23.906781,120.702828,3.0,8,1643.0,5659.0
23.906781,120.702828,3.0,9,1643.0,5659.0
23.912769,120.49765,3.0,2,1634.0,5097.0
23.912769,120.49765,3.0,3,1634.0,5097.0
23.912769,120.49765,3.0,4,1663.0,6041.5
23.912769,120.49765,3.0,5,1663.0,6041.5
23.912769,120.49765,3.0,6,1736.5,7098.0
23.912769,120.49765,3.0,7,1736.5,7098.0
23.912769,120.49765,3.0,8,1691.5,6065.0
23.912769,120.49765,3.0,9,1691.5,6065.0
23.937928,120.676853,3.0,3,2160.5,8186.0
23.937928,120.676853,3.0,4,2160.5,8186.0
23.937928,120.676853,3.0,5,2335.5,11137.0
23.937928,120.676853,3.0,6,2335.5,11137.0
23.937928,120.676853,3.0,7,2175.5,9796.5
23.937928,120.676853,3.0,8,2175.5,9796.5
23.937928,120.676853,3.0,9,2072.5,7519.5
23.937928,120.676853,3.0,10,2072.5,7519.5
23.955503,120.661267,4.0,3,1153.0,3295.0
23.955503,120.661267,4.0,4,1153.0,3295.0
23.955503,120.661267,4.0,5,1355.5,4863.0
23.955503,120.661267,4.0,6,1355.5,4863.0
23.955503,120.661267,4.0,7,1186.0,4144.0
23.955503,120.661267,4.0,8,1186.0,4144.0
23.955503,120.661267,4.0,9,1213.0,3501.5
23.955503,120.661267,4.0,10,1213.0,3501.5
23.957103,120.657614,4.0,3,1240.5,3595.5
23.957103,120.657614,4.0,4,1240.5,3595.5
23.957103,120.657614,4.0,5,1501.0,5479.5
23.957103,120.657614,4.0,6,1501.0,5479.5
23.957103,120.657614,4.0,7,1315.0,4688.0
23.957103,120.657614,4.0,8,1315.0,4688.0
23.957103,120.657614,4.0,9,1310.0,3835.0
23.957103,120.657614,4.0,10,1310.0,3835.0
23.971794,120.506117,3.0,3,1764.0,5859.5
23.971794,120.506117,3.0,4,1764.0,5859.5
23.971794,120.506117,3.0,5,1833.5,7633.5
23.971794,120.506117,3.0,6,1833.5,7633.5
23.971794,120.506117,3.0,7,1728.0,7040.5
23.971794,120.506117,3.0,8,1728.0,7040.5
23.971794,120.506117,3.0,9,1827.5,6342.5
23.971794,120.506117,3.0,10,1827.5,6342.5
23.985844,120.652714,4.0,3,1934.0,7236.0
23.985844,120.652714,4.0,4,1934.0,7236.0
23.985844,120.652714,4.0,5,2001.0,8881.5
23.985844,120.652714,4.0,6,2001.0,8881.5
23.985844,120.652714,4.0,7,1892.0,7697.0
23.985844,120.652714,4.0,8,1892.0,7697.0
23.985844,120.652714,4.0,9,1892.0,6564.0
23.985844,120.652714,4.0,10,1892.0,6564.0
24.01894444,120.6631611,4.0,3,2406.0,9960.5
24.01894444,120.6631611,4.0,4,2406.0,9960.5
24.01894444,120.6631611,4.0,5,2535.0,12482.5
24.01894444,120.6631611,4.0,6,2535.0,12482.5
24.01894444,120.6631611,4.0,7,2501.0,11458.0
24.01894444,120.6631611,4.0,8,2501.0,11458.0
24.01894444,120.6631611,4.0,9,2282.0,8629.0
24.01894444,120.6631611,4.0,10,2282.0,8629.0
24.037419,120.675925,4.0,3,1307.5,3978.0
24.037419,120.675925,4.0,4,1307.5,3978.0
24.037419,120.675925,4.0,5,1393.0,5048.0
24.037419,120.675925,4.0,6,1393.0,5048.0
24.037419,120.675925,4.0,7,1374.5,4778.5
24.037419,120.675925,4.0,8,1374.5,4778.5
24.037419,120.675925,4.0,9,1240.0,3594.5
24.037419,120.675925,4.0,10,1240.0,3594.5
24.040639,120.522786,3.0,3,1819.5,6585.0
24.040639,120.522786,3.0,4,1819.5,6585.0
24.040639,120.522786,3.0,5,1916.0,8308.5
24.040639,120.522786,3.0,6,1916.0,8308.5
24.040639,120.522786,3.0,7,1906.0,7786.5
24.040639,120.522786,3.0,8,1906.0,7786.5
24.040639,120.522786,3.0,9,1757.0,5849.0
24.040639,120.522786,3.0,10,1757.0,5849.0
24.040994,120.677853,4.0,3,1290.5,3917.5
24.040994,120.677853,4.0,4,1290.5,3917.5
24.040994,120.677853,4.0,5,1361.5,4915.0
24.040994,120.677853,4.0,6,1361.5,4915.0
24.040994,120.677853,4.0,7,1344.5,4656.0
24.040994,120.677853,4.0,8,1344.5,4656.0
24.040994,120.677853,4.0,9,1228.5,3555.0
24.040994,120.677853,4.0,10,1228.5,3555.0
24.060428,120.671533,3.0,3,1173.5,3485.5
24.060428,120.671533,3.0,4,1173.5,3485.5
24.060428,120.671533,3.0,5,1222.0,4322.0
24.060428,120.671533,3.0,6,1222.0,4322.0
24.060428,120.671533,3.0,7,1164.0,3952.5
24.060428,120.671533,3.0,8,1164.0,3952.5
24.060428,120.671533,3.0,9,1131.0,3219.5
24.060428,120.671533,3.0,10,1131.0,3219.5
24.060653,120.670964,3.0,3,1152.5,3411.5
24.060653,120.670964,3.0,4,1152.5,3411.5
24.060653,120.670964,3.0,5,1192.5,4197.0
24.060653,120.670964,3.0,6,1192.5,4197.0
24.060653,120.670964,3.0,7,1133.0,3825.0
24.060653,120.670964,3.0,8,1133.0,3825.0
24.060653,120.670964,3.0,9,1100.5,3114.5
24.060653,120.670964,3.0,10,1100.5,3114.5
24.067778,120.652361,4.0,3,1280.5,3772.5
24.067778,120.652361,4.0,4,1280.5,3772.5
24.067778,120.652361,4.0,5,1306.5,4681.5
24.067778,120.652361,4.0,6,1306.5,4681.5
24.067778,120.652361,4.0,7,1211.0,4236.0
24.067778,120.652361,4.0,8,1211.0,4236.0
24.067778,120.652361,4.0,9,1233.0,3570.0
24.067778,120.652361,4.0,10,1233.0,3570.0
24.067958,120.651433,4.0,3,1247.0,3656.5
24.067958,120.651433,4.0,4,1247.0,3656.5
24.067958,120.651433,4.0,5,1269.5,4524.5
24.067958,120.651433,4.0,6,1269.5,4524.5
24.067958,120.651433,4.0,7,1179.5,4103.5
24.067958,120.651433,4.0,8,1179.5,4103.5
24.067958,120.651433,4.0,9,1200.0,3456.5
24.067958,120.651433,4.0,10,1200.0,3456.5
24.070333,120.639711,3.0,3,1813.5,6218.0
24.070333,120.639711,3.0,4,1813.5,6218.0
24.070333,120.639711,3.0,5,1845.0,7829.5
24.070333,120.639711,3.0,6,1845.0,7829.5
24.070333,120.639711,3.0,7,1721.5,6929.0
24.070333,120.639711,3.0,8,1721.5,6929.0
24.070333,120.639711,3.0,9,1761.0,5870.0
24.070333,120.639711,3.0,10,1761.0,5870.0
24.085622,120.52785,4.0,2,2121.5,7604.5
24.085622,120.52785,4.0,3,2121.5,7604.5
24.085622,120.52785,4.0,4,1959.5,7848.5
24.085622,120.52785,4.0,5,1959.5,7848.5
24.085622,120.52785,4.0,6,2207.5,10274.0
24.085622,120.52785,4.0,7,2207.5,10274.0
24.085622,120.52785,4.0,8,2065.5,8281.0
24.085622,120.52785,4.0,9,2065.5,8281.0
24.102525,120.578747,3.0,3,2408.0,9238.5
24.102525,120.578747,3.0,4,2408.0,9238.5
24.102525,120.578747,3.0,5,2549.5,12258.0
24.102525,120.578747,3.0,6,2549.5,12258.0
24.102525,120.578747,3.0,7,2405.5,11609.0
24.102525,120.578747,3.0,8,2405.5,11609.0
24.102525,120.578747,3.0,9,2415.5,9562.5
24.102525,120.578747,3.0,10,2415.5,9562.5
24.113572,120.568131,3.0,3,1761.5,5851.0
24.113572,120.568131,3.0,4,1761.5,5851.0
24.113572,120.568131,3.0,5,2001.0,8771.0
24.113572,120.568131,3.0,6,2001.0,8771.0
24.113572,120.568131,3.0,7,1819.5,7657.5
24.113572,120.568131,3.0,8,1819.5,7657.5
24.113572,120.568131,3.0,9,1881.5,6609.0
24.113572,120.568131,3.0,10,1881.5,6609.0
24.119011,120.536692,3.0,3,1082.5,3042.0
24.119011,120.536692,3.0,4,1082.5,3042.0
24.119011,120.536692,3.0,5,1217.0,4239.0
24.119011,120.536692,3.0,6,1217.0,4239.0
24.119011,120.536692,3.0,7,1075.0,3698.0
24.119011,120.536692,3.0,8,1075.0,3698.0
24.119011,120.536692,3.0,9,1130.5,3275.0
24.119011,120.536692,3.0,10,1130.5,3275.0
24.120947,120.534547,3.0,3,1066.0,2985.0
24.120947,120.534547,3.0,4,1066.0,2985.0
24.120947,120.534547,3.0,5,1316.5,4655.0
24.120947,120.534547,3.0,6,1316.5,4655.0
24.120947,120.534547,3.0,7,1129.0,3927.5
24.120947,120.534547,3.0,8,1129.0,3927.5
24.120947,120.534547,3.0,9,1132.0,3280.5
24.120947,120.534547,3.0,10,1132.0,3280.5
24.130767,120.617247,3.0,3,1817.5,6455.0
24.130767,120.617247,3.0,4,1817.5,6455.0
24.130767,120.617247,3.0,5,1920.0,8335.0
24.130767,120.617247,3.0,6,1920.0,8335.0
24.130767,120.617247,3.0,7,1892.5,7792.5
24.130767,120.617247,3.0,8,1892.5,7792.5
24.130767,120.617247,3.0,9,1741.0,5764.5
24.130767,120.617247,3.0,10,1741.0,5764.5
24.163706,120.621933,3.0,2,1760.5,5807.5
24.163706,120.621933,3.0,3,1760.5,5807.5
24.163706,120.621933,3.0,4,1782.5,7113.5
24.163706,120.621933,3.0,5,1782.5,7113.5
24.163706,120.621933,3.0,6,1950.0,8537.5
24.163706,120.621933,3.0,7,1950.0,8537.5
24.163706,120.621933,3.0,8,1795.5,6335.5
24.163706,120.621933,3.0,9,1795.5,6335.5
24.177831,120.548244,3.0,2,1793.0,5915.0
24.177831,120.548244,3.0,3,1793.0,5915.0
24.177831,120.548244,3.0,4,1600.0,5656.0
24.177831,120.548244,3.0,5,1600.0,5656.0
24.177831,120.548244,3.0,6,1908.5,8257.5
24.177831,120.548244,3.0,7,1908.5,8257.5
24.177831,120.548244,3.0,8,1656.5,5857.5
24.177831,120.548244,3.0,9,1656.5,5857.5
24.184592,120.635611,3.0,3,606.0,1518.5
24.184592,120.635611,3.0,4,606.0,1518.5
24.184592,120.635611,3.0,5,257.5,635.0
24.184592,120.635611,3.0,6,257.5,635.0
24.184592,120.635611,3.0,7,1662.0,6387.0
24.184592,120.635611,3.0,8,1662.0,6387.0
24.184592,120.635611,3.0,9,1265.0,3680.0
24.184592,120.635611,3.0,10,1265.0,3680.0
24.231536,120.686625,3.0,2,1900.0,6465.0
24.231536,120.686625,3.0,3,1900.0,6465.0
24.231536,120.686625,3.0,4,1783.5,6775.5
24.231536,120.686625,3.0,5,1783.5,6775.5
24.231536,120.686625,3.0,6,1949.0,8531.0
24.231536,120.686625,3.0,7,1949.0,8531.0
24.231536,120.686625,3.0,8,1812.5,6782.0
24.231536,120.686625,3.0,9,1812.5,6782.0
24.234647,120.593306,3.0,2,1740.0,5679.5
24.234647,120.593306,3.0,3,1740.0,5679.5
24.234647,120.593306,3.0,4,1591.0,5780.0
24.234647,120.593306,3.0,5,1591.0,5780.0
24.234647,120.593306,3.0,6,1763.5,7280.0
24.234647,120.593306,3.0,7,1763.5,7280.0
24.234647,120.593306,3.0,8,1685.5,5843.0
24.234647,120.593306,3.0,9,1685.5,5843.0
24.262647,120.691956,4.0,2,2072.0,7373.5
24.262647,120.691956,4.0,3,2072.0,7373.5
24.262647,120.691956,4.0,4,2040.0,8485.5
24.262647,120.691956,4.0,5,2040.0,8485.5
24.262647,120.691956,4.0,6,2151.0,9893.0
24.262647,120.691956,4.0,7,2151.0,9893.0
24.262647,120.691956,4.0,8,2037.5,7941.5
24.262647,120.691956,4.0,9,2037.5,7941.5
24.269464,120.590806,3.0,2,1717.5,5535.0
24.269464,120.590806,3.0,3,1717.5,5535.0
24.269464,120.590806,3.0,4,1086.5,3465.0
24.269464,120.590806,3.0,5,1086.5,3465.0
24.269464,120.590806,3.0,6,2280.5,10766.0
24.269464,120.590806,3.0,7,2280.5,10766.0
24.269464,120.590806,3.0,8,1764.5,6452.5
24.269464,120.590806,3.0,9,1764.5,6452.5
24.292881,120.601964,3.0,2,1800.5,8141.5
24.292881,120.601964,3.0,3,1800.5,8141.5
24.292881,120.601964,3.0,4,1686.5,8777.0
24.292881,120.601964,3.0,5,1686.5,8777.0
24.292881,120.601964,3.0,6,1863.0,10972.5
24.292881,120.601964,3.0,7,1863.0,10972.5
24.292881,120.601964,3.0,8,1743.0,8831.5
24.292881,120.601964,3.0,9,1743.0,8831.5
24.301186,120.697325,3.0,2,1691.5,5447.5
24.301186,120.697325,3.0,3,1691.5,5447.5
24.301186,120.697325,3.0,4,1720.0,6711.0
24.301186,120.697325,3.0,5,1720.0,6711.0
24.301186,120.697325,3.0,6,1816.0,7634.5
24.301186,120.697325,3.0,7,1816.0,7634.5
24.301186,120.697325,3.0,8,1759.0,6133.0
24.301186,120.697325,3.0,9,1759.0,6133.0
24.334719,120.635578,3.0,3,1672.5,5675.5
24.334719,120.635578,3.0,4,1672.5,5675.5
24.334719,120.635578,3.0,5,1807.5,7576.5
24.334719,120.635578,3.0,6,1807.5,7576.5
24.334719,120.635578,3.0,7,1720.0,6664.5
24.334719,120.635578,3.0,8,1720.0,6664.5
24.334719,120.635578,3.0,9,1587.0,4948.5
24.334719,120.635578,3.0,10,1587.0,4948.5
24.339147,120.72085,3.0,3,1669.5,5751.5
24.339147,120.72085,3.0,4,1669.5,5751.5
24.339147,120.72085,3.0,5,1731.5,7063.5
24.339147,120.72085,3.0,6,1731.5,7063.5
24.339147,120.72085,3.0,7,1655.0,6148.5
24.339147,120.72085,3.0,8,1655.0,6148.5
24.339147,120.72085,3.0,9,1507.0,4525.0
24.339147,120.72085,3.0,10,1507.0,4525.0
24.341119,120.651567,3.0,3,1656.5,5637.0
24.341119,120.651567,3.0,4,1656.5,5637.0
24.341119,120.651567,3.0,5,1752.5,7205.5
24.341119,120.651567,3.0,6,1752.5,7205.5
24.341119,120.651567,3.0,7,1682.0,6400.5
24.341119,120.651567,3.0,8,1682.0,6400.5
24.341119,120.651567,3.0,9,1598.0,5007.0
24.341119,120.651567,3.0,10,1598.0,5007.0
24.420514,120.775731,3.0,3,1648.5,5252.0
24.420514,120.775731,3.0,4,1648.5,5252.0
24.420514,120.775731,3.0,5,1863.0,7828.5
24.420514,120.775731,3.0,6,1863.0,7828.5
24.420514,120.775731,3.0,7,1619.5,6309.0
24.420514,120.775731,3.0,8,1619.5,6309.0
24.420514,120.775731,3.0,9,1662.5,5449.5
24.420514,120.775731,3.0,10,1662.5,5449.5
24.467308,120.681217,3.0,2,1729.0,5566.5
24.467308,120.681217,3.0,3,1729.0,5566.5
24.467308,120.681217,3.0,4,1620.0,5737.5
24.467308,120.681217,3.0,5,1620.0,5737.5
24.467308,120.681217,3.0,6,1685.5,6754.5
24.467308,120.681217,3.0,7,1685.5,6754.5
24.467308,120.681217,3.0,8,1657.5,5883.5
24.467308,120.681217,3.0,9,1657.5,5883.5
24.467308,120.681217,3.0,10,1484.5,4435.0
24.467308,120.681217,3.0,11,1484.5,4435.0
24.485919,120.781903,3.0,2,1719.0,5542.5
24.485919,120.781903,3.0,3,1719.0,5542.5
24.485919,120.781903,3.0,4,1615.5,5793.0
24.485919,120.781903,3.0,5,1615.5,5793.0
24.485919,120.781903,3.0,6,1820.0,7661.0
24.485919,120.781903,3.0,7,1820.0,7661.0
24.485919,120.781903,3.0,8,1734.0,6273.0
24.485919,120.781903,3.0,9,1734.0,6273.0
24.531125,120.733253,3.0,3,1822.5,6162.0
24.531125,120.733253,3.0,4,1822.5,6162.0
24.531125,120.733253,3.0,5,1864.5,7765.0
24.531125,120.733253,3.0,6,1864.5,7765.0
24.531125,120.733253,3.0,7,1707.0,6898.0
24.531125,120.733253,3.0,8,1707.0,6898.0
24.531125,120.733253,3.0,9,1609.0,5178.5
24.531125,120.733253,3.0,10,1609.0,5178.5
24.550442,120.838925,3.0,3,1680.0,5667.5
24.550442,120.838925,3.0,4,1680.0,5667.5
24.550442,120.838925,3.0,5,1590.0,6109.5
24.550442,120.838925,3.0,6,1590.0,6109.5
24.550442,120.838925,3.0,7,1567.0,5722.0
24.550442,120.838925,3.0,8,1567.0,5722.0
24.550442,120.838925,3.0,9,1842.5,6301.5
24.550442,120.838925,3.0,10,1842.5,6301.5
24.579642,120.764417,3.0,3,1580.0,4983.5
24.579642,120.764417,3.0,4,1580.0,4983.5
24.579642,120.764417,3.0,5,1626.0,6353.0
24.579642,120.764417,3.0,6,1626.0,6353.0
24.579642,120.764417,3.0,7,1497.0,5391.0
24.579642,120.764417,3.0,8,1497.0,5391.0
24.579642,120.764417,3.0,9,1519.0,4588.5
24.579642,120.764417,3.0,10,1519.0,4588.5
24.627161,120.814006,3.0,3,1674.5,5616.5
24.627161,120.814006,3.0,4,1674.5,5616.5
24.627161,120.814006,3.0,5,1762.0,7270.0
24.627161,120.814006,3.0,6,1762.0,7270.0
24.627161,120.814006,3.0,7,1612.0,6062.5
24.627161,120.814006,3.0,8,1612.0,6062.5
24.627161,120.814006,3.0,9,1550.0,4753.0
24.627161,120.814006,3.0,10,1550.0,4753.0
24.632728,121.806958,2.0,3,988.0,2718.0
24.632728,121.806958,2.0,4,988.0,2718.0
24.632728,121.806958,2.0,5,1053.5,3555.0
24.632728,121.806958,2.0,6,1053.5,3555.0
24.632728,121.806958,2.0,7,971.5,3258.5
24.632728,121.806958,2.0,8,971.5,3258.5
24.632728,121.806958,2.0,9,979.0,2745.0
24.632728,121.806958,2.0,10,979.0,2745.0
24.655964,120.838242,3.0,3,1558.5,4975.0
24.655964,120.838242,3.0,4,1558.5,4975.0
24.655964,120.838242,3.0,5,1739.0,7115.0
24.655964,120.838242,3.0,6,1739.0,7115.0
24.655964,120.838242,3.0,7,1678.5,6495.0
24.655964,120.838242,3.0,8,1678.5,6495.0
24.655964,120.838242,3.0,9,1650.0,5282.5
24.655964,120.838242,3.0,10,1650.0,5282.5
24.662581,121.799908,2.0,3,1032.0,2919.5
24.662581,121.799908,2.0,4,1032.0,2919.5
24.662581,121.799908,2.0,5,1087.5,3750.5
24.662581,121.799908,2.0,6,1087.5,3750.5
24.662581,121.799908,2.0,7,1048.0,3519.5
24.662581,121.799908,2.0,8,1048.0,3519.5
24.662581,121.799908,2.0,9,975.0,2683.0
24.662581,121.799908,2.0,10,975.0,2683.0
24.67931667,120.9042667,3.0,3,1622.5,5136.5
24.67931667,120.9042667,3.0,4,1622.5,5136.5
24.67931667,120.9042667,3.0,5,1944.5,8451.0
24.67931667,120.9042667,3.0,6,1944.5,8451.0
24.67931667,120.9042667,3.0,7,1633.0,6359.0
24.67931667,120.9042667,3.0,8,1633.0,6359.0
24.67931667,120.9042667,3.0,9,1649.0,5276.0
24.67931667,120.9042667,3.0,10,1649.0,5276.0
24.698006,120.860086,3.0,2,1649.5,5191.5
24.698006,120.860086,3.0,3,1649.5,5191.5
24.698006,120.860086,3.0,4,1627.5,5923.0
24.698006,120.860086,3.0,5,1627.5,5923.0
24.698006,120.860086,3.0,6,1734.5,7082.0
24.698006,120.860086,3.0,7,1734.5,7082.0
24.698006,120.860086,3.0,8,1655.0,5728.5
24.698006,120.860086,3.0,9,1655.0,5728.5
24.710683,121.789461,2.0,3,909.5,2544.5
24.710683,121.789461,2.0,4,909.5,2544.5
24.710683,121.789461,2.0,5,1058.0,3625.0
24.710683,121.789461,2.0,6,1058.0,3625.0
24.710683,121.789461,2.0,7,959.0,3109.0
24.710683,121.789461,2.0,8,959.0,3109.0
24.710683,121.789461,2.0,9,925.5,2512.0
24.710683,121.789461,2.0,10,925.5,2512.0
24.711028,121.789478,2.0,3,981.0,2799.5
24.711028,121.789478,2.0,4,981.0,2799.5
24.711028,121.789478,2.0,5,1119.0,3884.5
24.711028,121.789478,2.0,6,1119.0,3884.5
24.711028,121.789478,2.0,7,1058.0,3516.0
24.711028,121.789478,2.0,8,1058.0,3516.0
24.711028,121.789478,2.0,9,1006.0,2789.0
24.711028,121.789478,2.0,10,1006.0,2789.0
24.711383,120.889639,3.0,2,1611.5,5012.0
24.711383,120.889639,3.0,3,1611.5,5012.0
24.711383,120.889639,3.0,4,1588.5,5765.0
24.711383,120.889639,3.0,5,1588.5,5765.0
24.711383,120.889639,3.0,6,1730.0,7054.5
24.711383,120.889639,3.0,7,1730.0,7054.5
24.711383,120.889639,3.0,8,1623.5,5488.5
24.711383,120.889639,3.0,9,1623.5,5488.5
24.727131,120.951897,3.0,4,1738.5,6285.0
24.727131,120.951897,3.0,5,1738.5,6285.0
24.727131,120.951897,3.0,6,1908.0,8253.0
24.727131,120.951897,3.0,7,1908.0,8253.0
24.727131,120.951897,3.0,8,1796.0,6870.5
24.727131,120.951897,3.0,9,1796.0,6870.5
24.727131,120.951897,3.0,10,1745.5,5788.0
24.727131,120.951897,3.0,11,1745.5,5788.0
24.733789,121.782022,1.0,2,1595.5,4905.5
24.733789,121.782022,1.0,3,1595.5,4905.5
24.733789,121.782022,1.0,4,1537.5,5313.0
24.733789,121.782022,1.0,5,1537.5,5313.0
24.733789,121.782022,1.0,6,1702.5,6868.5
24.733789,121.782022,1.0,7,1702.5,6868.5
24.733789,121.782022,1.0,8,1592.5,5440.5
24.733789,121.782022,1.0,9,1592.5,5440.5
24.753094,120.945675,3.0,3,1652.5,5535.0
24.753094,120.945675,3.0,4,1652.5,5535.0
24.753094,120.945675,3.0,5,1753.5,7213.0
24.753094,120.945675,3.0,6,1753.5,7213.0
24.753094,120.945675,3.0,7,1724.5,6714.5
24.753094,120.945675,3.0,8,1724.5,6714.5
24.753094,120.945675,3.0,9,1575.0,4885.0
24.753094,120.945675,3.0,10,1575.0,4885.0
24.755811,120.997269,4.0,3,1951.5,6825.0
24.755811,120.997269,4.0,4,1951.5,6825.0
24.755811,120.997269,4.0,5,1982.0,8508.5
24.755811,120.997269,4.0,6,1982.0,8508.5
24.755811,120.997269,4.0,7,2008.0,8928.0
24.755811,120.997269,4.0,8,2008.0,8928.0
24.755811,120.997269,4.0,9,1844.0,6480.5
24.755811,120.997269,4.0,10,1844.0,6480.5
24.757914,120.972267,3.0,4,1607.0,5495.5
24.757914,120.972267,3.0,5,1607.0,5495.5
24.757914,120.972267,3.0,6,1818.0,7647.5
24.757914,120.972267,3.0,7,1818.0,7647.5
24.757914,120.972267,3.0,8,1616.0,5812.5
24.757914,120.972267,3.0,9,1616.0,5812.5
24.757914,120.972267,3.0,10,1554.5,4776.5
24.757914,120.972267,3.0,11,1554.5,4776.5
24.758442,121.030425,3.0,2,1789.5,5877.0
24.758442,121.030425,3.0,3,1789.5,5877.0
24.758442,121.030425,3.0,4,1857.5,7173.0
24.758442,121.030425,3.0,5,1857.5,7173.0
24.758442,121.030425,3.0,6,1897.0,8180.5
24.758442,121.030425,3.0,7,1897.0,8180.5
24.758442,121.030425,3.0,8,1844.5,6996.0
24.758442,121.030425,3.0,9,1844.5,6996.0
24.758442,121.030425,3.0,10,1519.5,4591.5
24.758442,121.030425,3.0,11,1519.5,4591.5
24.763586,120.998861,3.0,3,1176.0,3351.5
24.763586,120.998861,3.0,4,1176.0,3351.5
24.763586,120.998861,3.0,5,1232.0,4237.5
24.763586,120.998861,3.0,6,1232.0,4237.5
24.763586,120.998861,3.0,7,1200.5,4231.0
24.763586,120.998861,3.0,8,1200.5,4231.0
24.763586,120.998861,3.0,9,1177.0,3478.0
24.763586,120.998861,3.0,10,1177.0,3478.0
24.764414,120.999897,4.0,3,1334.5,3892.0
24.764414,120.999897,4.0,4,1334.5,3892.0
24.764414,120.999897,4.0,5,1358.5,4758.5
24.764414,120.999897,4.0,6,1358.5,4758.5
24.764414,120.999897,4.0,7,1325.5,4762.0
24.764414,120.999897,4.0,8,1325.5,4762.0
24.764414,120.999897,4.0,9,1311.0,3953.5
24.764414,120.999897,4.0,10,1311.0,3953.5
24.783944,121.003725,3.0,3,1102.5,3311.5
24.783944,121.003725,3.0,4,1102.5,3311.5
24.783944,121.003725,3.0,5,1318.0,5204.5
24.783944,121.003725,3.0,6,1318.0,5204.5
24.783944,121.003725,3.0,7,1239.0,4166.5
24.783944,121.003725,3.0,8,1239.0,4166.5
24.783944,121.003725,3.0,9,1188.0,3415.0
24.783944,121.003725,3.0,10,1188.0,3415.0
24.789622,121.005247,3.0,3,1984.0,7355.0
24.789622,121.005247,3.0,4,1984.0,7355.0
24.789622,121.005247,3.0,5,2056.5,9255.5
24.789622,121.005247,3.0,6,2056.5,9255.5
24.789622,121.005247,3.0,7,2028.0,8690.5
24.789622,121.005247,3.0,8,2028.0,8690.5
24.789622,121.005247,3.0,9,1864.0,6414.0
24.789622,121.005247,3.0,10,1864.0,6414.0
24.791439,121.125997,3.0,3,1792.5,6315.0
24.791439,121.125997,3.0,4,1792.5,6315.0
24.791439,121.125997,3.0,5,1900.0,8200.5
24.791439,121.125997,3.0,6,1900.0,8200.5
24.791439,121.125997,3.0,7,1842.5,7471.5
24.791439,121.125997,3.0,8,1842.5,7471.5
24.791439,121.125997,3.0,9,1719.0,5647.5
24.791439,121.125997,3.0,10,1719.0,5647.5
24.797339,121.179128,3.0,2,1758.5,5750.0
24.797339,121.179128,3.0,3,1758.5,5750.0
24.797339,121.179128,3.0,4,1697.0,6333.5
24.797339,121.179128,3.0,5,1697.0,6333.5
24.797339,121.179128,3.0,6,1869.0,7990.5
24.797339,121.179128,3.0,7,1869.0,7990.5
24.797339,121.179128,3.0,8,1781.5,6500.5
24.797339,121.179128,3.0,9,1781.5,6500.5
24.808453,121.010306,3.0,2,1131.0,3177.5
24.808453,121.010306,3.0,3,1131.0,3177.5
24.808453,121.010306,3.0,4,1114.0,3633.5
24.808453,121.010306,3.0,5,1114.0,3633.5
24.808453,121.010306,3.0,6,1251.0,4445.5
24.808453,121.010306,3.0,7,1251.0,4445.5
24.808453,121.010306,3.0,8,1190.0,3668.5
24.808453,121.010306,3.0,9,1190.0,3668.5
24.816364,121.200339,3.0,4,2058.5,8249.0
24.816364,121.200339,3.0,5,2058.5,8249.0
24.816364,121.200339,3.0,6,2189.0,10149.0
24.816364,121.200339,3.0,7,2189.0,10149.0
24.816364,121.200339,3.0,8,2212.0,9347.0
24.816364,121.200339,3.0,9,2212.0,9347.0
24.816364,121.200339,3.0,10,1780.0,5970.5
24.816364,121.200339,3.0,11,1780.0,5970.5
24.823656,121.786347,2.0,3,1590.5,5169.0
24.823656,121.786347,2.0,4,1590.5,5169.0
24.823656,121.786347,2.0,5,1709.0,6912.5
24.823656,121.786347,2.0,6,1709.0,6912.5
24.823656,121.786347,2.0,7,1727.5,6755.0
24.823656,121.786347,2.0,8,1727.5,6755.0
24.823656,121.786347,2.0,9,1603.0,5033.5
24.823656,121.786347,2.0,10,1603.0,5033.5
24.842714,121.789183,2.0,2,1581.5,4876.5
24.842714,121.789183,2.0,3,1581.5,4876.5
24.842714,121.789183,2.0,4,1512.5,5391.5
24.842714,121.789183,2.0,5,1512.5,5391.5
24.842714,121.789183,2.0,6,1691.5,6795.0
24.842714,121.789183,2.0,7,1691.5,6795.0
24.842714,121.789183,2.0,8,1532.5,4852.0
24.842714,121.789183,2.0,9,1532.5,4852.0
24.848719,121.019031,3.0,3,1872.0,6733.5
24.848719,121.019031,3.0,4,1872.0,6733.5
24.848719,121.019031,3.0,5,1982.0,8752.5
24.848719,121.019031,3.0,6,1982.0,8752.5
24.848719,121.019031,3.0,7,1995.0,8478.0
24.848719,121.019031,3.0,8,1995.0,8478.0
24.848719,121.019031,3.0,9,1827.5,6222.5
24.848719,121.019031,3.0,10,1827.5,6222.5
24.856558,121.208581,3.0,4,1666.0,5860.5
24.856558,121.208581,3.0,5,1666.0,5860.5
24.856558,121.208581,3.0,6,1704.0,6879.0
24.856558,121.208581,3.0,7,1704.0,6879.0
24.856558,121.208581,3.0,8,1760.5,6653.5
24.856558,121.208581,3.0,9,1760.5,6653.5
24.856558,121.208581,3.0,10,1605.0,5044.0
24.856558,121.208581,3.0,11,1605.0,5044.0
24.878792,121.250839,3.0,2,1795.5,5972.5
24.878792,121.250839,3.0,3,1795.5,5972.5
24.878792,121.250839,3.0,4,1782.0,7024.5
24.878792,121.250839,3.0,5,1782.0,7024.5
24.878792,121.250839,3.0,6,908.5,2990.0
24.878792,121.250839,3.0,7,908.5,2990.0
24.878792,121.250839,3.0,8,20.0,36.5
24.878792,121.250839,3.0,9,20.0,36.5
24.893436,121.111731,3.0,2,1792.5,5921.0
24.893436,121.111731,3.0,3,1792.5,5921.0
24.893436,121.111731,3.0,4,1721.0,6440.0
24.893436,121.111731,3.0,5,1721.0,6440.0
24.893436,121.111731,3.0,6,1929.0,8396.0
24.893436,121.111731,3.0,7,1929.0,8396.0
24.893436,121.111731,3.0,8,1824.5,6805.0
24.893436,121.111731,3.0,9,1824.5,6805.0
24.903297,121.159761,3.0,3,1451.0,4476.5
24.903297,121.159761,3.0,4,1451.0,4476.5
24.903297,121.159761,3.0,5,1637.0,6427.0
24.903297,121.159761,3.0,6,1637.0,6427.0
24.903297,121.159761,3.0,7,1537.0,5575.0
24.903297,121.159761,3.0,8,1537.0,5575.0
24.903297,121.159761,3.0,9,1517.0,4578.0
24.903297,121.159761,3.0,10,1517.0,4578.0
24.917967,121.167586,3.0,3,1940.5,6925.5
24.917967,121.167586,3.0,4,1940.5,6925.5
24.917967,121.167586,3.0,5,2037.0,9124.5
24.917967,121.167586,3.0,6,2037.0,9124.5
24.917967,121.167586,3.0,7,1912.5,8126.0
24.917967,121.167586,3.0,8,1912.5,8126.0
24.917967,121.167586,3.0,9,1928.0,6754.5
24.917967,121.167586,3.0,10,1928.0,6754.5
24.929544,121.176919,3.0,3,1775.5,6066.5
24.929544,121.176919,3.0,4,1775.5,6066.5
24.929544,121.176919,3.0,5,1870.0,7997.5
24.929544,121.176919,3.0,6,1870.0,7997.5
24.929544,121.176919,3.0,7,1805.0,7393.0
24.929544,121.176919,3.0,8,1805.0,7393.0
24.929544,121.176919,3.0,9,1760.0,5865.0
24.929544,121.176919,3.0,10,1760.0,5865.0
24.930225,121.312458,4.0,3,1885.0,6867.5
24.930225,121.312458,4.0,4,1885.0,6867.5
24.930225,121.312458,4.0,5,1982.0,8753.5
24.930225,121.312458,4.0,6,1982.0,8753.5
24.930225,121.312458,4.0,7,1983.0,8345.0
24.930225,121.312458,4.0,8,1983.0,8345.0
24.930225,121.312458,4.0,9,1884.0,6521.5
24.930225,121.312458,4.0,10,1884.0,6521.5
24.936025,121.3419,4.0,3,2025.5,7241.5
24.936025,121.3419,4.0,4,2025.5,7241.5
24.936025,121.3419,4.0,5,2077.5,9280.0
24.936025,121.3419,4.0,6,2077.5,9280.0
24.936025,121.3419,4.0,7,1962.0,8618.5
24.936025,121.3419,4.0,8,1962.0,8618.5
24.936025,121.3419,4.0,9,2069.0,7616.5
24.936025,121.3419,4.0,10,2069.0,7616.5
24.943825,121.365275,4.0,2,1926.5,6617.0
24.943825,121.365275,4.0,3,1926.5,6617.0
24.943825,121.365275,4.0,4,1861.0,7348.0
24.943825,121.365275,4.0,5,1861.0,7348.0
24.943825,121.365275,4.0,6,1977.0,8719.5
24.943825,121.365275,4.0,7,1977.0,8719.5
24.943825,121.365275,4.0,8,1825.5,6756.5
24.943825,121.365275,4.0,9,1825.5,6756.5
24.949281,121.195594,3.0,2,1760.0,5809.0
24.949281,121.195594,3.0,3,1760.0,5809.0
24.949281,121.195594,3.0,4,1765.5,7028.0
24.949281,121.195594,3.0,5,1765.5,7028.0
24.949281,121.195594,3.0,6,1937.0,8450.0
24.949281,121.195594,3.0,7,1937.0,8450.0
24.949281,121.195594,3.0,8,1769.0,6165.5
24.949281,121.195594,3.0,9,1769.0,6165.5
24.961693,121.2047523,4.0,3,250.5,542.5
24.961693,121.2047523,4.0,4,250.5,542.5
24.961693,121.2047523,4.0,5,1273.0,4544.0
24.961693,121.2047523,4.0,6,1273.0,4544.0
24.961693,121.2047523,4.0,7,1476.0,5165.0
24.961693,121.2047523,4.0,8,1476.0,5165.0
24.961693,121.2047523,4.0,9,1464.5,4370.5
24.961693,121.2047523,4.0,10,1464.5,4370.5
24.96255,121.530572,3.0,3,1732.5,5688.0
24.96255,121.530572,3.0,4,1732.5,5688.0
24.96255,121.530572,3.0,4,2268.0,9391.5
24.96255,121.530572,3.0,4,2010.0,7961.5
24.96255,121.530572,3.0,5,1839.0,7598.0
24.96255,121.530572,3.0,5,2268.0,9391.5
24.96255,121.530572,3.0,5,2010.0,7961.5
24.96255,121.530572,3.0,6,1839.0,7598.0
24.96255,121.530572,3.0,6,2399.5,11568.5
24.96255,121.530572,3.0,6,2160.5,9957.0
24.96255,121.530572,3.0,7,1763.5,7280.0
24.96255,121.530572,3.0,7,2399.5,11568.5
24.96255,121.530572,3.0,7,2160.5,9957.0
24.96255,121.530572,3.0,8,1763.5,7280.0
24.96255,121.530572,3.0,8,2310.5,10015.0
24.96255,121.530572,3.0,8,2090.0,8607.0
24.96255,121.530572,3.0,9,1739.5,5888.0
24.96255,121.530572,3.0,9,2310.5,10015.0
24.96255,121.530572,3.0,9,2090.0,8607.0
24.96255,121.530572,3.0,10,1739.5,5888.0
24.96255,121.530572,3.0,10,2028.0,7284.0
24.96255,121.530572,3.0,10,1902.0,6615.0
24.96255,121.530572,3.0,11,2028.0,7284.0
24.96255,121.530572,3.0,11,1902.0,6615.0
24.96525,121.209867,2.0,3,1030.0,3009.5
24.96525,121.209867,2.0,4,1030.0,3009.5
24.96525,121.209867,2.0,5,1144.5,3993.5
24.96525,121.209867,2.0,6,1144.5,3993.5
24.96525,121.209867,2.0,7,1117.0,3705.5
24.96525,121.209867,2.0,8,1117.0,3705.5
24.96525,121.209867,2.0,9,1043.0,2916.5
24.96525,121.209867,2.0,10,1043.0,2916.5
24.965878,121.211614,2.0,3,1092.0,3074.5
24.965878,121.211614,2.0,4,1092.0,3074.5
24.965878,121.211614,2.0,5,1106.5,3776.5
24.965878,121.211614,2.0,6,1106.5,3776.5
24.965878,121.211614,2.0,7,1089.0,3757.5
24.965878,121.211614,2.0,8,1089.0,3757.5
24.965878,121.211614,2.0,9,1067.0,3053.0
24.965878,121.211614,2.0,10,1067.0,3053.0
24.975247,121.454925,4.0,2,1969.5,6822.0
24.975247,121.454925,4.0,2,2777.0,14246.5
24.975247,121.454925,4.0,3,1969.5,6822.0
24.975247,121.454925,4.0,3,2777.0,14246.5
24.975247,121.454925,4.0,4,1870.0,7303.0
24.975247,121.454925,4.0,4,2414.0,14627.5
24.975247,121.454925,4.0,5,1870.0,7303.0
24.975247,121.454925,4.0,5,2414.0,14627.5
24.975247,121.454925,4.0,6,2056.0,9250.5
24.975247,121.454925,4.0,6,2702.5,17736.5
24.975247,121.454925,4.0,7,2056.0,9250.5
24.975247,121.454925,4.0,7,2702.5,17736.5
24.975247,121.454925,4.0,8,1992.5,7847.5
24.975247,121.454925,4.0,8,2165.5,11282.5
24.975247,121.454925,4.0,9,1992.5,7847.5
24.975247,121.454925,4.0,9,2165.5,11282.5
24.978586,121.501744,3.0,3,1131.5,3348.0
24.978586,121.501744,3.0,4,1131.5,3348.0
24.978586,121.501744,3.0,5,1143.0,3987.0
24.978586,121.501744,3.0,6,1143.0,3987.0
24.978586,121.501744,3.0,7,1129.0,3777.5
24.978586,121.501744,3.0,8,1129.0,3777.5
24.978586,121.501744,3.0,9,1040.5,2907.5
24.978586,121.501744,3.0,10,1040.5,2907.5
24.978881,121.502381,3.0,3,1129.0,3339.5
24.978881,121.502381,3.0,4,1129.0,3339.5
24.978881,121.502381,3.0,5,1156.5,4044.5
24.978881,121.502381,3.0,6,1156.5,4044.5
24.978881,121.502381,3.0,7,1139.0,3818.0
24.978881,121.502381,3.0,8,1139.0,3818.0
24.978881,121.502381,3.0,9,1044.0,2919.5
24.978881,121.502381,3.0,10,1044.0,2919.5
24.980558,121.228944,3.0,2,2208.5,8052.0
24.980558,121.228944,3.0,3,2208.5,8052.0
24.980558,121.228944,3.0,4,2290.0,9862.5
24.980558,121.228944,3.0,5,2290.0,9862.5
24.980558,121.228944,3.0,6,2519.0,12374.5
24.980558,121.228944,3.0,7,2519.0,12374.5
24.980558,121.228944,3.0,8,2395.5,10236.5
24.980558,121.228944,3.0,9,2395.5,10236.5
24.984094,121.232531,3.0,3,2255.5,9033.0
24.984094,121.232531,3.0,4,2255.5,9033.0
24.984094,121.232531,3.0,5,2456.0,11949.5
24.984094,121.232531,3.0,6,2456.0,11949.5
24.984094,121.232531,3.0,7,2460.0,11355.5
24.984094,121.232531,3.0,8,2460.0,11355.5
24.984094,121.232531,3.0,9,2244.5,8430.5
24.984094,121.232531,3.0,10,2244.5,8430.5
24.996503,121.652086,3.0,3,1576.5,5093.0
24.996503,121.652086,3.0,4,1576.5,5093.0
24.996503,121.652086,3.0,5,1621.5,6322.0
24.996503,121.652086,3.0,6,1621.5,6322.0
24.996503,121.652086,3.0,7,1607.0,5979.5
24.996503,121.652086,3.0,8,1607.0,5979.5
24.996503,121.652086,3.0,9,1460.0,4350.5
24.996503,121.652086,3.0,10,1460.0,4350.5
24.99858333,121.2477222,4.0,3,1895.5,7043.5
24.99858333,121.2477222,4.0,4,1895.5,7043.5
24.99858333,121.2477222,4.0,5,2030.5,9080.5
24.99858333,121.2477222,4.0,6,2030.5,9080.5
24.99858333,121.2477222,4.0,7,1988.5,8241.5
24.99858333,121.2477222,4.0,8,1988.5,8241.5
24.99858333,121.2477222,4.0,9,1826.0,6214.5
24.99858333,121.2477222,4.0,10,1826.0,6214.5
25.003864,121.586039,2.0,2,1548.0,4686.0
25.003864,121.586039,2.0,3,1548.0,4686.0
25.003864,121.586039,2.0,4,1405.0,4849.5
25.003864,121.586039,2.0,5,1405.0,4849.5
25.003864,121.586039,2.0,6,1638.5,6437.0
25.003864,121.586039,2.0,7,1638.5,6437.0
25.003864,121.586039,2.0,8,1441.0,4526.0
25.003864,121.586039,2.0,9,1441.0,4526.0
25.011819,121.562375,2.0,3,1420.0,6270.0
25.011819,121.562375,2.0,4,1420.0,6270.0
25.011819,121.562375,2.0,5,1434.5,7520.0
25.011819,121.562375,2.0,6,1434.5,7520.0
25.011819,121.562375,2.0,7,1430.5,7166.5
25.011819,121.562375,2.0,8,1430.5,7166.5
25.011819,121.562375,2.0,9,1337.5,5478.0
25.011819,121.562375,2.0,10,1337.5,5478.0
25.012944,121.266194,4.0,3,1913.5,6990.0
25.012944,121.266194,4.0,4,1913.5,6990.0
25.012944,121.266194,4.0,5,2019.0,9003.0
25.012944,121.266194,4.0,6,2019.0,9003.0
25.012944,121.266194,4.0,7,1998.5,8471.5
25.012944,121.266194,4.0,8,1998.5,8471.5
25.012944,121.266194,4.0,9,1823.0,6198.5
25.012944,121.266194,4.0,10,1823.0,6198.5
25.025953,121.281731,5.0,3,2083.5,7981.0
25.025953,121.281731,5.0,4,2083.5,7981.0
25.025953,121.281731,5.0,5,2161.0,9960.5
25.025953,121.281731,5.0,6,2161.0,9960.5
25.025953,121.281731,5.0,7,2147.5,9397.0
25.025953,121.281731,5.0,8,2147.5,9397.0
25.025953,121.281731,5.0,9,1942.0,6828.5
25.025953,121.281731,5.0,10,1942.0,6828.5
25.035036,121.624719,3.0,3,975.5,2813.0
25.035036,121.624719,3.0,4,975.5,2813.0
25.035036,121.624719,3.0,5,1047.0,3577.5
25.035036,121.624719,3.0,6,1047.0,3577.5
25.035036,121.624719,3.0,7,1036.0,3377.5
25.035036,121.624719,3.0,8,1036.0,3377.5
25.035036,121.624719,3.0,9,962.0,2638.0
25.035036,121.624719,3.0,10,962.0,2638.0
25.035183,121.623019,3.0,3,1032.0,3016.5
25.035183,121.623019,3.0,4,1032.0,3016.5
25.035183,121.623019,3.0,5,1147.5,4004.5
25.035183,121.623019,3.0,6,1147.5,4004.5
25.035183,121.623019,3.0,7,1020.0,3313.0
25.035183,121.623019,3.0,8,1020.0,3313.0
25.035183,121.623019,3.0,9,1009.5,2801.5
25.035183,121.623019,3.0,10,1009.5,2801.5
25.036481,121.295531,5.0,2,2284.5,8514.0
25.036481,121.295531,5.0,3,2284.5,8514.0
25.036481,121.295531,5.0,4,2217.5,9794.0
25.036481,121.295531,5.0,5,2217.5,9794.0
25.036481,121.295531,5.0,6,2311.0,10972.0
25.036481,121.295531,5.0,7,2311.0,10972.0
25.036481,121.295531,5.0,8,2090.5,8082.5
25.036481,121.295531,5.0,9,2090.5,8082.5
25.036533,121.621386,4.0,3,1261.5,3814.0
25.036533,121.621386,4.0,4,1261.5,3814.0
25.036533,121.621386,4.0,5,1318.5,4731.5
25.036533,121.621386,4.0,6,1318.5,4731.5
25.036533,121.621386,4.0,7,1294.5,4452.5
25.036533,121.621386,4.0,8,1294.5,4452.5
25.036533,121.621386,4.0,9,1178.5,3383.0
25.036533,121.621386,4.0,10,1178.5,3383.0
25.042389,121.624789,5.0,3,1184.0,3548.5
25.042389,121.624789,5.0,4,1184.0,3548.5
25.042389,121.624789,5.0,5,1231.5,4363.0
25.042389,121.624789,5.0,6,1231.5,4363.0
25.042389,121.624789,5.0,7,1230.5,4178.5
25.042389,121.624789,5.0,8,1230.5,4178.5
25.042389,121.624789,5.0,9,1109.0,3143.0
25.042389,121.624789,5.0,10,1109.0,3143.0
25.047075,121.317761,4.0,2,2149.0,7809.5
25.047075,121.317761,4.0,3,2149.0,7809.5
25.047075,121.317761,4.0,4,2021.5,8547.5
25.047075,121.317761,4.0,5,2021.5,8547.5
25.047075,121.317761,4.0,6,2175.5,10058.0
25.047075,121.317761,4.0,7,2175.5,10058.0
25.047075,121.317761,4.0,8,2027.5,7725.0
25.047075,121.317761,4.0,9,2027.5,7725.0
25.050319,121.628156,4.0,3,1088.5,3183.5
25.050319,121.628156,4.0,4,1088.5,3183.5
25.050319,121.628156,4.0,5,1127.5,3921.0
25.050319,121.628156,4.0,6,1127.5,3921.0
25.050319,121.628156,4.0,7,1079.0,3603.0
25.050319,121.628156,4.0,8,1079.0,3603.0
25.050319,121.628156,4.0,9,1055.5,2960.0
25.050319,121.628156,4.0,10,1055.5,2960.0
25.052742,121.631281,4.0,3,1189.0,3542.0
25.052742,121.631281,4.0,4,1189.0,3542.0
25.052742,121.631281,4.0,5,1223.0,4326.5
25.052742,121.631281,4.0,6,1223.0,4326.5
25.052742,121.631281,4.0,7,1174.5,3995.0
25.052742,121.631281,4.0,8,1174.5,3995.0
25.052742,121.631281,4.0,9,1136.5,3238.0
25.052742,121.631281,4.0,10,1136.5,3238.0
25.058667,121.397306,5.0,2,2065.0,7373.0
25.058667,121.397306,5.0,3,2065.0,7373.0
25.058667,121.397306,5.0,4,1976.5,8261.5
25.058667,121.397306,5.0,5,1976.5,8261.5
25.058667,121.397306,5.0,6,2285.0,10796.5
25.058667,121.397306,5.0,7,2285.0,10796.5
25.058667,121.397306,5.0,8,2047.5,7839.0
25.058667,121.397306,5.0,9,2047.5,7839.0
25.059242,121.332072,3.0,2,1108.0,3107.0
25.059242,121.332072,3.0,3,1108.0,3107.0
25.059242,121.332072,3.0,4,1108.0,3652.0
25.059242,121.332072,3.0,5,1108.0,3652.0
25.059242,121.332072,3.0,6,1159.0,4055.0
25.059242,121.332072,3.0,7,1159.0,4055.0
25.059242,121.332072,3.0,8,1066.5,3163.0
25.059242,121.332072,3.0,9,1066.5,3163.0
25.060125,121.331858,3.0,3,1088.0,3269.5
25.060125,121.331858,3.0,4,1088.0,3269.5
25.060125,121.331858,3.0,5,1120.0,3888.5
25.060125,121.331858,3.0,6,1120.0,3888.5
25.060125,121.331858,3.0,7,1140.0,3740.5
25.060125,121.331858,3.0,8,1140.0,3740.5
25.060125,121.331858,3.0,9,1007.5,2795.0
25.060125,121.331858,3.0,10,1007.5,2795.0
25.064006,121.598733,2.0,3,1042.5,3102.5
25.064006,121.598733,2.0,4,1042.5,3102.5
25.064006,121.598733,2.0,5,1080.5,3721.5
25.064006,121.598733,2.0,6,1080.5,3721.5
25.064006,121.598733,2.0,7,1065.0,3442.0
25.064006,121.598733,2.0,8,1065.0,3442.0
25.064006,121.598733,2.0,9,969.0,2662.5
25.064006,121.598733,2.0,10,969.0,2662.5
25.064911,121.607778,3.0,3,2147.5,8484.0
25.064911,121.607778,3.0,4,2147.5,8484.0
25.064911,121.607778,3.0,5,1674.5,6680.0
25.064911,121.607778,3.0,6,1674.5,6680.0
25.064911,121.607778,3.0,7,1680.5,6308.5
25.064911,121.607778,3.0,8,1680.5,6308.5
25.064911,121.607778,3.0,9,1536.5,4680.5
25.064911,121.607778,3.0,10,1536.5,4680.5
25.064969,121.363561,5.0,2,2017.5,7154.0
25.064969,121.363561,5.0,3,2017.5,7154.0
25.064969,121.363561,5.0,4,1935.5,8127.5
25.064969,121.363561,5.0,5,1935.5,8127.5
25.064969,121.363561,5.0,6,2149.5,9883.0
25.064969,121.363561,5.0,7,2149.5,9883.0
25.064969,121.363561,5.0,8,1979.5,7335.0
25.064969,121.363561,5.0,9,1979.5,7335.0
25.065544,121.588044,2.0,4,1066.0,3268.0
25.065544,121.588044,2.0,5,1066.0,3268.0
25.065544,121.588044,2.0,6,1133.5,3945.5
25.065544,121.588044,2.0,7,1133.5,3945.5
25.065544,121.588044,2.0,8,1090.0,3453.5
25.065544,121.588044,2.0,9,1090.0,3453.5
25.065544,121.588044,2.0,10,978.0,2692.5
25.065544,121.588044,2.0,11,978.0,2692.5
25.065611,121.643467,3.0,4,1627.5,5635.0
25.065611,121.643467,3.0,5,1627.5,5635.0
25.065611,121.643467,3.0,6,1725.5,7023.0
25.065611,121.643467,3.0,7,1725.5,7023.0
25.065611,121.643467,3.0,8,1669.0,6094.5
25.065611,121.643467,3.0,9,1669.0,6094.5
25.065611,121.643467,3.0,10,1486.0,4440.0
25.065611,121.643467,3.0,11,1486.0,4440.0
25.06564444,121.6135194,2.0,3,1609.5,5124.0
25.06564444,121.6135194,2.0,4,1609.5,5124.0
25.06564444,121.6135194,2.0,5,1652.5,6531.5
25.06564444,121.6135194,2.0,6,1652.5,6531.5
25.06564444,121.6135194,2.0,7,1530.5,5655.0
25.06564444,121.6135194,2.0,8,1530.5,5655.0
25.06564444,121.6135194,2.0,9,1537.0,4684.0
25.06564444,121.6135194,2.0,10,1537.0,4684.0
25.068,121.428056,6.0,2,1376.5,4010.0
25.068,121.428056,6.0,3,1376.5,4010.0
25.068,121.428056,6.0,4,1296.0,4357.5
25.068,121.428056,6.0,5,1296.0,4357.5
25.068,121.428056,6.0,6,1434.5,5225.0
25.068,121.428056,6.0,7,1434.5,5225.0
25.068,121.428056,6.0,8,1396.0,4431.0
25.068,121.428056,6.0,9,1396.0,4431.0
25.068147,121.435133,2.0,2,1097.0,3077.0
25.068147,121.435133,2.0,3,1097.0,3077.0
25.068147,121.435133,2.0,4,1051.5,3463.5
25.068147,121.435133,2.0,5,1051.5,3463.5
25.068147,121.435133,2.0,6,1172.0,4110.0
25.068147,121.435133,2.0,7,1172.0,4110.0
25.068147,121.435133,2.0,8,1072.5,3149.0
25.068147,121.435133,2.0,9,1072.5,3149.0
25.068239,121.428764,5.0,3,1412.5,4167.5
25.068239,121.428764,5.0,4,1412.5,4167.5
25.068239,121.428764,5.0,5,1462.0,5216.5
25.068239,121.428764,5.0,6,1462.0,5216.5
25.068239,121.428764,5.0,7,1409.0,5116.5
25.068239,121.428764,5.0,8,1409.0,5116.5
25.068239,121.428764,5.0,9,1384.5,4180.0
25.068239,121.428764,5.0,10,1384.5,4180.0
25.068728,121.433281,2.0,3,1044.0,2907.5
25.068728,121.433281,2.0,4,1044.0,2907.5
25.068728,121.433281,2.0,5,1159.5,3963.0
25.068728,121.433281,2.0,6,1159.5,3963.0
25.068728,121.433281,2.0,7,1107.0,3834.0
25.068728,121.433281,2.0,8,1107.0,3834.0
25.068728,121.433281,2.0,9,1094.5,3160.5
25.068728,121.433281,2.0,10,1094.5,3160.5
25.06898611,121.5802306,2.0,2,1119.5,3127.0
25.06898611,121.5802306,2.0,3,1119.5,3127.0
25.06898611,121.5802306,2.0,4,1053.0,3312.0
25.06898611,121.5802306,2.0,5,1053.0,3312.0
25.06898611,121.5802306,2.0,6,1176.0,4126.0
25.06898611,121.5802306,2.0,7,1176.0,4126.0
25.06898611,121.5802306,2.0,8,1116.0,3475.0
25.06898611,121.5802306,2.0,9,1116.0,3475.0
25.070994,121.562519,2.0,3,1045.5,3113.5
25.070994,121.562519,2.0,4,1045.5,3113.5
25.070994,121.562519,2.0,5,1090.0,3762.0
25.070994,121.562519,2.0,6,1090.0,3762.0
25.070994,121.562519,2.0,7,1095.0,3561.5
25.070994,121.562519,2.0,8,1095.0,3561.5
25.070994,121.562519,2.0,9,980.0,2700.0
25.070994,121.562519,2.0,10,980.0,2700.0
25.072261,121.555014,2.0,3,1045.0,3111.5
25.072261,121.555014,2.0,4,1045.0,3111.5
25.072261,121.555014,2.0,5,1084.0,3736.0
25.072261,121.555014,2.0,6,1084.0,3736.0
25.072261,121.555014,2.0,7,1075.5,3483.5
25.072261,121.555014,2.0,8,1075.5,3483.5
25.072261,121.555014,2.0,9,957.0,2621.0
25.072261,121.555014,2.0,10,957.0,2621.0
25.07275,121.557739,2.0,4,1036.5,3146.0
25.07275,121.557739,2.0,5,1036.5,3146.0
25.07275,121.557739,2.0,6,1091.5,3768.0
25.07275,121.557739,2.0,7,1091.5,3768.0
25.07275,121.557739,2.0,8,1070.5,3388.0
25.07275,121.557739,2.0,9,1070.5,3388.0
25.07275,121.557739,2.0,10,951.0,2600.5
25.07275,121.557739,2.0,11,951.0,2600.5
25.07301944,121.5307028,4.0,4,1226.5,3897.5
25.07301944,121.5307028,4.0,5,1226.5,3897.5
25.07301944,121.5307028,4.0,6,1336.0,4805.5
25.07301944,121.5307028,4.0,7,1336.0,4805.5
25.07301944,121.5307028,4.0,8,1302.5,4263.5
25.07301944,121.5307028,4.0,9,1302.5,4263.5
25.07301944,121.5307028,4.0,10,1147.0,3274.5
25.07301944,121.5307028,4.0,11,1147.0,3274.5
25.073053,121.550358,2.0,4,1143.5,3548.0
25.073053,121.550358,2.0,5,1143.5,3548.0
25.073053,121.550358,2.0,6,1214.0,4288.5
25.073053,121.550358,2.0,7,1214.0,4288.5
25.073053,121.550358,2.0,8,1203.0,3904.5
25.073053,121.550358,2.0,9,1203.0,3904.5
25.073053,121.550358,2.0,10,1043.5,2918.5
25.073053,121.550358,2.0,11,1043.5,2918.5
25.07479722,121.4729611,4.0,4,2044.0,8078.0
25.07479722,121.4729611,4.0,5,2044.0,8078.0
25.07479722,121.4729611,4.0,6,2169.5,10017.5
25.07479722,121.4729611,4.0,7,2169.5,10017.5
25.07479722,121.4729611,4.0,8,1993.0,8074.0
25.07479722,121.4729611,4.0,9,1993.0,8074.0
25.07479722,121.4729611,4.0,10,1940.5,6820.0
25.07479722,121.4729611,4.0,11,1940.5,6820.0
25.075256,121.494019,3.0,3,1103.0,3182.0
25.075256,121.494019,3.0,4,1103.0,3182.0
25.075256,121.494019,3.0,5,1249.0,4437.0
25.075256,121.494019,3.0,6,1249.0,4437.0
25.075256,121.494019,3.0,7,1186.0,4082.5
25.075256,121.494019,3.0,8,1186.0,4082.5
25.075256,121.494019,3.0,9,1136.0,3236.5
25.075256,121.494019,3.0,10,1136.0,3236.5
25.075553,121.460661,4.0,3,1184.0,3391.0
25.075553,121.460661,4.0,4,1184.0,3391.0
25.075553,121.460661,4.0,5,1235.0,4326.0
25.075553,121.460661,4.0,6,1235.0,4326.0
25.075553,121.460661,4.0,7,1167.0,4088.0
25.075553,121.460661,4.0,8,1167.0,4088.0
25.075553,121.460661,4.0,9,1186.0,3457.5
25.075553,121.460661,4.0,10,1186.0,3457.5
25.07604444,121.6594222,3.0,3,2477.0,9626.5
25.07604444,121.6594222,3.0,4,2477.0,9626.5
25.07604444,121.6594222,3.0,5,2663.5,13223.5
25.07604444,121.6594222,3.0,6,2663.5,13223.5
25.07604444,121.6594222,3.0,7,2376.5,11376.0
25.07604444,121.6594222,3.0,8,2376.5,11376.0
25.07604444,121.6594222,3.0,9,2368.5,9087.0
25.07604444,121.6594222,3.0,10,2368.5,9087.0
25.07746389,121.5013861,4.0,3,1199.5,3455.0
25.07746389,121.5013861,4.0,4,1199.5,3455.0
25.07746389,121.5013861,4.0,5,1428.0,5169.0
25.07746389,121.5013861,4.0,6,1428.0,5169.0
25.07746389,121.5013861,4.0,7,1234.0,4346.0
25.07746389,121.5013861,4.0,8,1234.0,4346.0
25.07746389,121.5013861,4.0,9,1271.0,3700.5
25.07746389,121.5013861,4.0,10,1271.0,3700.5
25.07763056,121.5166028,4.0,2,1317.0,3794.5
25.07763056,121.5166028,4.0,3,1317.0,3794.5
25.07763056,121.5166028,4.0,4,1249.0,4087.0
25.07763056,121.5166028,4.0,5,1249.0,4087.0
25.07763056,121.5166028,4.0,6,1348.5,4860.0
25.07763056,121.5166028,4.0,7,1348.5,4860.0
25.07763056,121.5166028,4.0,8,1328.0,4263.5
25.07763056,121.5166028,4.0,9,1328.0,4263.5
25.07806667,121.5091056,4.0,2,1322.5,3800.0
25.07806667,121.5091056,4.0,3,1322.5,3800.0
25.07806667,121.5091056,4.0,4,1243.0,4021.5
25.07806667,121.5091056,4.0,5,1243.0,4021.5
25.07806667,121.5091056,4.0,6,1325.5,4762.0
25.07806667,121.5091056,4.0,7,1325.5,4762.0
25.07806667,121.5091056,4.0,8,1279.0,4105.5
25.07806667,121.5091056,4.0,9,1279.0,4105.5
25.07806667,121.5091056,4.0,10,1107.5,3138.5
25.07806667,121.5091056,4.0,11,1107.5,3138.5
25.0882722,121.6936444,4.0,3,1788.5,5997.5
25.0882722,121.6936444,4.0,4,1788.5,5997.5
25.0882722,121.6936444,4.0,5,1902.0,8140.5
25.0882722,121.6936444,4.0,6,1902.0,8140.5
25.0882722,121.6936444,4.0,7,1810.5,7573.0
25.0882722,121.6936444,4.0,8,1810.5,7573.0
25.0882722,121.6936444,4.0,9,1799.0,6071.5
25.0882722,121.6936444,4.0,10,1799.0,6071.5
25.089994,121.653556,3.0,3,755.0,1926.5
25.089994,121.653556,3.0,4,755.0,1926.5
25.089994,121.653556,3.0,5,1685.5,6715.5
25.089994,121.653556,3.0,6,1685.5,6715.5
25.089994,121.653556,3.0,7,1034.5,3504.5
25.089994,121.653556,3.0,8,1034.5,3504.5
25.089994,121.653556,3.0,9,1052.0,2946.0
25.089994,121.653556,3.0,10,1052.0,2946.0
25.10283611,121.7178556,2.0,3,1593.0,5203.0
25.10283611,121.7178556,2.0,4,1593.0,5203.0
25.10283611,121.7178556,2.0,5,1634.5,6409.5
25.10283611,121.7178556,2.0,6,1634.5,6409.5
25.10283611,121.7178556,2.0,7,1629.0,6102.0
25.10283611,121.7178556,2.0,8,1629.0,6102.0
25.10283611,121.7178556,2.0,9,1495.0,4471.0
25.10283611,121.7178556,2.0,10,1495.0,4471.0
25.103747,121.681789,3.0,3,1072.5,3126.0
25.103747,121.681789,3.0,4,1072.5,3126.0
25.103747,121.681789,3.0,5,1191.5,4193.0
25.103747,121.681789,3.0,6,1191.5,4193.0
25.103747,121.681789,3.0,7,1150.0,3893.0
25.103747,121.681789,3.0,8,1150.0,3893.0
25.103747,121.681789,3.0,9,1179.5,3385.0
25.103747,121.681789,3.0,10,1179.5,3385.0
25.10956667,121.7259056,2.0,3,1638.0,5454.0
25.10956667,121.7259056,2.0,4,1638.0,5454.0
25.10956667,121.7259056,2.0,5,1517.5,5621.5
25.10956667,121.7259056,2.0,6,1517.5,5621.5
25.10956667,121.7259056,2.0,7,1723.5,6708.0
25.10956667,121.7259056,2.0,8,1723.5,6708.0
25.10956667,121.7259056,2.0,9,1467.0,4375.0
25.10956667,121.7259056,2.0,10,1467.0,4375.0
25.11831111,121.7316361,2.0,3,909.5,2562.0
25.11831111,121.7316361,2.0,4,909.5,2562.0
25.11831111,121.7316361,2.0,5,1009.5,3420.0
25.11831111,121.7316361,2.0,6,1009.5,3420.0
25.11831111,121.7316361,2.0,7,1428.5,4983.5
25.11831111,121.7316361,2.0,8,1428.5,4983.5
25.11831111,121.7316361,2.0,9,1011.5,2808.5
25.11831111,121.7316361,2.0,10,1011.5,2808.5
25.11878611,121.7317639,2.0,3,906.5,2551.0
25.11878611,121.7317639,2.0,4,906.5,2551.0
25.11878611,121.7317639,2.0,5,980.0,3295.0
25.11878611,121.7317639,2.0,6,980.0,3295.0
25.11878611,121.7317639,2.0,7,1403.5,4882.0
25.11878611,121.7317639,2.0,8,1403.5,4882.0
25.11878611,121.7317639,2.0,9,971.0,2669.0
25.11878611,121.7317639,2.0,10,971.0,2669.0
25.129514,121.698631,3.0,3,1033.5,2987.0
25.129514,121.698631,3.0,4,1033.5,2987.0
25.129514,121.698631,3.0,5,1149.0,4012.5
25.129514,121.698631,3.0,6,1149.0,4012.5
25.129514,121.698631,3.0,7,1100.5,3691.0
25.129514,121.698631,3.0,8,1100.5,3691.0
25.129514,121.698631,3.0,9,1044.0,2920.0
25.129514,121.698631,3.0,10,1044.0,2920.0
25.137106,121.708908,3.0,3,1076.5,3140.5
25.137106,121.708908,3.0,4,1076.5,3140.5
25.137106,121.708908,3.0,5,1126.5,3916.0
25.137106,121.708908,3.0,6,1126.5,3916.0
25.137106,121.708908,3.0,7,1068.5,3559.5
25.137106,121.708908,3.0,8,1068.5,3559.5
25.137106,121.708908,3.0,9,1039.0,2903.0
25.137106,121.708908,3.0,10,1039.0,2903.0
