,Station,gantry,Latitude,Longitude,Lane Count,Month,Estimated Monthly Consumption (kWh)
0,后里,01F-104.5N,24.727131,120.951897,3.0,5,1738.5
1,后里,01F-104.5N,24.727131,120.951897,3.0,6,1738.5
2,后里,01F-104.5N,24.727131,120.951897,3.0,7,1908.0
3,后里,01F-104.5N,24.727131,120.951897,3.0,8,1908.0
4,后里,01F-104.5N,24.727131,120.951897,3.0,9,1796.0
5,后里,01F-104.5N,24.727131,120.951897,3.0,10,1796.0
6,后里,01F-104.5N,24.727131,120.951897,3.0,11,1745.5
7,后里,01F-104.5N,24.727131,120.951897,3.0,12,1745.5
8,后里,01F-112.3N,24.67931667,120.9042667,3.0,4,1622.5
9,后里,01F-112.3N,24.67931667,120.9042667,3.0,5,1622.5
10,后里,01F-112.3N,24.67931667,120.9042667,3.0,6,1944.5
11,后里,01F-112.3N,24.67931667,120.9042667,3.0,7,1944.5
12,后里,01F-112.3N,24.67931667,120.9042667,3.0,8,1633.0
13,后里,01F-112.3N,24.67931667,120.9042667,3.0,9,1633.0
14,后里,01F-112.3N,24.67931667,120.9042667,3.0,10,1649.0
15,后里,01F-112.3N,24.67931667,120.9042667,3.0,11,1649.0
16,后里,01F-129.2S,24.550442,120.838925,3.0,4,1680.0
17,后里,01F-129.2S,24.550442,120.838925,3.0,5,1680.0
18,后里,01F-129.2S,24.550442,120.838925,3.0,6,1590.0
19,后里,01F-129.2S,24.550442,120.838925,3.0,7,1590.0
20,后里,01F-129.2S,24.550442,120.838925,3.0,8,1567.0
21,后里,01F-129.2S,24.550442,120.838925,3.0,9,1567.0
22,后里,01F-129.2S,24.550442,120.838925,3.0,10,1842.5
23,后里,01F-129.2S,24.550442,120.838925,3.0,11,1842.5
24,后里,01F-138.9S,24.485919,120.781903,3.0,3,1719.0
25,后里,01F-138.9S,24.485919,120.781903,3.0,4,1719.0
26,后里,01F-138.9S,24.485919,120.781903,3.0,5,1615.5
27,后里,01F-138.9S,24.485919,120.781903,3.0,6,1615.5
28,后里,01F-138.9S,24.485919,120.781903,3.0,7,1820.0
29,后里,01F-138.9S,24.485919,120.781903,3.0,8,1820.0
30,后里,01F-138.9S,24.485919,120.781903,3.0,9,1734.0
31,后里,01F-138.9S,24.485919,120.781903,3.0,10,1734.0
32,后里,01F-146.5N,24.420514,120.775731,3.0,4,1648.5
33,后里,01F-146.5N,24.420514,120.775731,3.0,5,1648.5
34,后里,01F-146.5N,24.420514,120.775731,3.0,6,1863.0
35,后里,01F-146.5N,24.420514,120.775731,3.0,7,1863.0
36,后里,01F-146.5N,24.420514,120.775731,3.0,8,1619.5
37,后里,01F-146.5N,24.420514,120.775731,3.0,9,1619.5
38,后里,01F-146.5N,24.420514,120.775731,3.0,10,1662.5
39,后里,01F-146.5N,24.420514,120.775731,3.0,11,1662.5
40,后里,01F-157.2S,24.339147,120.72085,3.0,4,1669.5
41,后里,01F-157.2S,24.339147,120.72085,3.0,5,1669.5
42,后里,01F-157.2S,24.339147,120.72085,3.0,6,1731.5
43,后里,01F-157.2S,24.339147,120.72085,3.0,7,1731.5
44,后里,01F-157.2S,24.339147,120.72085,3.0,8,1655.0
45,后里,01F-157.2S,24.339147,120.72085,3.0,9,1655.0
46,后里,01F-157.2S,24.339147,120.72085,3.0,10,1507.0
47,后里,01F-157.2S,24.339147,120.72085,3.0,11,1507.0
48,后里,01F-162.1N,24.301186,120.697325,3.0,3,1691.5
49,后里,01F-162.1N,24.301186,120.697325,3.0,4,1691.5
50,后里,01F-162.1N,24.301186,120.697325,3.0,5,1720.0
51,后里,01F-162.1N,24.301186,120.697325,3.0,6,1720.0
52,后里,01F-162.1N,24.301186,120.697325,3.0,7,1816.0
53,后里,01F-162.1N,24.301186,120.697325,3.0,8,1816.0
54,后里,01F-162.1N,24.301186,120.697325,3.0,9,1759.0
55,后里,01F-162.1N,24.301186,120.697325,3.0,10,1759.0
56,后里,01F-166.4S,24.262647,120.691956,4.0,3,2072.0
57,后里,01F-166.4S,24.262647,120.691956,4.0,4,2072.0
58,后里,01F-166.4S,24.262647,120.691956,4.0,5,2040.0
59,后里,01F-166.4S,24.262647,120.691956,4.0,6,2040.0
60,后里,01F-166.4S,24.262647,120.691956,4.0,7,2151.0
61,后里,01F-166.4S,24.262647,120.691956,4.0,8,2151.0
62,后里,01F-166.4S,24.262647,120.691956,4.0,9,2037.5
63,后里,01F-166.4S,24.262647,120.691956,4.0,10,2037.5
64,后里,01F-169.9S,24.231536,120.686625,3.0,3,1900.0
65,后里,01F-169.9S,24.231536,120.686625,3.0,4,1900.0
66,后里,01F-169.9S,24.231536,120.686625,3.0,5,1783.5
67,后里,01F-169.9S,24.231536,120.686625,3.0,6,1783.5
68,后里,01F-169.9S,24.231536,120.686625,3.0,7,1949.0
69,后里,01F-169.9S,24.231536,120.686625,3.0,8,1949.0
70,后里,01F-169.9S,24.231536,120.686625,3.0,9,1812.5
71,后里,01F-169.9S,24.231536,120.686625,3.0,10,1812.5
72,后里,03F-112.8S,24.711383,120.889639,3.0,3,1611.5
73,后里,03F-112.8S,24.711383,120.889639,3.0,4,1611.5
74,后里,03F-112.8S,24.711383,120.889639,3.0,5,1588.5
75,后里,03F-112.8S,24.711383,120.889639,3.0,6,1588.5
76,后里,03F-112.8S,24.711383,120.889639,3.0,7,1730.0
77,后里,03F-112.8S,24.711383,120.889639,3.0,8,1730.0
78,后里,03F-112.8S,24.711383,120.889639,3.0,9,1623.5
79,后里,03F-112.8S,24.711383,120.889639,3.0,10,1623.5
80,后里,03F-116.1N,24.698006,120.860086,3.0,3,1649.5
81,后里,03F-116.1N,24.698006,120.860086,3.0,4,1649.5
82,后里,03F-116.1N,24.698006,120.860086,3.0,5,1627.5
83,后里,03F-116.1N,24.698006,120.860086,3.0,6,1627.5
84,后里,03F-116.1N,24.698006,120.860086,3.0,7,1734.5
85,后里,03F-116.1N,24.698006,120.860086,3.0,8,1734.5
86,后里,03F-116.1N,24.698006,120.860086,3.0,9,1655.0
87,后里,03F-116.1N,24.698006,120.860086,3.0,10,1655.0
88,后里,03F-121.5N,24.655964,120.838242,3.0,4,1558.5
89,后里,03F-121.5N,24.655964,120.838242,3.0,5,1558.5
90,后里,03F-121.5N,24.655964,120.838242,3.0,6,1739.0
91,后里,03F-121.5N,24.655964,120.838242,3.0,7,1739.0
92,后里,03F-121.5N,24.655964,120.838242,3.0,8,1678.5
93,后里,03F-121.5N,24.655964,120.838242,3.0,9,1678.5
94,后里,03F-121.5N,24.655964,120.838242,3.0,10,1650.0
95,后里,03F-121.5N,24.655964,120.838242,3.0,11,1650.0
96,后里,03F-125.7N,24.627161,120.814006,3.0,4,1674.5
97,后里,03F-125.7N,24.627161,120.814006,3.0,5,1674.5
98,后里,03F-125.7N,24.627161,120.814006,3.0,6,1762.0
99,后里,03F-125.7N,24.627161,120.814006,3.0,7,1762.0
100,后里,03F-125.7N,24.627161,120.814006,3.0,8,1612.0
101,后里,03F-125.7N,24.627161,120.814006,3.0,9,1612.0
102,后里,03F-125.7N,24.627161,120.814006,3.0,10,1550.0
103,后里,03F-125.7N,24.627161,120.814006,3.0,11,1550.0
104,后里,03F-133.2N,24.579642,120.764417,3.0,4,1580.0
105,后里,03F-133.2N,24.579642,120.764417,3.0,5,1580.0
106,后里,03F-133.2N,24.579642,120.764417,3.0,6,1626.0
107,后里,03F-133.2N,24.579642,120.764417,3.0,7,1626.0
108,后里,03F-133.2N,24.579642,120.764417,3.0,8,1497.0
109,后里,03F-133.2N,24.579642,120.764417,3.0,9,1497.0
110,后里,03F-133.2N,24.579642,120.764417,3.0,10,1519.0
111,后里,03F-133.2N,24.579642,120.764417,3.0,11,1519.0
112,后里,03F-139.5S,24.531125,120.733253,3.0,4,1822.5
113,后里,03F-139.5S,24.531125,120.733253,3.0,5,1822.5
114,后里,03F-139.5S,24.531125,120.733253,3.0,6,1864.5
115,后里,03F-139.5S,24.531125,120.733253,3.0,7,1864.5
116,后里,03F-139.5S,24.531125,120.733253,3.0,8,1707.0
117,后里,03F-139.5S,24.531125,120.733253,3.0,9,1707.0
118,后里,03F-139.5S,24.531125,120.733253,3.0,10,1609.0
119,后里,03F-139.5S,24.531125,120.733253,3.0,11,1609.0
120,后里,03F-148.5S,24.467308,120.681217,3.0,3,1729.0
121,后里,03F-148.5S,24.467308,120.681217,3.0,4,1729.0
122,后里,03F-148.5S,24.467308,120.681217,3.0,5,1620.0
123,后里,03F-148.5S,24.467308,120.681217,3.0,6,1620.0
124,后里,03F-148.5S,24.467308,120.681217,3.0,7,1685.5
125,后里,03F-148.5S,24.467308,120.681217,3.0,8,1685.5
126,后里,03F-148.5S,24.467308,120.681217,3.0,9,1657.5
127,后里,03F-148.5S,24.467308,120.681217,3.0,10,1657.5
128,后里,03F-148.5S,24.467308,120.681217,3.0,11,1484.5
129,后里,03F-148.5S,24.467308,120.681217,3.0,12,1484.5
130,后里,03F-163.3N,24.341119,120.651567,3.0,4,1656.5
131,后里,03F-163.3N,24.341119,120.651567,3.0,5,1656.5
132,后里,03F-163.3N,24.341119,120.651567,3.0,6,1752.5
133,后里,03F-163.3N,24.341119,120.651567,3.0,7,1752.5
134,后里,03F-163.3N,24.341119,120.651567,3.0,8,1682.0
135,后里,03F-163.3N,24.341119,120.651567,3.0,9,1682.0
136,后里,03F-163.3N,24.341119,120.651567,3.0,10,1598.0
137,后里,03F-163.3N,24.341119,120.651567,3.0,11,1598.0
138,后里,03F-165.1S,24.334719,120.635578,3.0,4,1672.5
139,后里,03F-165.1S,24.334719,120.635578,3.0,5,1672.5
140,后里,03F-165.1S,24.334719,120.635578,3.0,6,1807.5
141,后里,03F-165.1S,24.334719,120.635578,3.0,7,1807.5
142,后里,03F-165.1S,24.334719,120.635578,3.0,8,1720.0
143,后里,03F-165.1S,24.334719,120.635578,3.0,9,1720.0
144,后里,03F-165.1S,24.334719,120.635578,3.0,10,1587.0
145,后里,03F-165.1S,24.334719,120.635578,3.0,11,1587.0
146,后里,03F-171.0N,24.292881,120.601964,3.0,3,1800.5
147,后里,03F-171.0N,24.292881,120.601964,3.0,4,1800.5
148,后里,03F-171.0N,24.292881,120.601964,3.0,5,1686.5
149,后里,03F-171.0N,24.292881,120.601964,3.0,6,1686.5
150,后里,03F-171.0N,24.292881,120.601964,3.0,7,1863.0
151,后里,03F-171.0N,24.292881,120.601964,3.0,8,1863.0
152,后里,03F-171.0N,24.292881,120.601964,3.0,9,1743.0
153,后里,03F-171.0N,24.292881,120.601964,3.0,10,1743.0
154,后里,03F-173.9S,24.269464,120.590806,3.0,3,1717.5
155,后里,03F-173.9S,24.269464,120.590806,3.0,4,1717.5
156,后里,03F-173.9S,24.269464,120.590806,3.0,5,1086.5
157,后里,03F-173.9S,24.269464,120.590806,3.0,6,1086.5
158,后里,03F-173.9S,24.269464,120.590806,3.0,7,2280.5
159,后里,03F-173.9S,24.269464,120.590806,3.0,8,2280.5
160,后里,03F-173.9S,24.269464,120.590806,3.0,9,1764.5
161,后里,03F-173.9S,24.269464,120.590806,3.0,10,1764.5
162,后里,03F-177.9N,24.234647,120.593306,3.0,3,1740.0
163,后里,03F-177.9N,24.234647,120.593306,3.0,4,1740.0
164,后里,03F-177.9N,24.234647,120.593306,3.0,5,1591.0
165,后里,03F-177.9N,24.234647,120.593306,3.0,6,1591.0
166,后里,03F-177.9N,24.234647,120.593306,3.0,7,1763.5
167,后里,03F-177.9N,24.234647,120.593306,3.0,8,1763.5
168,后里,03F-177.9N,24.234647,120.593306,3.0,9,1685.5
169,后里,03F-177.9N,24.234647,120.593306,3.0,10,1685.5
170,后里,03F-186.0N,24.177831,120.548244,3.0,3,1793.0
171,后里,03F-186.0N,24.177831,120.548244,3.0,4,1793.0
172,后里,03F-186.0N,24.177831,120.548244,3.0,5,1600.0
173,后里,03F-186.0N,24.177831,120.548244,3.0,6,1600.0
174,后里,03F-186.0N,24.177831,120.548244,3.0,7,1908.5
175,后里,03F-186.0N,24.177831,120.548244,3.0,8,1908.5
176,后里,03F-186.0N,24.177831,120.548244,3.0,9,1656.5
177,后里,03F-186.0N,24.177831,120.548244,3.0,10,1656.5
178,后里,03F-194.1N,24.120947,120.534547,3.0,4,1066.0
179,后里,03F-194.1N,24.120947,120.534547,3.0,5,1066.0
180,后里,03F-194.1N,24.120947,120.534547,3.0,6,1316.5
181,后里,03F-194.1N,24.120947,120.534547,3.0,7,1316.5
182,后里,03F-194.1N,24.120947,120.534547,3.0,8,1129.0
183,后里,03F-194.1N,24.120947,120.534547,3.0,9,1129.0
184,后里,03F-194.1N,24.120947,120.534547,3.0,10,1132.0
185,后里,03F-194.1N,24.120947,120.534547,3.0,11,1132.0
186,后里,03F-194.4S,24.119011,120.536692,3.0,4,1082.5
187,后里,03F-194.4S,24.119011,120.536692,3.0,5,1082.5
188,后里,03F-194.4S,24.119011,120.536692,3.0,6,1217.0
189,后里,03F-194.4S,24.119011,120.536692,3.0,7,1217.0
190,后里,03F-194.4S,24.119011,120.536692,3.0,8,1075.0
191,后里,03F-194.4S,24.119011,120.536692,3.0,9,1075.0
192,后里,03F-194.4S,24.119011,120.536692,3.0,10,1130.5
193,后里,03F-194.4S,24.119011,120.536692,3.0,11,1130.5
258,員林,01F-177.4SN,24.184592,120.635611,3.0,4,606.0
259,員林,01F-177.4SN,24.184592,120.635611,3.0,5,606.0
260,員林,01F-177.4SN,24.184592,120.635611,3.0,6,257.5
261,員林,01F-177.4SN,24.184592,120.635611,3.0,7,257.5
262,員林,01F-177.4SN,24.184592,120.635611,3.0,8,1662.0
263,員林,01F-177.4SN,24.184592,120.635611,3.0,9,1662.0
264,員林,01F-177.4SN,24.184592,120.635611,3.0,10,1265.0
265,員林,01F-177.4SN,24.184592,120.635611,3.0,11,1265.0
266,員林,01F-180.2SN,24.163706,120.621933,3.0,3,1760.5
267,員林,01F-180.2SN,24.163706,120.621933,3.0,4,1760.5
268,員林,01F-180.2SN,24.163706,120.621933,3.0,5,1782.5
269,員林,01F-180.2SN,24.163706,120.621933,3.0,6,1782.5
270,員林,01F-180.2SN,24.163706,120.621933,3.0,7,1950.0
271,員林,01F-180.2SN,24.163706,120.621933,3.0,8,1950.0
272,員林,01F-180.2SN,24.163706,120.621933,3.0,9,1795.5
273,員林,01F-180.2SN,24.163706,120.621933,3.0,10,1795.5
274,員林,01F-183.9SN,24.130767,120.617247,3.0,4,1817.5
275,員林,01F-183.9SN,24.130767,120.617247,3.0,5,1817.5
276,員林,01F-183.9SN,24.130767,120.617247,3.0,6,1920.0
277,員林,01F-183.9SN,24.130767,120.617247,3.0,7,1920.0
278,員林,01F-183.9SN,24.130767,120.617247,3.0,8,1892.5
279,員林,01F-183.9SN,24.130767,120.617247,3.0,9,1892.5
280,員林,01F-183.9SN,24.130767,120.617247,3.0,10,1741.0
281,員林,01F-183.9SN,24.130767,120.617247,3.0,11,1741.0
282,員林,01F-190.6SN,24.113572,120.568131,3.0,4,1761.5
283,員林,01F-190.6SN,24.113572,120.568131,3.0,5,1761.5
284,員林,01F-190.6SN,24.113572,120.568131,3.0,6,2001.0
285,員林,01F-190.6SN,24.113572,120.568131,3.0,7,2001.0
286,員林,01F-190.6SN,24.113572,120.568131,3.0,8,1819.5
287,員林,01F-190.6SN,24.113572,120.568131,3.0,9,1819.5
288,員林,01F-190.6SN,24.113572,120.568131,3.0,10,1881.5
289,員林,01F-190.6SN,24.113572,120.568131,3.0,11,1881.5
290,員林,01F-196.0SN,24.085622,120.52785,4.0,3,2121.5
291,員林,01F-196.0SN,24.085622,120.52785,4.0,4,2121.5
292,員林,01F-196.0SN,24.085622,120.52785,4.0,5,1959.5
293,員林,01F-196.0SN,24.085622,120.52785,4.0,6,1959.5
294,員林,01F-196.0SN,24.085622,120.52785,4.0,7,2207.5
295,員林,01F-196.0SN,24.085622,120.52785,4.0,8,2207.5
296,員林,01F-196.0SN,24.085622,120.52785,4.0,9,2065.5
297,員林,01F-196.0SN,24.085622,120.52785,4.0,10,2065.5
298,員林,01F-201.1SN,24.040639,120.522786,3.0,4,1819.5
299,員林,01F-201.1SN,24.040639,120.522786,3.0,5,1819.5
300,員林,01F-201.1SN,24.040639,120.522786,3.0,6,1916.0
301,員林,01F-201.1SN,24.040639,120.522786,3.0,7,1916.0
302,員林,01F-201.1SN,24.040639,120.522786,3.0,8,1906.0
303,員林,01F-201.1SN,24.040639,120.522786,3.0,9,1906.0
304,員林,01F-201.1SN,24.040639,120.522786,3.0,10,1757.0
305,員林,01F-201.1SN,24.040639,120.522786,3.0,11,1757.0
306,員林,01F-208.9SN,23.971794,120.506117,3.0,4,1764.0
307,員林,01F-208.9SN,23.971794,120.506117,3.0,5,1764.0
308,員林,01F-208.9SN,23.971794,120.506117,3.0,6,1833.5
309,員林,01F-208.9SN,23.971794,120.506117,3.0,7,1833.5
310,員林,01F-208.9SN,23.971794,120.506117,3.0,8,1728.0
311,員林,01F-208.9SN,23.971794,120.506117,3.0,9,1728.0
312,員林,01F-208.9SN,23.971794,120.506117,3.0,10,1827.5
313,員林,01F-208.9SN,23.971794,120.506117,3.0,11,1827.5
314,員林,01F-215.6SN,23.912769,120.49765,3.0,3,1634.0
315,員林,01F-215.6SN,23.912769,120.49765,3.0,4,1634.0
316,員林,01F-215.6SN,23.912769,120.49765,3.0,5,1663.0
317,員林,01F-215.6SN,23.912769,120.49765,3.0,6,1663.0
318,員林,01F-215.6SN,23.912769,120.49765,3.0,7,1736.5
319,員林,01F-215.6SN,23.912769,120.49765,3.0,8,1736.5
320,員林,01F-215.6SN,23.912769,120.49765,3.0,9,1691.5
321,員林,01F-215.6SN,23.912769,120.49765,3.0,10,1691.5
322,員林,01F-224.9SN,23.830569,120.484881,3.0,4,1675.0
323,員林,01F-224.9SN,23.830569,120.484881,3.0,5,1675.0
324,員林,01F-224.9SN,23.830569,120.484881,3.0,6,1767.5
325,員林,01F-224.9SN,23.830569,120.484881,3.0,7,1767.5
326,員林,01F-224.9SN,23.830569,120.484881,3.0,8,1733.0
327,員林,01F-224.9SN,23.830569,120.484881,3.0,9,1733.0
328,員林,01F-224.9SN,23.830569,120.484881,3.0,10,1573.0
329,員林,01F-224.9SN,23.830569,120.484881,3.0,11,1573.0
330,員林,01F-232.2SN,23.766328,120.469342,3.0,3,1689.0
331,員林,01F-232.2SN,23.766328,120.469342,3.0,4,1689.0
332,員林,01F-232.2SN,23.766328,120.469342,3.0,5,1522.5
333,員林,01F-232.2SN,23.766328,120.469342,3.0,6,1522.5
334,員林,01F-232.2SN,23.766328,120.469342,3.0,7,1703.0
335,員林,01F-232.2SN,23.766328,120.469342,3.0,8,1703.0
336,員林,01F-232.2SN,23.766328,120.469342,3.0,9,1666.0
337,員林,01F-232.2SN,23.766328,120.469342,3.0,10,1666.0
338,員林,01F-239.4SN,23.702603,120.474917,3.0,4,1694.0
339,員林,01F-239.4SN,23.702603,120.474917,3.0,5,1694.0
340,員林,01F-239.4SN,23.702603,120.474917,3.0,6,1592.5
341,員林,01F-239.4SN,23.702603,120.474917,3.0,7,1592.5
342,員林,01F-239.4SN,23.702603,120.474917,3.0,8,1595.0
343,員林,01F-239.4SN,23.702603,120.474917,3.0,9,1595.0
344,員林,01F-239.4SN,23.702603,120.474917,3.0,10,1620.0
345,員林,01F-239.4SN,23.702603,120.474917,3.0,11,1620.0
346,員林,01F-242.5SN,23.677375,120.462281,4.0,4,1936.0
347,員林,01F-242.5SN,23.677375,120.462281,4.0,5,1936.0
348,員林,01F-242.5SN,23.677375,120.462281,4.0,6,1954.0
349,員林,01F-242.5SN,23.677375,120.462281,4.0,7,1954.0
350,員林,01F-242.5SN,23.677375,120.462281,4.0,8,1836.0
351,員林,01F-242.5SN,23.677375,120.462281,4.0,9,1836.0
352,員林,01F-242.5SN,23.677375,120.462281,4.0,10,1871.0
353,員林,01F-242.5SN,23.677375,120.462281,4.0,11,1871.0
354,員林,01F-247.2S,23.639556,120.443114,3.0,4,1660.5
355,員林,01F-247.2S,23.639556,120.443114,3.0,5,1660.5
356,員林,01F-247.2S,23.639556,120.443114,3.0,6,1738.5
357,員林,01F-247.2S,23.639556,120.443114,3.0,7,1738.5
358,員林,01F-247.2S,23.639556,120.443114,3.0,8,1640.0
359,員林,01F-247.2S,23.639556,120.443114,3.0,9,1640.0
360,員林,01F-247.2S,23.639556,120.443114,3.0,10,1611.0
361,員林,01F-247.2S,23.639556,120.443114,3.0,11,1611.0
368,員林,03F-199.2N,24.102525,120.578747,3.0,4,2408.0
369,員林,03F-199.2N,24.102525,120.578747,3.0,5,2408.0
370,員林,03F-199.2N,24.102525,120.578747,3.0,6,2549.5
371,員林,03F-199.2N,24.102525,120.578747,3.0,7,2549.5
372,員林,03F-199.2N,24.102525,120.578747,3.0,8,2405.5
373,員林,03F-199.2N,24.102525,120.578747,3.0,9,2405.5
374,員林,03F-199.2N,24.102525,120.578747,3.0,10,2415.5
375,員林,03F-199.2N,24.102525,120.578747,3.0,11,2415.5
376,員林,03F-206.6SN,24.070333,120.639711,3.0,4,1813.5
377,員林,03F-206.6SN,24.070333,120.639711,3.0,5,1813.5
378,員林,03F-206.6SN,24.070333,120.639711,3.0,6,1845.0
379,員林,03F-206.6SN,24.070333,120.639711,3.0,7,1845.0
380,員林,03F-206.6SN,24.070333,120.639711,3.0,8,1721.5
381,員林,03F-206.6SN,24.070333,120.639711,3.0,9,1721.5
382,員林,03F-206.6SN,24.070333,120.639711,3.0,10,1761.0
383,員林,03F-206.6SN,24.070333,120.639711,3.0,11,1761.0
384,員林,03F-207.8N,24.067958,120.651433,4.0,4,1247.0
385,員林,03F-207.8N,24.067958,120.651433,4.0,5,1247.0
386,員林,03F-207.8N,24.067958,120.651433,4.0,6,1269.5
387,員林,03F-207.8N,24.067958,120.651433,4.0,7,1269.5
388,員林,03F-207.8N,24.067958,120.651433,4.0,8,1179.5
389,員林,03F-207.8N,24.067958,120.651433,4.0,9,1179.5
390,員林,03F-207.8N,24.067958,120.651433,4.0,10,1200.0
391,員林,03F-207.8N,24.067958,120.651433,4.0,11,1200.0
392,員林,03F-207.9S,24.067778,120.652361,4.0,4,1280.5
393,員林,03F-207.9S,24.067778,120.652361,4.0,5,1280.5
394,員林,03F-207.9S,24.067778,120.652361,4.0,6,1306.5
395,員林,03F-207.9S,24.067778,120.652361,4.0,7,1306.5
396,員林,03F-207.9S,24.067778,120.652361,4.0,8,1211.0
397,員林,03F-207.9S,24.067778,120.652361,4.0,9,1211.0
398,員林,03F-207.9S,24.067778,120.652361,4.0,10,1233.0
399,員林,03F-207.9S,24.067778,120.652361,4.0,11,1233.0
400,員林,03F-210.0N,24.060428,120.671533,3.0,4,1173.5
401,員林,03F-210.0N,24.060428,120.671533,3.0,5,1173.5
402,員林,03F-210.0N,24.060428,120.671533,3.0,6,1222.0
403,員林,03F-210.0N,24.060428,120.671533,3.0,7,1222.0
404,員林,03F-210.0N,24.060428,120.671533,3.0,8,1164.0
405,員林,03F-210.0N,24.060428,120.671533,3.0,9,1164.0
406,員林,03F-210.0N,24.060428,120.671533,3.0,10,1131.0
407,員林,03F-210.0N,24.060428,120.671533,3.0,11,1131.0
408,員林,03F-210.0S,24.060653,120.670964,3.0,4,1152.5
409,員林,03F-210.0S,24.060653,120.670964,3.0,5,1152.5
410,員林,03F-210.0S,24.060653,120.670964,3.0,6,1192.5
411,員林,03F-210.0S,24.060653,120.670964,3.0,7,1192.5
412,員林,03F-210.0S,24.060653,120.670964,3.0,8,1133.0
413,員林,03F-210.0S,24.060653,120.670964,3.0,9,1133.0
414,員林,03F-210.0S,24.060653,120.670964,3.0,10,1100.5
415,員林,03F-210.0S,24.060653,120.670964,3.0,11,1100.5
416,員林,03F-212.5N,24.040994,120.677853,4.0,4,1290.5
417,員林,03F-212.5N,24.040994,120.677853,4.0,5,1290.5
418,員林,03F-212.5N,24.040994,120.677853,4.0,6,1361.5
419,員林,03F-212.5N,24.040994,120.677853,4.0,7,1361.5
420,員林,03F-212.5N,24.040994,120.677853,4.0,8,1344.5
421,員林,03F-212.5N,24.040994,120.677853,4.0,9,1344.5
422,員林,03F-212.5N,24.040994,120.677853,4.0,10,1228.5
423,員林,03F-212.5N,24.040994,120.677853,4.0,11,1228.5
424,員林,03F-212.9S,24.037419,120.675925,4.0,4,1307.5
425,員林,03F-212.9S,24.037419,120.675925,4.0,5,1307.5
426,員林,03F-212.9S,24.037419,120.675925,4.0,6,1393.0
427,員林,03F-212.9S,24.037419,120.675925,4.0,7,1393.0
428,員林,03F-212.9S,24.037419,120.675925,4.0,8,1374.5
429,員林,03F-212.9S,24.037419,120.675925,4.0,9,1374.5
430,員林,03F-212.9S,24.037419,120.675925,4.0,10,1240.0
431,員林,03F-212.9S,24.037419,120.675925,4.0,11,1240.0
432,員林,03F-215.3N,24.01894444,120.6631611,4.0,4,2406.0
433,員林,03F-215.3N,24.01894444,120.6631611,4.0,5,2406.0
434,員林,03F-215.3N,24.01894444,120.6631611,4.0,6,2535.0
435,員林,03F-215.3N,24.01894444,120.6631611,4.0,7,2535.0
436,員林,03F-215.3N,24.01894444,120.6631611,4.0,8,2501.0
437,員林,03F-215.3N,24.01894444,120.6631611,4.0,9,2501.0
438,員林,03F-215.3N,24.01894444,120.6631611,4.0,10,2282.0
439,員林,03F-215.3N,24.01894444,120.6631611,4.0,11,2282.0
440,員林,03F-219.4SN,23.985844,120.652714,4.0,4,1934.0
441,員林,03F-219.4SN,23.985844,120.652714,4.0,5,1934.0
442,員林,03F-219.4SN,23.985844,120.652714,4.0,6,2001.0
443,員林,03F-219.4SN,23.985844,120.652714,4.0,7,2001.0
444,員林,03F-219.4SN,23.985844,120.652714,4.0,8,1892.0
445,員林,03F-219.4SN,23.985844,120.652714,4.0,9,1892.0
446,員林,03F-219.4SN,23.985844,120.652714,4.0,10,1892.0
447,員林,03F-219.4SN,23.985844,120.652714,4.0,11,1892.0
448,員林,03F-223.1N,23.957103,120.657614,4.0,4,1240.5
449,員林,03F-223.1N,23.957103,120.657614,4.0,5,1240.5
450,員林,03F-223.1N,23.957103,120.657614,4.0,6,1501.0
451,員林,03F-223.1N,23.957103,120.657614,4.0,7,1501.0
452,員林,03F-223.1N,23.957103,120.657614,4.0,8,1315.0
453,員林,03F-223.1N,23.957103,120.657614,4.0,9,1315.0
454,員林,03F-223.1N,23.957103,120.657614,4.0,10,1310.0
455,員林,03F-223.1N,23.957103,120.657614,4.0,11,1310.0
456,員林,03F-223.5S,23.955503,120.661267,4.0,4,1153.0
457,員林,03F-223.5S,23.955503,120.661267,4.0,5,1153.0
458,員林,03F-223.5S,23.955503,120.661267,4.0,6,1355.5
459,員林,03F-223.5S,23.955503,120.661267,4.0,7,1355.5
460,員林,03F-223.5S,23.955503,120.661267,4.0,8,1186.0
461,員林,03F-223.5S,23.955503,120.661267,4.0,9,1186.0
462,員林,03F-223.5S,23.955503,120.661267,4.0,10,1213.0
463,員林,03F-223.5S,23.955503,120.661267,4.0,11,1213.0
464,員林,03F-226.0N,23.937928,120.676853,3.0,4,2160.5
465,員林,03F-226.0N,23.937928,120.676853,3.0,5,2160.5
466,員林,03F-226.0N,23.937928,120.676853,3.0,6,2335.5
467,員林,03F-226.0N,23.937928,120.676853,3.0,7,2335.5
468,員林,03F-226.0N,23.937928,120.676853,3.0,8,2175.5
469,員林,03F-226.0N,23.937928,120.676853,3.0,9,2175.5
470,員林,03F-226.0N,23.937928,120.676853,3.0,10,2072.5
471,員林,03F-226.0N,23.937928,120.676853,3.0,11,2072.5
472,員林,03F-230.6SN,23.906781,120.702828,3.0,3,1655.0
473,員林,03F-230.6SN,23.906781,120.702828,3.0,4,1655.0
474,員林,03F-230.6SN,23.906781,120.702828,3.0,5,1631.5
475,員林,03F-230.6SN,23.906781,120.702828,3.0,6,1631.5
476,員林,03F-230.6SN,23.906781,120.702828,3.0,7,1714.5
477,員林,03F-230.6SN,23.906781,120.702828,3.0,8,1714.5
478,員林,03F-230.6SN,23.906781,120.702828,3.0,9,1643.0
479,員林,03F-230.6SN,23.906781,120.702828,3.0,10,1643.0
480,員林,03F-233.6SN,23.882031,120.709186,3.0,3,1699.0
481,員林,03F-233.6SN,23.882031,120.709186,3.0,4,1699.0
482,員林,03F-233.6SN,23.882031,120.709186,3.0,5,1585.5
483,員林,03F-233.6SN,23.882031,120.709186,3.0,6,1585.5
484,員林,03F-233.6SN,23.882031,120.709186,3.0,7,1726.5
485,員林,03F-233.6SN,23.882031,120.709186,3.0,8,1726.5
486,員林,03F-233.6SN,23.882031,120.709186,3.0,9,1679.5
487,員林,03F-233.6SN,23.882031,120.709186,3.0,10,1679.5
488,員林,03F-241.5SN,23.814836,120.700003,3.0,4,1612.0
489,員林,03F-241.5SN,23.814836,120.700003,3.0,5,1612.0
490,員林,03F-241.5SN,23.814836,120.700003,3.0,6,1687.0
491,員林,03F-241.5SN,23.814836,120.700003,3.0,7,1687.0
492,員林,03F-241.5SN,23.814836,120.700003,3.0,8,1628.0
493,員林,03F-241.5SN,23.814836,120.700003,3.0,9,1628.0
494,員林,03F-241.5SN,23.814836,120.700003,3.0,10,1557.5
495,員林,03F-241.5SN,23.814836,120.700003,3.0,11,1557.5
496,員林,03F-244.7SN,23.787486,120.704519,3.0,3,353.0
497,員林,03F-244.7SN,23.787486,120.704519,3.0,4,353.0
498,員林,03F-244.7SN,23.787486,120.704519,3.0,5,279.5
499,員林,03F-244.7SN,23.787486,120.704519,3.0,6,279.5
500,員林,03F-244.7SN,23.787486,120.704519,3.0,7,44.0
501,員林,03F-244.7SN,23.787486,120.704519,3.0,8,44.0
502,員林,03F-244.7SN,23.787486,120.704519,3.0,9,20.0
503,員林,03F-244.7SN,23.787486,120.704519,3.0,10,20.0
504,員林,03F-253.5SN,23.775581,120.6259,3.0,4,1664.0
505,員林,03F-253.5SN,23.775581,120.6259,3.0,5,1664.0
506,員林,03F-253.5SN,23.775581,120.6259,3.0,6,1630.5
507,員林,03F-253.5SN,23.775581,120.6259,3.0,7,1630.5
508,員林,03F-253.5SN,23.775581,120.6259,3.0,8,1591.5
509,員林,03F-253.5SN,23.775581,120.6259,3.0,9,1591.5
510,員林,03F-253.5SN,23.775581,120.6259,3.0,10,1466.0
511,員林,03F-253.5SN,23.775581,120.6259,3.0,11,1466.0
512,員林,03F-261.4SN,23.724425,120.601786,3.0,4,1656.5
513,員林,03F-261.4SN,23.724425,120.601786,3.0,5,1656.5
514,員林,03F-261.4SN,23.724425,120.601786,3.0,6,1610.0
515,員林,03F-261.4SN,23.724425,120.601786,3.0,7,1610.0
516,員林,03F-261.4SN,23.724425,120.601786,3.0,8,1648.5
517,員林,03F-261.4SN,23.724425,120.601786,3.0,9,1648.5
518,員林,03F-261.4SN,23.724425,120.601786,3.0,10,1626.5
519,員林,03F-261.4SN,23.724425,120.601786,3.0,11,1626.5
576,新市,01F-251.4N,23.601989,120.435417,3.0,4,1782.0
577,新市,01F-251.4N,23.601989,120.435417,3.0,5,1782.0
578,新市,01F-251.4N,23.601989,120.435417,3.0,6,1768.5
579,新市,01F-251.4N,23.601989,120.435417,3.0,7,1768.5
580,新市,01F-251.4N,23.601989,120.435417,3.0,8,1681.5
581,新市,01F-251.4N,23.601989,120.435417,3.0,9,1681.5
582,新市,01F-251.4N,23.601989,120.435417,3.0,10,1621.0
583,新市,01F-251.4N,23.601989,120.435417,3.0,11,1621.0
584,新市,01F-260.3N,23.526739,120.405583,3.0,3,1738.0
585,新市,01F-260.3N,23.526739,120.405583,3.0,4,1738.0
586,新市,01F-260.3N,23.526739,120.405583,3.0,5,1659.0
587,新市,01F-260.3N,23.526739,120.405583,3.0,6,1659.0
588,新市,01F-260.3N,23.526739,120.405583,3.0,7,1754.0
589,新市,01F-260.3N,23.526739,120.405583,3.0,8,1754.0
590,新市,01F-260.3N,23.526739,120.405583,3.0,9,1681.5
591,新市,01F-260.3N,23.526739,120.405583,3.0,10,1681.5
592,新市,01F-267.4S,23.469403,120.3777,3.0,4,1715.0
593,新市,01F-267.4S,23.469403,120.3777,3.0,5,1715.0
594,新市,01F-267.4S,23.469403,120.3777,3.0,6,1752.5
595,新市,01F-267.4S,23.469403,120.3777,3.0,7,1752.5
596,新市,01F-267.4S,23.469403,120.3777,3.0,8,1890.5
597,新市,01F-267.4S,23.469403,120.3777,3.0,9,1890.5
598,新市,01F-267.4S,23.469403,120.3777,3.0,10,1492.5
599,新市,01F-267.4S,23.469403,120.3777,3.0,11,1492.5
600,新市,01F-271.4S,23.436367,120.361561,4.0,3,1942.5
601,新市,01F-271.4S,23.436367,120.361561,4.0,4,1942.5
602,新市,01F-271.4S,23.436367,120.361561,4.0,5,1745.0
603,新市,01F-271.4S,23.436367,120.361561,4.0,6,1745.0
604,新市,01F-271.4S,23.436367,120.361561,4.0,7,1895.5
605,新市,01F-271.4S,23.436367,120.361561,4.0,8,1895.5
606,新市,01F-271.4S,23.436367,120.361561,4.0,9,1850.0
607,新市,01F-271.4S,23.436367,120.361561,4.0,10,1850.0
608,新市,01F-282.7S,23.347469,120.322192,3.0,4,1558.5
609,新市,01F-282.7S,23.347469,120.322192,3.0,5,1558.5
610,新市,01F-282.7S,23.347469,120.322192,3.0,6,1646.5
611,新市,01F-282.7S,23.347469,120.322192,3.0,7,1646.5
612,新市,01F-282.7S,23.347469,120.322192,3.0,8,1616.0
613,新市,01F-282.7S,23.347469,120.322192,3.0,9,1616.0
614,新市,01F-282.7S,23.347469,120.322192,3.0,10,1579.5
615,新市,01F-282.7S,23.347469,120.322192,3.0,11,1579.5
616,新市,01F-286.6S,23.320994,120.298703,3.0,4,1706.5
617,新市,01F-286.6S,23.320994,120.298703,3.0,5,1706.5
618,新市,01F-286.6S,23.320994,120.298703,3.0,6,1698.5
619,新市,01F-286.6S,23.320994,120.298703,3.0,7,1698.5
620,新市,01F-286.6S,23.320994,120.298703,3.0,8,1687.0
621,新市,01F-286.6S,23.320994,120.298703,3.0,9,1687.0
622,新市,01F-286.6S,23.320994,120.298703,3.0,10,1614.5
623,新市,01F-286.6S,23.320994,120.298703,3.0,11,1614.5
624,新市,01F-293.0S,23.272589,120.265769,3.0,4,1714.0
625,新市,01F-293.0S,23.272589,120.265769,3.0,5,1714.0
626,新市,01F-293.0S,23.272589,120.265769,3.0,6,1769.5
627,新市,01F-293.0S,23.272589,120.265769,3.0,7,1769.5
628,新市,01F-293.0S,23.272589,120.265769,3.0,8,1627.5
629,新市,01F-293.0S,23.272589,120.265769,3.0,9,1627.5
630,新市,01F-293.0S,23.272589,120.265769,3.0,10,1612.5
631,新市,01F-293.0S,23.272589,120.265769,3.0,11,1612.5
632,新市,01F-301.9N,23.197286,120.236422,3.0,4,1747.5
633,新市,01F-301.9N,23.197286,120.236422,3.0,5,1747.5
634,新市,01F-301.9N,23.197286,120.236422,3.0,6,1858.0
635,新市,01F-301.9N,23.197286,120.236422,3.0,7,1858.0
636,新市,01F-301.9N,23.197286,120.236422,3.0,8,1805.5
637,新市,01F-301.9N,23.197286,120.236422,3.0,9,1805.5
638,新市,01F-301.9N,23.197286,120.236422,3.0,10,1743.0
639,新市,01F-301.9N,23.197286,120.236422,3.0,11,1743.0
640,新市,01F-308.3N,23.140751,120.23327,3.0,5,1734.0
641,新市,01F-308.3N,23.140751,120.23327,3.0,6,1734.0
642,新市,01F-308.3N,23.140751,120.23327,3.0,7,1837.5
643,新市,01F-308.3N,23.140751,120.23327,3.0,8,1837.5
644,新市,01F-308.3N,23.140751,120.23327,3.0,9,1738.0
645,新市,01F-308.3N,23.140751,120.23327,3.0,10,1738.0
646,新市,01F-308.3N,23.140751,120.23327,3.0,11,1592.0
647,新市,01F-308.3N,23.140751,120.23327,3.0,12,1592.0
648,新市,01F-312.6S,23.104817,120.247681,3.0,3,1706.5
649,新市,01F-312.6S,23.104817,120.247681,3.0,4,1706.5
650,新市,01F-312.6S,23.104817,120.247681,3.0,5,1681.5
651,新市,01F-312.6S,23.104817,120.247681,3.0,6,1681.5
652,新市,01F-312.6S,23.104817,120.247681,3.0,7,1799.0
653,新市,01F-312.6S,23.104817,120.247681,3.0,8,1799.0
654,新市,01F-312.6S,23.104817,120.247681,3.0,9,1719.0
655,新市,01F-312.6S,23.104817,120.247681,3.0,10,1719.0
656,新市,01F-318.5N,23.051311,120.253025,3.0,4,1851.0
657,新市,01F-318.5N,23.051311,120.253025,3.0,5,1851.0
658,新市,01F-318.5N,23.051311,120.253025,3.0,6,1868.0
659,新市,01F-318.5N,23.051311,120.253025,3.0,7,1868.0
660,新市,01F-318.5N,23.051311,120.253025,3.0,8,1734.5
661,新市,01F-318.5N,23.051311,120.253025,3.0,9,1734.5
662,新市,01F-318.5N,23.051311,120.253025,3.0,10,1782.5
663,新市,01F-318.5N,23.051311,120.253025,3.0,11,1782.5
664,新市,01F-322.7N,23.014172,120.249997,3.0,3,1875.0
665,新市,01F-322.7N,23.014172,120.249997,3.0,4,1875.0
666,新市,01F-322.7N,23.014172,120.249997,3.0,5,1717.0
667,新市,01F-322.7N,23.014172,120.249997,3.0,6,1717.0
668,新市,01F-322.7N,23.014172,120.249997,3.0,7,1885.5
669,新市,01F-322.7N,23.014172,120.249997,3.0,8,1885.5
670,新市,01F-322.7N,23.014172,120.249997,3.0,9,1835.0
671,新市,01F-322.7N,23.014172,120.249997,3.0,10,1835.0
672,新市,01F-325.2N,22.991814,120.248175,3.0,3,1863.0
673,新市,01F-325.2N,22.991814,120.248175,3.0,4,1863.0
674,新市,01F-325.2N,22.991814,120.248175,3.0,5,1734.0
675,新市,01F-325.2N,22.991814,120.248175,3.0,6,1734.0
676,新市,01F-325.2N,22.991814,120.248175,3.0,7,1897.0
677,新市,01F-325.2N,22.991814,120.248175,3.0,8,1897.0
678,新市,01F-325.2N,22.991814,120.248175,3.0,9,1793.0
679,新市,01F-325.2N,22.991814,120.248175,3.0,10,1793.0
680,新市,01F-328.6N,22.960903,120.249822,3.0,3,1889.5
681,新市,01F-328.6N,22.960903,120.249822,3.0,4,1889.5
682,新市,01F-328.6N,22.960903,120.249822,3.0,5,1745.0
683,新市,01F-328.6N,22.960903,120.249822,3.0,6,1745.0
684,新市,01F-328.6N,22.960903,120.249822,3.0,7,1909.5
685,新市,01F-328.6N,22.960903,120.249822,3.0,8,1909.5
686,新市,01F-328.6N,22.960903,120.249822,3.0,9,1856.0
687,新市,01F-328.6N,22.960903,120.249822,3.0,10,1856.0
688,新市,03F-270.9S,23.649142,120.57295,3.0,3,1613.5
689,新市,03F-270.9S,23.649142,120.57295,3.0,4,1613.5
690,新市,03F-270.9S,23.649142,120.57295,3.0,5,1531.0
691,新市,03F-270.9S,23.649142,120.57295,3.0,6,1531.0
692,新市,03F-270.9S,23.649142,120.57295,3.0,7,1604.5
693,新市,03F-270.9S,23.649142,120.57295,3.0,8,1604.5
694,新市,03F-270.9S,23.649142,120.57295,3.0,9,1565.0
695,新市,03F-270.9S,23.649142,120.57295,3.0,10,1565.0
696,新市,03F-274.7N,23.618203,120.558567,3.0,4,1582.5
697,新市,03F-274.7N,23.618203,120.558567,3.0,5,1582.5
698,新市,03F-274.7N,23.618203,120.558567,3.0,6,1767.0
699,新市,03F-274.7N,23.618203,120.558567,3.0,7,1767.0
700,新市,03F-274.7N,23.618203,120.558567,3.0,8,1687.5
701,新市,03F-274.7N,23.618203,120.558567,3.0,9,1687.5
702,新市,03F-274.7N,23.618203,120.558567,3.0,10,1657.0
703,新市,03F-274.7N,23.618203,120.558567,3.0,11,1657.0
704,新市,03F-277.7N,23.606792,120.532511,3.0,4,1640.0
705,新市,03F-277.7N,23.606792,120.532511,3.0,5,1640.0
706,新市,03F-277.7N,23.606792,120.532511,3.0,6,1684.5
707,新市,03F-277.7N,23.606792,120.532511,3.0,7,1684.5
708,新市,03F-277.7N,23.606792,120.532511,3.0,8,1606.0
709,新市,03F-277.7N,23.606792,120.532511,3.0,9,1606.0
710,新市,03F-277.7N,23.606792,120.532511,3.0,10,1591.5
711,新市,03F-277.7N,23.606792,120.532511,3.0,11,1591.5
712,新市,03F-284.0S,23.558125,120.505061,3.0,4,1625.5
713,新市,03F-284.0S,23.558125,120.505061,3.0,5,1625.5
714,新市,03F-284.0S,23.558125,120.505061,3.0,6,1669.0
715,新市,03F-284.0S,23.558125,120.505061,3.0,7,1669.0
716,新市,03F-284.0S,23.558125,120.505061,3.0,8,1666.0
717,新市,03F-284.0S,23.558125,120.505061,3.0,9,1666.0
718,新市,03F-284.0S,23.558125,120.505061,3.0,10,1562.5
719,新市,03F-284.0S,23.558125,120.505061,3.0,11,1562.5
720,新市,03F-289.9S,23.511683,120.486328,3.0,3,1612.0
721,新市,03F-289.9S,23.511683,120.486328,3.0,4,1612.0
722,新市,03F-289.9S,23.511683,120.486328,3.0,5,1588.5
723,新市,03F-289.9S,23.511683,120.486328,3.0,6,1588.5
724,新市,03F-289.9S,23.511683,120.486328,3.0,7,1605.5
725,新市,03F-289.9S,23.511683,120.486328,3.0,8,1605.5
726,新市,03F-289.9S,23.511683,120.486328,3.0,9,1615.5
727,新市,03F-289.9S,23.511683,120.486328,3.0,10,1615.5
728,新市,03F-292.3S,23.492078,120.494586,3.0,3,1762.0
729,新市,03F-292.3S,23.492078,120.494586,3.0,4,1762.0
730,新市,03F-292.3S,23.492078,120.494586,3.0,5,1492.0
731,新市,03F-292.3S,23.492078,120.494586,3.0,6,1492.0
732,新市,03F-292.3S,23.492078,120.494586,3.0,7,1577.5
733,新市,03F-292.3S,23.492078,120.494586,3.0,8,1577.5
734,新市,03F-292.3S,23.492078,120.494586,3.0,9,1578.0
735,新市,03F-292.3S,23.492078,120.494586,3.0,10,1578.0
736,新市,03F-298.5N,23.442486,120.4812,3.0,5,1538.0
737,新市,03F-298.5N,23.442486,120.4812,3.0,6,1538.0
738,新市,03F-298.5N,23.442486,120.4812,3.0,7,1624.5
739,新市,03F-298.5N,23.442486,120.4812,3.0,8,1624.5
740,新市,03F-298.5N,23.442486,120.4812,3.0,9,1612.0
741,新市,03F-298.5N,23.442486,120.4812,3.0,10,1612.0
742,新市,03F-298.5N,23.442486,120.4812,3.0,11,1404.0
743,新市,03F-298.5N,23.442486,120.4812,3.0,12,1404.0
744,新市,03F-310.1N,23.361253,120.436356,3.0,5,1724.0
745,新市,03F-310.1N,23.361253,120.436356,3.0,6,1724.0
746,新市,03F-310.1N,23.361253,120.436356,3.0,7,1724.0
747,新市,03F-310.1N,23.361253,120.436356,3.0,8,1724.0
748,新市,03F-310.1N,23.361253,120.436356,3.0,9,1724.0
749,新市,03F-310.1N,23.361253,120.436356,3.0,10,1724.0
750,新市,03F-310.1N,23.361253,120.436356,3.0,11,770.0
751,新市,03F-310.1N,23.361253,120.436356,3.0,12,770.0
752,新市,03F-318.7N,23.296692,120.404164,3.0,4,1574.0
753,新市,03F-318.7N,23.296692,120.404164,3.0,5,1574.0
754,新市,03F-318.7N,23.296692,120.404164,3.0,6,1670.0
755,新市,03F-318.7N,23.296692,120.404164,3.0,7,1670.0
756,新市,03F-318.7N,23.296692,120.404164,3.0,8,1622.0
757,新市,03F-318.7N,23.296692,120.404164,3.0,9,1622.0
758,新市,03F-318.7N,23.296692,120.404164,3.0,10,1570.5
759,新市,03F-318.7N,23.296692,120.404164,3.0,11,1570.5
760,新市,03F-321.1S,23.279281,120.390253,3.0,4,1746.0
761,新市,03F-321.1S,23.279281,120.390253,3.0,5,1746.0
762,新市,03F-321.1S,23.279281,120.390253,3.0,6,1704.5
763,新市,03F-321.1S,23.279281,120.390253,3.0,7,1704.5
764,新市,03F-321.1S,23.279281,120.390253,3.0,8,1616.5
765,新市,03F-321.1S,23.279281,120.390253,3.0,9,1616.5
766,新市,03F-321.1S,23.279281,120.390253,3.0,10,1639.5
767,新市,03F-321.1S,23.279281,120.390253,3.0,11,1639.5
768,新市,03F-325.9S,23.244994,120.367378,3.0,3,1712.0
769,新市,03F-325.9S,23.244994,120.367378,3.0,4,1712.0
770,新市,03F-325.9S,23.244994,120.367378,3.0,5,1620.0
771,新市,03F-325.9S,23.244994,120.367378,3.0,6,1620.0
772,新市,03F-325.9S,23.244994,120.367378,3.0,7,1712.5
773,新市,03F-325.9S,23.244994,120.367378,3.0,8,1712.5
774,新市,03F-325.9S,23.244994,120.367378,3.0,9,1618.5
775,新市,03F-325.9S,23.244994,120.367378,3.0,10,1618.5
776,新市,03F-330.7N,23.203275,120.355461,3.0,4,1704.0
777,新市,03F-330.7N,23.203275,120.355461,3.0,5,1704.0
778,新市,03F-330.7N,23.203275,120.355461,3.0,6,1732.0
779,新市,03F-330.7N,23.203275,120.355461,3.0,7,1732.0
780,新市,03F-330.7N,23.203275,120.355461,3.0,8,1651.0
781,新市,03F-330.7N,23.203275,120.355461,3.0,9,1651.0
782,新市,03F-330.7N,23.203275,120.355461,3.0,10,1620.5
783,新市,03F-330.7N,23.203275,120.355461,3.0,11,1620.5
784,新市,03F-339.2N,23.132064,120.333711,3.0,4,1701.0
785,新市,03F-339.2N,23.132064,120.333711,3.0,5,1701.0
786,新市,03F-339.2N,23.132064,120.333711,3.0,6,1721.0
787,新市,03F-339.2N,23.132064,120.333711,3.0,7,1721.0
788,新市,03F-339.2N,23.132064,120.333711,3.0,8,1629.5
789,新市,03F-339.2N,23.132064,120.333711,3.0,9,1629.5
790,新市,03F-339.2N,23.132064,120.333711,3.0,10,1661.0
791,新市,03F-339.2N,23.132064,120.333711,3.0,11,1661.0
848,楊梅,01F-049.2SN,25.036481,121.295531,5.0,3,2284.5
849,楊梅,01F-049.2SN,25.036481,121.295531,5.0,4,2284.5
850,楊梅,01F-049.2SN,25.036481,121.295531,5.0,5,2217.5
851,楊梅,01F-049.2SN,25.036481,121.295531,5.0,6,2217.5
852,楊梅,01F-049.2SN,25.036481,121.295531,5.0,7,2311.0
853,楊梅,01F-049.2SN,25.036481,121.295531,5.0,8,2311.0
854,楊梅,01F-049.2SN,25.036481,121.295531,5.0,9,2090.5
855,楊梅,01F-049.2SN,25.036481,121.295531,5.0,10,2090.5
856,楊梅,01F-051.1SN,25.025953,121.281731,5.0,4,2083.5
857,楊梅,01F-051.1SN,25.025953,121.281731,5.0,5,2083.5
858,楊梅,01F-051.1SN,25.025953,121.281731,5.0,6,2161.0
859,楊梅,01F-051.1SN,25.025953,121.281731,5.0,7,2161.0
860,楊梅,01F-051.1SN,25.025953,121.281731,5.0,8,2147.5
861,楊梅,01F-051.1SN,25.025953,121.281731,5.0,9,2147.5
862,楊梅,01F-051.1SN,25.025953,121.281731,5.0,10,1942.0
863,楊梅,01F-051.1SN,25.025953,121.281731,5.0,11,1942.0
864,楊梅,01F-053.2SN,25.012944,121.266194,4.0,4,1913.5
865,楊梅,01F-053.2SN,25.012944,121.266194,4.0,5,1913.5
866,楊梅,01F-053.2SN,25.012944,121.266194,4.0,6,2019.0
867,楊梅,01F-053.2SN,25.012944,121.266194,4.0,7,2019.0
868,楊梅,01F-053.2SN,25.012944,121.266194,4.0,8,1998.5
869,楊梅,01F-053.2SN,25.012944,121.266194,4.0,9,1998.5
870,楊梅,01F-053.2SN,25.012944,121.266194,4.0,10,1823.0
871,楊梅,01F-053.2SN,25.012944,121.266194,4.0,11,1823.0
872,楊梅,01F-055.7SN,24.99858333,121.2477222,4.0,4,1895.5
873,楊梅,01F-055.7SN,24.99858333,121.2477222,4.0,5,1895.5
874,楊梅,01F-055.7SN,24.99858333,121.2477222,4.0,6,2030.5
875,楊梅,01F-055.7SN,24.99858333,121.2477222,4.0,7,2030.5
876,楊梅,01F-055.7SN,24.99858333,121.2477222,4.0,8,1988.5
877,楊梅,01F-055.7SN,24.99858333,121.2477222,4.0,9,1988.5
878,楊梅,01F-055.7SN,24.99858333,121.2477222,4.0,10,1826.0
879,楊梅,01F-055.7SN,24.99858333,121.2477222,4.0,11,1826.0
880,楊梅,01F-058.4N、01H-057.9N,24.980558,121.228944,3.0,3,2208.5
881,楊梅,01F-058.4N、01H-057.9N,24.980558,121.228944,3.0,4,2208.5
882,楊梅,01F-058.4N、01H-057.9N,24.980558,121.228944,3.0,5,2290.0
883,楊梅,01F-058.4N、01H-057.9N,24.980558,121.228944,3.0,6,2290.0
884,楊梅,01F-058.4N、01H-057.9N,24.980558,121.228944,3.0,7,2519.0
885,楊梅,01F-058.4N、01H-057.9N,24.980558,121.228944,3.0,8,2519.0
886,楊梅,01F-058.4N、01H-057.9N,24.980558,121.228944,3.0,9,2395.5
887,楊梅,01F-058.4N、01H-057.9N,24.980558,121.228944,3.0,10,2395.5
888,楊梅,01F-061.6S,24.961693,121.2047523,4.0,4,250.5
889,楊梅,01F-061.6S,24.961693,121.2047523,4.0,5,250.5
890,楊梅,01F-061.6S,24.961693,121.2047523,4.0,6,1273.0
891,楊梅,01F-061.6S,24.961693,121.2047523,4.0,7,1273.0
892,楊梅,01F-061.6S,24.961693,121.2047523,4.0,8,1476.0
893,楊梅,01F-061.6S,24.961693,121.2047523,4.0,9,1476.0
894,楊梅,01F-061.6S,24.961693,121.2047523,4.0,10,1464.5
895,楊梅,01F-061.6S,24.961693,121.2047523,4.0,11,1464.5
896,楊梅,01F-063.3SN,24.949281,121.195594,3.0,3,1760.0
897,楊梅,01F-063.3SN,24.949281,121.195594,3.0,4,1760.0
898,楊梅,01F-063.3SN,24.949281,121.195594,3.0,5,1765.5
899,楊梅,01F-063.3SN,24.949281,121.195594,3.0,6,1765.5
900,楊梅,01F-063.3SN,24.949281,121.195594,3.0,7,1937.0
901,楊梅,01F-063.3SN,24.949281,121.195594,3.0,8,1937.0
902,楊梅,01F-063.3SN,24.949281,121.195594,3.0,9,1769.0
903,楊梅,01F-063.3SN,24.949281,121.195594,3.0,10,1769.0
904,楊梅,01F-066.4SN,24.929544,121.176919,3.0,4,1775.5
905,楊梅,01F-066.4SN,24.929544,121.176919,3.0,5,1775.5
906,楊梅,01F-066.4SN,24.929544,121.176919,3.0,6,1870.0
907,楊梅,01F-066.4SN,24.929544,121.176919,3.0,7,1870.0
908,楊梅,01F-066.4SN,24.929544,121.176919,3.0,8,1805.0
909,楊梅,01F-066.4SN,24.929544,121.176919,3.0,9,1805.0
910,楊梅,01F-066.4SN,24.929544,121.176919,3.0,10,1760.0
911,楊梅,01F-066.4SN,24.929544,121.176919,3.0,11,1760.0
912,楊梅,01F-068.1SN,24.917967,121.167586,3.0,4,1940.5
913,楊梅,01F-068.1SN,24.917967,121.167586,3.0,5,1940.5
914,楊梅,01F-068.1SN,24.917967,121.167586,3.0,6,2037.0
915,楊梅,01F-068.1SN,24.917967,121.167586,3.0,7,2037.0
916,楊梅,01F-068.1SN,24.917967,121.167586,3.0,8,1912.5
917,楊梅,01F-068.1SN,24.917967,121.167586,3.0,9,1912.5
918,楊梅,01F-068.1SN,24.917967,121.167586,3.0,10,1928.0
919,楊梅,01F-068.1SN,24.917967,121.167586,3.0,11,1928.0
920,楊梅,01F-069.9SN,24.903297,121.159761,3.0,4,1451.0
921,楊梅,01F-069.9SN,24.903297,121.159761,3.0,5,1451.0
922,楊梅,01F-069.9SN,24.903297,121.159761,3.0,6,1637.0
923,楊梅,01F-069.9SN,24.903297,121.159761,3.0,7,1637.0
924,楊梅,01F-069.9SN,24.903297,121.159761,3.0,8,1537.0
925,楊梅,01F-069.9SN,24.903297,121.159761,3.0,9,1537.0
926,楊梅,01F-069.9SN,24.903297,121.159761,3.0,10,1517.0
927,楊梅,01F-069.9SN,24.903297,121.159761,3.0,11,1517.0
928,楊梅,01F-075.0SN,24.893436,121.111731,3.0,3,1792.5
929,楊梅,01F-075.0SN,24.893436,121.111731,3.0,4,1792.5
930,楊梅,01F-075.0SN,24.893436,121.111731,3.0,5,1721.0
931,楊梅,01F-075.0SN,24.893436,121.111731,3.0,6,1721.0
932,楊梅,01F-075.0SN,24.893436,121.111731,3.0,7,1929.0
933,楊梅,01F-075.0SN,24.893436,121.111731,3.0,8,1929.0
934,楊梅,01F-075.0SN,24.893436,121.111731,3.0,9,1824.5
935,楊梅,01F-075.0SN,24.893436,121.111731,3.0,10,1824.5
936,楊梅,01F-088.0SN,24.848719,121.019031,3.0,4,1872.0
937,楊梅,01F-088.0SN,24.848719,121.019031,3.0,5,1872.0
938,楊梅,01F-088.0SN,24.848719,121.019031,3.0,6,1982.0
939,楊梅,01F-088.0SN,24.848719,121.019031,3.0,7,1982.0
940,楊梅,01F-088.0SN,24.848719,121.019031,3.0,8,1995.0
941,楊梅,01F-088.0SN,24.848719,121.019031,3.0,9,1995.0
942,楊梅,01F-088.0SN,24.848719,121.019031,3.0,10,1827.5
943,楊梅,01F-088.0SN,24.848719,121.019031,3.0,11,1827.5
944,楊梅,01F-092.8SN,24.808453,121.010306,3.0,3,1131.0
945,楊梅,01F-092.8SN,24.808453,121.010306,3.0,4,1131.0
946,楊梅,01F-092.8SN,24.808453,121.010306,3.0,5,1114.0
947,楊梅,01F-092.8SN,24.808453,121.010306,3.0,6,1114.0
948,楊梅,01F-092.8SN,24.808453,121.010306,3.0,7,1251.0
949,楊梅,01F-092.8SN,24.808453,121.010306,3.0,8,1251.0
950,楊梅,01F-092.8SN,24.808453,121.010306,3.0,9,1190.0
951,楊梅,01F-092.8SN,24.808453,121.010306,3.0,10,1190.0
952,楊梅,01F-095.0S,24.789622,121.005247,3.0,4,1984.0
953,楊梅,01F-095.0S,24.789622,121.005247,3.0,5,1984.0
954,楊梅,01F-095.0S,24.789622,121.005247,3.0,6,2056.5
955,楊梅,01F-095.0S,24.789622,121.005247,3.0,7,2056.5
956,楊梅,01F-095.0S,24.789622,121.005247,3.0,8,2028.0
957,楊梅,01F-095.0S,24.789622,121.005247,3.0,9,2028.0
958,楊梅,01F-095.0S,24.789622,121.005247,3.0,10,1864.0
959,楊梅,01F-095.0S,24.789622,121.005247,3.0,11,1864.0
960,楊梅,01F-095.6N,24.783944,121.003725,3.0,4,1102.5
961,楊梅,01F-095.6N,24.783944,121.003725,3.0,5,1102.5
962,楊梅,01F-095.6N,24.783944,121.003725,3.0,6,1318.0
963,楊梅,01F-095.6N,24.783944,121.003725,3.0,7,1318.0
964,楊梅,01F-095.6N,24.783944,121.003725,3.0,8,1239.0
965,楊梅,01F-095.6N,24.783944,121.003725,3.0,9,1239.0
966,楊梅,01F-095.6N,24.783944,121.003725,3.0,10,1188.0
967,楊梅,01F-095.6N,24.783944,121.003725,3.0,11,1188.0
968,楊梅,01F-097.9N,24.764414,120.999897,4.0,4,1334.5
969,楊梅,01F-097.9N,24.764414,120.999897,4.0,5,1334.5
970,楊梅,01F-097.9N,24.764414,120.999897,4.0,6,1358.5
971,楊梅,01F-097.9N,24.764414,120.999897,4.0,7,1358.5
972,楊梅,01F-097.9N,24.764414,120.999897,4.0,8,1325.5
973,楊梅,01F-097.9N,24.764414,120.999897,4.0,9,1325.5
974,楊梅,01F-097.9N,24.764414,120.999897,4.0,10,1311.0
975,楊梅,01F-097.9N,24.764414,120.999897,4.0,11,1311.0
976,楊梅,01F-098.0S,24.763586,120.998861,3.0,4,1176.0
977,楊梅,01F-098.0S,24.763586,120.998861,3.0,5,1176.0
978,楊梅,01F-098.0S,24.763586,120.998861,3.0,6,1232.0
979,楊梅,01F-098.0S,24.763586,120.998861,3.0,7,1232.0
980,楊梅,01F-098.0S,24.763586,120.998861,3.0,8,1200.5
981,楊梅,01F-098.0S,24.763586,120.998861,3.0,9,1200.5
982,楊梅,01F-098.0S,24.763586,120.998861,3.0,10,1177.0
983,楊梅,01F-098.0S,24.763586,120.998861,3.0,11,1177.0
984,楊梅,01H-060.8N,24.965878,121.211614,2.0,4,1092.0
985,楊梅,01H-060.8N,24.965878,121.211614,2.0,5,1092.0
986,楊梅,01H-060.8N,24.965878,121.211614,2.0,6,1106.5
987,楊梅,01H-060.8N,24.965878,121.211614,2.0,7,1106.5
988,楊梅,01H-060.8N,24.965878,121.211614,2.0,8,1089.0
989,楊梅,01H-060.8N,24.965878,121.211614,2.0,9,1089.0
990,楊梅,01H-060.8N,24.965878,121.211614,2.0,10,1067.0
991,楊梅,01H-060.8N,24.965878,121.211614,2.0,11,1067.0
992,楊梅,01H-061.0S,24.96525,121.209867,2.0,4,1030.0
993,楊梅,01H-061.0S,24.96525,121.209867,2.0,5,1030.0
994,楊梅,01H-061.0S,24.96525,121.209867,2.0,6,1144.5
995,楊梅,01H-061.0S,24.96525,121.209867,2.0,7,1144.5
996,楊梅,01H-061.0S,24.96525,121.209867,2.0,8,1117.0
997,楊梅,01H-061.0S,24.96525,121.209867,2.0,9,1117.0
998,楊梅,01H-061.0S,24.96525,121.209867,2.0,10,1043.0
999,楊梅,01H-061.0S,24.96525,121.209867,2.0,11,1043.0
1000,楊梅,03F-069.8SN,24.856558,121.208581,3.0,5,1666.0
1001,楊梅,03F-069.8SN,24.856558,121.208581,3.0,6,1666.0
1002,楊梅,03F-069.8SN,24.856558,121.208581,3.0,7,1704.0
1003,楊梅,03F-069.8SN,24.856558,121.208581,3.0,8,1704.0
1004,楊梅,03F-069.8SN,24.856558,121.208581,3.0,9,1760.5
1005,楊梅,03F-069.8SN,24.856558,121.208581,3.0,10,1760.5
1006,楊梅,03F-069.8SN,24.856558,121.208581,3.0,11,1605.0
1007,楊梅,03F-069.8SN,24.856558,121.208581,3.0,12,1605.0
1008,楊梅,03F-074.6SN,24.816364,121.200339,3.0,5,2058.5
1009,楊梅,03F-074.6SN,24.816364,121.200339,3.0,6,2058.5
1010,楊梅,03F-074.6SN,24.816364,121.200339,3.0,7,2189.0
1011,楊梅,03F-074.6SN,24.816364,121.200339,3.0,8,2189.0
1012,楊梅,03F-074.6SN,24.816364,121.200339,3.0,9,2212.0
1013,楊梅,03F-074.6SN,24.816364,121.200339,3.0,10,2212.0
1014,楊梅,03F-074.6SN,24.816364,121.200339,3.0,11,1780.0
1015,楊梅,03F-074.6SN,24.816364,121.200339,3.0,12,1780.0
1016,楊梅,03F-078.3SN,24.797339,121.179128,3.0,3,1758.5
1017,楊梅,03F-078.3SN,24.797339,121.179128,3.0,4,1758.5
1018,楊梅,03F-078.3SN,24.797339,121.179128,3.0,5,1697.0
1019,楊梅,03F-078.3SN,24.797339,121.179128,3.0,6,1697.0
1020,楊梅,03F-078.3SN,24.797339,121.179128,3.0,7,1869.0
1021,楊梅,03F-078.3SN,24.797339,121.179128,3.0,8,1869.0
1022,楊梅,03F-078.3SN,24.797339,121.179128,3.0,9,1781.5
1023,楊梅,03F-078.3SN,24.797339,121.179128,3.0,10,1781.5
1024,楊梅,03F-084.6SN,24.791439,121.125997,3.0,4,1792.5
1025,楊梅,03F-084.6SN,24.791439,121.125997,3.0,5,1792.5
1026,楊梅,03F-084.6SN,24.791439,121.125997,3.0,6,1900.0
1027,楊梅,03F-084.6SN,24.791439,121.125997,3.0,7,1900.0
1028,楊梅,03F-084.6SN,24.791439,121.125997,3.0,8,1842.5
1029,楊梅,03F-084.6SN,24.791439,121.125997,3.0,9,1842.5
1030,楊梅,03F-084.6SN,24.791439,121.125997,3.0,10,1719.0
1031,楊梅,03F-084.6SN,24.791439,121.125997,3.0,11,1719.0
1032,楊梅,03F-096.1SN,24.758442,121.030425,3.0,3,1789.5
1033,楊梅,03F-096.1SN,24.758442,121.030425,3.0,4,1789.5
1034,楊梅,03F-096.1SN,24.758442,121.030425,3.0,5,1857.5
1035,楊梅,03F-096.1SN,24.758442,121.030425,3.0,6,1857.5
1036,楊梅,03F-096.1SN,24.758442,121.030425,3.0,7,1897.0
1037,楊梅,03F-096.1SN,24.758442,121.030425,3.0,8,1897.0
1038,楊梅,03F-096.1SN,24.758442,121.030425,3.0,9,1844.5
1039,楊梅,03F-096.1SN,24.758442,121.030425,3.0,10,1844.5
1040,楊梅,03F-096.1SN,24.758442,121.030425,3.0,11,1519.5
1041,楊梅,03F-096.1SN,24.758442,121.030425,3.0,12,1519.5
1042,楊梅,03F-099.6SN,24.755811,120.997269,4.0,4,1951.5
1043,楊梅,03F-099.6SN,24.755811,120.997269,4.0,5,1951.5
1044,楊梅,03F-099.6SN,24.755811,120.997269,4.0,6,1982.0
1045,楊梅,03F-099.6SN,24.755811,120.997269,4.0,7,1982.0
1046,楊梅,03F-099.6SN,24.755811,120.997269,4.0,8,2008.0
1047,楊梅,03F-099.6SN,24.755811,120.997269,4.0,9,2008.0
1048,楊梅,03F-099.6SN,24.755811,120.997269,4.0,10,1844.0
1049,楊梅,03F-099.6SN,24.755811,120.997269,4.0,11,1844.0
1050,楊梅,03F-102.2N,24.757914,120.972267,3.0,5,1607.0
1051,楊梅,03F-102.2N,24.757914,120.972267,3.0,6,1607.0
1052,楊梅,03F-102.2N,24.757914,120.972267,3.0,7,1818.0
1053,楊梅,03F-102.2N,24.757914,120.972267,3.0,8,1818.0
1054,楊梅,03F-102.2N,24.757914,120.972267,3.0,9,1616.0
1055,楊梅,03F-102.2N,24.757914,120.972267,3.0,10,1616.0
1056,楊梅,03F-102.2N,24.757914,120.972267,3.0,11,1554.5
1057,楊梅,03F-102.2N,24.757914,120.972267,3.0,12,1554.5
1058,楊梅,03F-105.1SN,24.753094,120.945675,3.0,4,1652.5
1059,楊梅,03F-105.1SN,24.753094,120.945675,3.0,5,1652.5
1060,楊梅,03F-105.1SN,24.753094,120.945675,3.0,6,1753.5
1061,楊梅,03F-105.1SN,24.753094,120.945675,3.0,7,1753.5
1062,楊梅,03F-105.1SN,24.753094,120.945675,3.0,8,1724.5
1063,楊梅,03F-105.1SN,24.753094,120.945675,3.0,9,1724.5
1064,楊梅,03F-105.1SN,24.753094,120.945675,3.0,10,1575.0
1065,楊梅,03F-105.1SN,24.753094,120.945675,3.0,11,1575.0
1092,樹林,03A-001.5SN,25.011819,121.562375,2.0,4,1420.0
1093,樹林,03A-001.5SN,25.011819,121.562375,2.0,5,1420.0
1094,樹林,03A-001.5SN,25.011819,121.562375,2.0,6,1434.5
1095,樹林,03A-001.5SN,25.011819,121.562375,2.0,7,1434.5
1096,樹林,03A-001.5SN,25.011819,121.562375,2.0,8,1430.5
1097,樹林,03A-001.5SN,25.011819,121.562375,2.0,9,1430.5
1098,樹林,03A-001.5SN,25.011819,121.562375,2.0,10,1337.5
1099,樹林,03A-001.5SN,25.011819,121.562375,2.0,11,1337.5
1100,樹林,03A-004.1SN,25.003864,121.586039,2.0,3,1548.0
1101,樹林,03A-004.1SN,25.003864,121.586039,2.0,4,1548.0
1102,樹林,03A-004.1SN,25.003864,121.586039,2.0,5,1405.0
1103,樹林,03A-004.1SN,25.003864,121.586039,2.0,6,1405.0
1104,樹林,03A-004.1SN,25.003864,121.586039,2.0,7,1638.5
1105,樹林,03A-004.1SN,25.003864,121.586039,2.0,8,1638.5
1106,樹林,03A-004.1SN,25.003864,121.586039,2.0,9,1441.0
1107,樹林,03A-004.1SN,25.003864,121.586039,2.0,10,1441.0
1108,樹林,03F-000.6S,25.137106,121.708908,3.0,4,1076.5
1109,樹林,03F-000.6S,25.137106,121.708908,3.0,5,1076.5
1110,樹林,03F-000.6S,25.137106,121.708908,3.0,6,1126.5
1111,樹林,03F-000.6S,25.137106,121.708908,3.0,7,1126.5
1112,樹林,03F-000.6S,25.137106,121.708908,3.0,8,1068.5
1113,樹林,03F-000.6S,25.137106,121.708908,3.0,9,1068.5
1114,樹林,03F-000.6S,25.137106,121.708908,3.0,10,1039.0
1115,樹林,03F-000.6S,25.137106,121.708908,3.0,11,1039.0
1116,樹林,03F-002.1N,25.129514,121.698631,3.0,4,1033.5
1117,樹林,03F-002.1N,25.129514,121.698631,3.0,5,1033.5
1118,樹林,03F-002.1N,25.129514,121.698631,3.0,6,1149.0
1119,樹林,03F-002.1N,25.129514,121.698631,3.0,7,1149.0
1120,樹林,03F-002.1N,25.129514,121.698631,3.0,8,1100.5
1121,樹林,03F-002.1N,25.129514,121.698631,3.0,9,1100.5
1122,樹林,03F-002.1N,25.129514,121.698631,3.0,10,1044.0
1123,樹林,03F-002.1N,25.129514,121.698631,3.0,11,1044.0
1124,樹林,03F-005.4N,25.103747,121.681789,3.0,4,1072.5
1125,樹林,03F-005.4N,25.103747,121.681789,3.0,5,1072.5
1126,樹林,03F-005.4N,25.103747,121.681789,3.0,6,1191.5
1127,樹林,03F-005.4N,25.103747,121.681789,3.0,7,1191.5
1128,樹林,03F-005.4N,25.103747,121.681789,3.0,8,1150.0
1129,樹林,03F-005.4N,25.103747,121.681789,3.0,9,1150.0
1130,樹林,03F-005.4N,25.103747,121.681789,3.0,10,1179.5
1131,樹林,03F-005.4N,25.103747,121.681789,3.0,11,1179.5
1132,樹林,03F-008.7S,25.089994,121.653556,3.0,4,755.0
1133,樹林,03F-008.7S,25.089994,121.653556,3.0,5,755.0
1134,樹林,03F-008.7S,25.089994,121.653556,3.0,6,1685.5
1135,樹林,03F-008.7S,25.089994,121.653556,3.0,7,1685.5
1136,樹林,03F-008.7S,25.089994,121.653556,3.0,8,1034.5
1137,樹林,03F-008.7S,25.089994,121.653556,3.0,9,1034.5
1138,樹林,03F-008.7S,25.089994,121.653556,3.0,10,1052.0
1139,樹林,03F-008.7S,25.089994,121.653556,3.0,11,1052.0
1140,樹林,03F-011.6SN,25.065611,121.643467,3.0,5,1627.5
1141,樹林,03F-011.6SN,25.065611,121.643467,3.0,6,1627.5
1142,樹林,03F-011.6SN,25.065611,121.643467,3.0,7,1725.5
1143,樹林,03F-011.6SN,25.065611,121.643467,3.0,8,1725.5
1144,樹林,03F-011.6SN,25.065611,121.643467,3.0,9,1669.0
1145,樹林,03F-011.6SN,25.065611,121.643467,3.0,10,1669.0
1146,樹林,03F-011.6SN,25.065611,121.643467,3.0,11,1486.0
1147,樹林,03F-011.6SN,25.065611,121.643467,3.0,12,1486.0
1148,樹林,03F-013.6S,25.052742,121.631281,4.0,4,1189.0
1149,樹林,03F-013.6S,25.052742,121.631281,4.0,5,1189.0
1150,樹林,03F-013.6S,25.052742,121.631281,4.0,6,1223.0
1151,樹林,03F-013.6S,25.052742,121.631281,4.0,7,1223.0
1152,樹林,03F-013.6S,25.052742,121.631281,4.0,8,1174.5
1153,樹林,03F-013.6S,25.052742,121.631281,4.0,9,1174.5
1154,樹林,03F-013.6S,25.052742,121.631281,4.0,10,1136.5
1155,樹林,03F-013.6S,25.052742,121.631281,4.0,11,1136.5
1156,樹林,03F-014.0N,25.050319,121.628156,4.0,4,1088.5
1157,樹林,03F-014.0N,25.050319,121.628156,4.0,5,1088.5
1158,樹林,03F-014.0N,25.050319,121.628156,4.0,6,1127.5
1159,樹林,03F-014.0N,25.050319,121.628156,4.0,7,1127.5
1160,樹林,03F-014.0N,25.050319,121.628156,4.0,8,1079.0
1161,樹林,03F-014.0N,25.050319,121.628156,4.0,9,1079.0
1162,樹林,03F-014.0N,25.050319,121.628156,4.0,10,1055.5
1163,樹林,03F-014.0N,25.050319,121.628156,4.0,11,1055.5
1164,樹林,03F-015.0N,25.042389,121.624789,5.0,4,1184.0
1165,樹林,03F-015.0N,25.042389,121.624789,5.0,5,1184.0
1166,樹林,03F-015.0N,25.042389,121.624789,5.0,6,1231.5
1167,樹林,03F-015.0N,25.042389,121.624789,5.0,7,1231.5
1168,樹林,03F-015.0N,25.042389,121.624789,5.0,8,1230.5
1169,樹林,03F-015.0N,25.042389,121.624789,5.0,9,1230.5
1170,樹林,03F-015.0N,25.042389,121.624789,5.0,10,1109.0
1171,樹林,03F-015.0N,25.042389,121.624789,5.0,11,1109.0
1172,樹林,03F-015.8S,25.036533,121.621386,4.0,4,1261.5
1173,樹林,03F-015.8S,25.036533,121.621386,4.0,5,1261.5
1174,樹林,03F-015.8S,25.036533,121.621386,4.0,6,1318.5
1175,樹林,03F-015.8S,25.036533,121.621386,4.0,7,1318.5
1176,樹林,03F-015.8S,25.036533,121.621386,4.0,8,1294.5
1177,樹林,03F-015.8S,25.036533,121.621386,4.0,9,1294.5
1178,樹林,03F-015.8S,25.036533,121.621386,4.0,10,1178.5
1179,樹林,03F-015.8S,25.036533,121.621386,4.0,11,1178.5
1180,樹林,03F-030.1SN,24.96255,121.530572,3.0,4,1732.5
1181,樹林,03F-030.1SN,24.96255,121.530572,3.0,5,1732.5
1182,樹林,03F-030.1SN,24.96255,121.530572,3.0,5,2268.0
1183,樹林,03F-030.1SN,24.96255,121.530572,3.0,5,2010.0
1184,樹林,03F-030.1SN,24.96255,121.530572,3.0,6,1839.0
1185,樹林,03F-030.1SN,24.96255,121.530572,3.0,6,2268.0
1186,樹林,03F-030.1SN,24.96255,121.530572,3.0,6,2010.0
1187,樹林,03F-030.1SN,24.96255,121.530572,3.0,7,1839.0
1188,樹林,03F-030.1SN,24.96255,121.530572,3.0,7,2399.5
1189,樹林,03F-030.1SN,24.96255,121.530572,3.0,7,2160.5
1190,樹林,03F-030.1SN,24.96255,121.530572,3.0,8,1763.5
1191,樹林,03F-030.1SN,24.96255,121.530572,3.0,8,2399.5
1192,樹林,03F-030.1SN,24.96255,121.530572,3.0,8,2160.5
1193,樹林,03F-030.1SN,24.96255,121.530572,3.0,9,1763.5
1194,樹林,03F-030.1SN,24.96255,121.530572,3.0,9,2310.5
1195,樹林,03F-030.1SN,24.96255,121.530572,3.0,9,2090.0
1196,樹林,03F-030.1SN,24.96255,121.530572,3.0,10,1739.5
1197,樹林,03F-030.1SN,24.96255,121.530572,3.0,10,2310.5
1198,樹林,03F-030.1SN,24.96255,121.530572,3.0,10,2090.0
1199,樹林,03F-030.1SN,24.96255,121.530572,3.0,11,1739.5
1200,樹林,03F-030.1SN,24.96255,121.530572,3.0,11,2028.0
1201,樹林,03F-030.1SN,24.96255,121.530572,3.0,11,1902.0
1202,樹林,03F-030.1SN,24.96255,121.530572,3.0,12,2028.0
1203,樹林,03F-030.1SN,24.96255,121.530572,3.0,12,1902.0
1204,樹林,03F-033.7S,24.978881,121.502381,3.0,4,1129.0
1205,樹林,03F-033.7S,24.978881,121.502381,3.0,5,1129.0
1206,樹林,03F-033.7S,24.978881,121.502381,3.0,6,1156.5
1207,樹林,03F-033.7S,24.978881,121.502381,3.0,7,1156.5
1208,樹林,03F-033.7S,24.978881,121.502381,3.0,8,1139.0
1209,樹林,03F-033.7S,24.978881,121.502381,3.0,9,1139.0
1210,樹林,03F-033.7S,24.978881,121.502381,3.0,10,1044.0
1211,樹林,03F-033.7S,24.978881,121.502381,3.0,11,1044.0
1212,樹林,03F-033.8N,24.978586,121.501744,3.0,4,1131.5
1213,樹林,03F-033.8N,24.978586,121.501744,3.0,5,1131.5
1214,樹林,03F-033.8N,24.978586,121.501744,3.0,6,1143.0
1215,樹林,03F-033.8N,24.978586,121.501744,3.0,7,1143.0
1216,樹林,03F-033.8N,24.978586,121.501744,3.0,8,1129.0
1217,樹林,03F-033.8N,24.978586,121.501744,3.0,9,1129.0
1218,樹林,03F-033.8N,24.978586,121.501744,3.0,10,1040.5
1219,樹林,03F-033.8N,24.978586,121.501744,3.0,11,1040.5
1220,樹林,03F-039.4SN,24.975247,121.454925,4.0,3,1969.5
1221,樹林,03F-039.4SN,24.975247,121.454925,4.0,3,2777.0
1222,樹林,03F-039.4SN,24.975247,121.454925,4.0,4,1969.5
1223,樹林,03F-039.4SN,24.975247,121.454925,4.0,4,2777.0
1224,樹林,03F-039.4SN,24.975247,121.454925,4.0,5,1870.0
1225,樹林,03F-039.4SN,24.975247,121.454925,4.0,5,2414.0
1226,樹林,03F-039.4SN,24.975247,121.454925,4.0,6,1870.0
1227,樹林,03F-039.4SN,24.975247,121.454925,4.0,6,2414.0
1228,樹林,03F-039.4SN,24.975247,121.454925,4.0,7,2056.0
1229,樹林,03F-039.4SN,24.975247,121.454925,4.0,7,2702.5
1230,樹林,03F-039.4SN,24.975247,121.454925,4.0,8,2056.0
1231,樹林,03F-039.4SN,24.975247,121.454925,4.0,8,2702.5
1232,樹林,03F-039.4SN,24.975247,121.454925,4.0,9,1992.5
1233,樹林,03F-039.4SN,24.975247,121.454925,4.0,9,2165.5
1234,樹林,03F-039.4SN,24.975247,121.454925,4.0,10,1992.5
1235,樹林,03F-039.4SN,24.975247,121.454925,4.0,10,2165.5
1236,樹林,03F-049.8SN,24.943825,121.365275,4.0,3,1926.5
1237,樹林,03F-049.8SN,24.943825,121.365275,4.0,4,1926.5
1238,樹林,03F-049.8SN,24.943825,121.365275,4.0,5,1861.0
1239,樹林,03F-049.8SN,24.943825,121.365275,4.0,6,1861.0
1240,樹林,03F-049.8SN,24.943825,121.365275,4.0,7,1977.0
1241,樹林,03F-049.8SN,24.943825,121.365275,4.0,8,1977.0
1242,樹林,03F-049.8SN,24.943825,121.365275,4.0,9,1825.5
1243,樹林,03F-049.8SN,24.943825,121.365275,4.0,10,1825.5
1244,樹林,03F-052.5SN,24.936025,121.3419,4.0,4,2025.5
1245,樹林,03F-052.5SN,24.936025,121.3419,4.0,5,2025.5
1246,樹林,03F-052.5SN,24.936025,121.3419,4.0,6,2077.5
1247,樹林,03F-052.5SN,24.936025,121.3419,4.0,7,2077.5
1248,樹林,03F-052.5SN,24.936025,121.3419,4.0,8,1962.0
1249,樹林,03F-052.5SN,24.936025,121.3419,4.0,9,1962.0
1250,樹林,03F-052.5SN,24.936025,121.3419,4.0,10,2069.0
1251,樹林,03F-052.5SN,24.936025,121.3419,4.0,11,2069.0
1252,樹林,03F-055.9SN,24.930225,121.312458,4.0,4,1885.0
1253,樹林,03F-055.9SN,24.930225,121.312458,4.0,5,1885.0
1254,樹林,03F-055.9SN,24.930225,121.312458,4.0,6,1982.0
1255,樹林,03F-055.9SN,24.930225,121.312458,4.0,7,1982.0
1256,樹林,03F-055.9SN,24.930225,121.312458,4.0,8,1983.0
1257,樹林,03F-055.9SN,24.930225,121.312458,4.0,9,1983.0
1258,樹林,03F-055.9SN,24.930225,121.312458,4.0,10,1884.0
1259,樹林,03F-055.9SN,24.930225,121.312458,4.0,11,1884.0
1260,樹林,03F-064.8SN,24.878792,121.250839,3.0,3,1795.5
1261,樹林,03F-064.8SN,24.878792,121.250839,3.0,4,1795.5
1262,樹林,03F-064.8SN,24.878792,121.250839,3.0,5,1782.0
1263,樹林,03F-064.8SN,24.878792,121.250839,3.0,6,1782.0
1264,樹林,03F-064.8SN,24.878792,121.250839,3.0,7,908.5
1265,樹林,03F-064.8SN,24.878792,121.250839,3.0,8,908.5
1266,樹林,03F-064.8SN,24.878792,121.250839,3.0,9,20.0
1267,樹林,03F-064.8SN,24.878792,121.250839,3.0,10,20.0
1268,樹林,05F-000.0S,25.035183,121.623019,3.0,4,1032.0
1269,樹林,05F-000.0S,25.035183,121.623019,3.0,5,1032.0
1270,樹林,05F-000.0S,25.035183,121.623019,3.0,6,1147.5
1271,樹林,05F-000.0S,25.035183,121.623019,3.0,7,1147.5
1272,樹林,05F-000.0S,25.035183,121.623019,3.0,8,1020.0
1273,樹林,05F-000.0S,25.035183,121.623019,3.0,9,1020.0
1274,樹林,05F-000.0S,25.035183,121.623019,3.0,10,1009.5
1275,樹林,05F-000.0S,25.035183,121.623019,3.0,11,1009.5
1276,樹林,05F-000.1N,25.035036,121.624719,3.0,4,975.5
1277,樹林,05F-000.1N,25.035036,121.624719,3.0,5,975.5
1278,樹林,05F-000.1N,25.035036,121.624719,3.0,6,1047.0
1279,樹林,05F-000.1N,25.035036,121.624719,3.0,7,1047.0
1280,樹林,05F-000.1N,25.035036,121.624719,3.0,8,1036.0
1281,樹林,05F-000.1N,25.035036,121.624719,3.0,9,1036.0
1282,樹林,05F-000.1N,25.035036,121.624719,3.0,10,962.0
1283,樹林,05F-000.1N,25.035036,121.624719,3.0,11,962.0
1284,樹林,05F-005.5SN,24.996503,121.652086,3.0,4,1576.5
1285,樹林,05F-005.5SN,24.996503,121.652086,3.0,5,1576.5
1286,樹林,05F-005.5SN,24.996503,121.652086,3.0,6,1621.5
1287,樹林,05F-005.5SN,24.996503,121.652086,3.0,7,1621.5
1288,樹林,05F-005.5SN,24.996503,121.652086,3.0,8,1607.0
1289,樹林,05F-005.5SN,24.996503,121.652086,3.0,9,1607.0
1290,樹林,05F-005.5SN,24.996503,121.652086,3.0,10,1460.0
1291,樹林,05F-005.5SN,24.996503,121.652086,3.0,11,1460.0
1292,樹林,05F-028.7SN,24.842714,121.789183,2.0,3,1581.5
1293,樹林,05F-028.7SN,24.842714,121.789183,2.0,4,1581.5
1294,樹林,05F-028.7SN,24.842714,121.789183,2.0,5,1512.5
1295,樹林,05F-028.7SN,24.842714,121.789183,2.0,6,1512.5
1296,樹林,05F-028.7SN,24.842714,121.789183,2.0,7,1691.5
1297,樹林,05F-028.7SN,24.842714,121.789183,2.0,8,1691.5
1298,樹林,05F-028.7SN,24.842714,121.789183,2.0,9,1532.5
1299,樹林,05F-028.7SN,24.842714,121.789183,2.0,10,1532.5
1300,樹林,05F-030.9SN,24.823656,121.786347,2.0,4,1590.5
1301,樹林,05F-030.9SN,24.823656,121.786347,2.0,5,1590.5
1302,樹林,05F-030.9SN,24.823656,121.786347,2.0,6,1709.0
1303,樹林,05F-030.9SN,24.823656,121.786347,2.0,7,1709.0
1304,樹林,05F-030.9SN,24.823656,121.786347,2.0,8,1727.5
1305,樹林,05F-030.9SN,24.823656,121.786347,2.0,9,1727.5
1306,樹林,05F-030.9SN,24.823656,121.786347,2.0,10,1603.0
1307,樹林,05F-030.9SN,24.823656,121.786347,2.0,11,1603.0
1308,樹林,05F-043.8N,24.711028,121.789478,2.0,4,981.0
1309,樹林,05F-043.8N,24.711028,121.789478,2.0,5,981.0
1310,樹林,05F-043.8N,24.711028,121.789478,2.0,6,1119.0
1311,樹林,05F-043.8N,24.711028,121.789478,2.0,7,1119.0
1312,樹林,05F-043.8N,24.711028,121.789478,2.0,8,1058.0
1313,樹林,05F-043.8N,24.711028,121.789478,2.0,9,1058.0
1314,樹林,05F-043.8N,24.711028,121.789478,2.0,10,1006.0
1315,樹林,05F-043.8N,24.711028,121.789478,2.0,11,1006.0
1316,樹林,05F-043.9S,24.710683,121.789461,2.0,4,909.5
1317,樹林,05F-043.9S,24.710683,121.789461,2.0,5,909.5
1318,樹林,05F-043.9S,24.710683,121.789461,2.0,6,1058.0
1319,樹林,05F-043.9S,24.710683,121.789461,2.0,7,1058.0
1320,樹林,05F-043.9S,24.710683,121.789461,2.0,8,959.0
1321,樹林,05F-043.9S,24.710683,121.789461,2.0,9,959.0
1322,樹林,05F-043.9S,24.710683,121.789461,2.0,10,925.5
1323,樹林,05F-043.9S,24.710683,121.789461,2.0,11,925.5
1324,樹林,05F-049.4S,24.662581,121.799908,2.0,4,1032.0
1325,樹林,05F-049.4S,24.662581,121.799908,2.0,5,1032.0
1326,樹林,05F-049.4S,24.662581,121.799908,2.0,6,1087.5
1327,樹林,05F-049.4S,24.662581,121.799908,2.0,7,1087.5
1328,樹林,05F-049.4S,24.662581,121.799908,2.0,8,1048.0
1329,樹林,05F-049.4S,24.662581,121.799908,2.0,9,1048.0
1330,樹林,05F-049.4S,24.662581,121.799908,2.0,10,975.0
1331,樹林,05F-049.4S,24.662581,121.799908,2.0,11,975.0
1332,樹林,05F-052.8N,24.632728,121.806958,2.0,4,988.0
1333,樹林,05F-052.8N,24.632728,121.806958,2.0,5,988.0
1334,樹林,05F-052.8N,24.632728,121.806958,2.0,6,1053.5
1335,樹林,05F-052.8N,24.632728,121.806958,2.0,7,1053.5
1336,樹林,05F-052.8N,24.632728,121.806958,2.0,8,971.5
1337,樹林,05F-052.8N,24.632728,121.806958,2.0,9,971.5
1338,樹林,05F-052.8N,24.632728,121.806958,2.0,10,979.0
1339,樹林,05F-052.8N,24.632728,121.806958,2.0,11,979.0
1340,樹林,05F-R11.3SN,24.733789,121.782022,1.0,3,1595.5
1341,樹林,05F-R11.3SN,24.733789,121.782022,1.0,4,1595.5
1342,樹林,05F-R11.3SN,24.733789,121.782022,1.0,5,1537.5
1343,樹林,05F-R11.3SN,24.733789,121.782022,1.0,6,1537.5
1344,樹林,05F-R11.3SN,24.733789,121.782022,1.0,7,1702.5
1345,樹林,05F-R11.3SN,24.733789,121.782022,1.0,8,1702.5
1346,樹林,05F-R11.3SN,24.733789,121.782022,1.0,9,1592.5
1347,樹林,05F-R11.3SN,24.733789,121.782022,1.0,10,1592.5
1396,泰山,01F-000.5N,25.11831111,121.7316361,2.0,4,909.5
1397,泰山,01F-000.5N,25.11831111,121.7316361,2.0,5,909.5
1398,泰山,01F-000.5N,25.11831111,121.7316361,2.0,6,1009.5
1399,泰山,01F-000.5N,25.11831111,121.7316361,2.0,7,1009.5
1400,泰山,01F-000.5N,25.11831111,121.7316361,2.0,8,1428.5
1401,泰山,01F-000.5N,25.11831111,121.7316361,2.0,9,1428.5
1402,泰山,01F-000.5N,25.11831111,121.7316361,2.0,10,1011.5
1403,泰山,01F-000.5N,25.11831111,121.7316361,2.0,11,1011.5
1404,泰山,01F-000.5S,25.11878611,121.7317639,2.0,4,906.5
1405,泰山,01F-000.5S,25.11878611,121.7317639,2.0,5,906.5
1406,泰山,01F-000.5S,25.11878611,121.7317639,2.0,6,980.0
1407,泰山,01F-000.5S,25.11878611,121.7317639,2.0,7,980.0
1408,泰山,01F-000.5S,25.11878611,121.7317639,2.0,8,1403.5
1409,泰山,01F-000.5S,25.11878611,121.7317639,2.0,9,1403.5
1410,泰山,01F-000.5S,25.11878611,121.7317639,2.0,10,971.0
1411,泰山,01F-000.5S,25.11878611,121.7317639,2.0,11,971.0
1412,泰山,01F-001.7SN,25.10956667,121.7259056,2.0,4,1638.0
1413,泰山,01F-001.7SN,25.10956667,121.7259056,2.0,5,1638.0
1414,泰山,01F-001.7SN,25.10956667,121.7259056,2.0,6,1517.5
1415,泰山,01F-001.7SN,25.10956667,121.7259056,2.0,7,1517.5
1416,泰山,01F-001.7SN,25.10956667,121.7259056,2.0,8,1723.5
1417,泰山,01F-001.7SN,25.10956667,121.7259056,2.0,9,1723.5
1418,泰山,01F-001.7SN,25.10956667,121.7259056,2.0,10,1467.0
1419,泰山,01F-001.7SN,25.10956667,121.7259056,2.0,11,1467.0
1420,泰山,01F-002.9SN,25.10283611,121.7178556,2.0,4,1593.0
1421,泰山,01F-002.9SN,25.10283611,121.7178556,2.0,5,1593.0
1422,泰山,01F-002.9SN,25.10283611,121.7178556,2.0,6,1634.5
1423,泰山,01F-002.9SN,25.10283611,121.7178556,2.0,7,1634.5
1424,泰山,01F-002.9SN,25.10283611,121.7178556,2.0,8,1629.0
1425,泰山,01F-002.9SN,25.10283611,121.7178556,2.0,9,1629.0
1426,泰山,01F-002.9SN,25.10283611,121.7178556,2.0,10,1495.0
1427,泰山,01F-002.9SN,25.10283611,121.7178556,2.0,11,1495.0
1428,泰山,01F-006.1SN,25.0882722,121.6936444,4.0,4,1788.5
1429,泰山,01F-006.1SN,25.0882722,121.6936444,4.0,5,1788.5
1430,泰山,01F-006.1SN,25.0882722,121.6936444,4.0,6,1902.0
1431,泰山,01F-006.1SN,25.0882722,121.6936444,4.0,7,1902.0
1432,泰山,01F-006.1SN,25.0882722,121.6936444,4.0,8,1810.5
1433,泰山,01F-006.1SN,25.0882722,121.6936444,4.0,9,1810.5
1434,泰山,01F-006.1SN,25.0882722,121.6936444,4.0,10,1799.0
1435,泰山,01F-006.1SN,25.0882722,121.6936444,4.0,11,1799.0
1436,泰山,01F-009.9SN,25.07604444,121.6594222,3.0,4,2477.0
1437,泰山,01F-009.9SN,25.07604444,121.6594222,3.0,5,2477.0
1438,泰山,01F-009.9SN,25.07604444,121.6594222,3.0,6,2663.5
1439,泰山,01F-009.9SN,25.07604444,121.6594222,3.0,7,2663.5
1440,泰山,01F-009.9SN,25.07604444,121.6594222,3.0,8,2376.5
1441,泰山,01F-009.9SN,25.07604444,121.6594222,3.0,9,2376.5
1442,泰山,01F-009.9SN,25.07604444,121.6594222,3.0,10,2368.5
1443,泰山,01F-009.9SN,25.07604444,121.6594222,3.0,11,2368.5
1444,泰山,01F-014.7SN,25.06564444,121.6135194,2.0,4,1609.5
1445,泰山,01F-014.7SN,25.06564444,121.6135194,2.0,5,1609.5
1446,泰山,01F-014.7SN,25.06564444,121.6135194,2.0,6,1652.5
1447,泰山,01F-014.7SN,25.06564444,121.6135194,2.0,7,1652.5
1448,泰山,01F-014.7SN,25.06564444,121.6135194,2.0,8,1530.5
1449,泰山,01F-014.7SN,25.06564444,121.6135194,2.0,9,1530.5
1450,泰山,01F-014.7SN,25.06564444,121.6135194,2.0,10,1537.0
1451,泰山,01F-014.7SN,25.06564444,121.6135194,2.0,11,1537.0
1452,泰山,01F-015.3SN,25.064911,121.607778,3.0,4,2147.5
1453,泰山,01F-015.3SN,25.064911,121.607778,3.0,5,2147.5
1454,泰山,01F-015.3SN,25.064911,121.607778,3.0,6,1674.5
1455,泰山,01F-015.3SN,25.064911,121.607778,3.0,7,1674.5
1456,泰山,01F-015.3SN,25.064911,121.607778,3.0,8,1680.5
1457,泰山,01F-015.3SN,25.064911,121.607778,3.0,9,1680.5
1458,泰山,01F-015.3SN,25.064911,121.607778,3.0,10,1536.5
1459,泰山,01F-015.3SN,25.064911,121.607778,3.0,11,1536.5
1460,泰山,01F-018.2S,25.06898611,121.5802306,2.0,3,1119.5
1461,泰山,01F-018.2S,25.06898611,121.5802306,2.0,4,1119.5
1462,泰山,01F-018.2S,25.06898611,121.5802306,2.0,5,1053.0
1463,泰山,01F-018.2S,25.06898611,121.5802306,2.0,6,1053.0
1464,泰山,01F-018.2S,25.06898611,121.5802306,2.0,7,1176.0
1465,泰山,01F-018.2S,25.06898611,121.5802306,2.0,8,1176.0
1466,泰山,01F-018.2S,25.06898611,121.5802306,2.0,9,1116.0
1467,泰山,01F-018.2S,25.06898611,121.5802306,2.0,10,1116.0
1468,泰山,01F-021.3N,25.073053,121.550358,2.0,5,1143.5
1469,泰山,01F-021.3N,25.073053,121.550358,2.0,6,1143.5
1470,泰山,01F-021.3N,25.073053,121.550358,2.0,7,1214.0
1471,泰山,01F-021.3N,25.073053,121.550358,2.0,8,1214.0
1472,泰山,01F-021.3N,25.073053,121.550358,2.0,9,1203.0
1473,泰山,01F-021.3N,25.073053,121.550358,2.0,10,1203.0
1474,泰山,01F-021.3N,25.073053,121.550358,2.0,11,1043.5
1475,泰山,01F-021.3N,25.073053,121.550358,2.0,12,1043.5
1476,泰山,01F-023.3N,25.07301944,121.5307028,4.0,5,1226.5
1477,泰山,01F-023.3N,25.07301944,121.5307028,4.0,6,1226.5
1478,泰山,01F-023.3N,25.07301944,121.5307028,4.0,7,1336.0
1479,泰山,01F-023.3N,25.07301944,121.5307028,4.0,8,1336.0
1480,泰山,01F-023.3N,25.07301944,121.5307028,4.0,9,1302.5
1481,泰山,01F-023.3N,25.07301944,121.5307028,4.0,10,1302.5
1482,泰山,01F-023.3N,25.07301944,121.5307028,4.0,11,1147.0
1483,泰山,01F-023.3N,25.07301944,121.5307028,4.0,12,1147.0
1484,泰山,01F-024.8S,25.07763056,121.5166028,4.0,3,1317.0
1485,泰山,01F-024.8S,25.07763056,121.5166028,4.0,4,1317.0
1486,泰山,01F-024.8S,25.07763056,121.5166028,4.0,5,1249.0
1487,泰山,01F-024.8S,25.07763056,121.5166028,4.0,6,1249.0
1488,泰山,01F-024.8S,25.07763056,121.5166028,4.0,7,1348.5
1489,泰山,01F-024.8S,25.07763056,121.5166028,4.0,8,1348.5
1490,泰山,01F-024.8S,25.07763056,121.5166028,4.0,9,1328.0
1491,泰山,01F-024.8S,25.07763056,121.5166028,4.0,10,1328.0
1492,泰山,01F-025.6N,25.07806667,121.5091056,4.0,3,1322.5
1493,泰山,01F-025.6N,25.07806667,121.5091056,4.0,4,1322.5
1494,泰山,01F-025.6N,25.07806667,121.5091056,4.0,5,1243.0
1495,泰山,01F-025.6N,25.07806667,121.5091056,4.0,6,1243.0
1496,泰山,01F-025.6N,25.07806667,121.5091056,4.0,7,1325.5
1497,泰山,01F-025.6N,25.07806667,121.5091056,4.0,8,1325.5
1498,泰山,01F-025.6N,25.07806667,121.5091056,4.0,9,1279.0
1499,泰山,01F-025.6N,25.07806667,121.5091056,4.0,10,1279.0
1500,泰山,01F-025.6N,25.07806667,121.5091056,4.0,11,1107.5
1501,泰山,01F-025.6N,25.07806667,121.5091056,4.0,12,1107.5
1502,泰山,01F-026.4S,25.07746389,121.5013861,4.0,4,1199.5
1503,泰山,01F-026.4S,25.07746389,121.5013861,4.0,5,1199.5
1504,泰山,01F-026.4S,25.07746389,121.5013861,4.0,6,1428.0
1505,泰山,01F-026.4S,25.07746389,121.5013861,4.0,7,1428.0
1506,泰山,01F-026.4S,25.07746389,121.5013861,4.0,8,1234.0
1507,泰山,01F-026.4S,25.07746389,121.5013861,4.0,9,1234.0
1508,泰山,01F-026.4S,25.07746389,121.5013861,4.0,10,1271.0
1509,泰山,01F-026.4S,25.07746389,121.5013861,4.0,11,1271.0
1510,泰山,01F-029.3SN,25.07479722,121.4729611,4.0,5,2044.0
1511,泰山,01F-029.3SN,25.07479722,121.4729611,4.0,6,2044.0
1512,泰山,01F-029.3SN,25.07479722,121.4729611,4.0,7,2169.5
1513,泰山,01F-029.3SN,25.07479722,121.4729611,4.0,8,2169.5
1514,泰山,01F-029.3SN,25.07479722,121.4729611,4.0,9,1993.0
1515,泰山,01F-029.3SN,25.07479722,121.4729611,4.0,10,1993.0
1516,泰山,01F-029.3SN,25.07479722,121.4729611,4.0,11,1940.5
1517,泰山,01F-029.3SN,25.07479722,121.4729611,4.0,12,1940.5
1518,泰山,01F-033.9SN,25.068239,121.428764,5.0,4,1412.5
1519,泰山,01F-033.9SN,25.068239,121.428764,5.0,5,1412.5
1520,泰山,01F-033.9SN,25.068239,121.428764,5.0,6,1462.0
1521,泰山,01F-033.9SN,25.068239,121.428764,5.0,7,1462.0
1522,泰山,01F-033.9SN,25.068239,121.428764,5.0,8,1409.0
1523,泰山,01F-033.9SN,25.068239,121.428764,5.0,9,1409.0
1524,泰山,01F-033.9SN,25.068239,121.428764,5.0,10,1384.5
1525,泰山,01F-033.9SN,25.068239,121.428764,5.0,11,1384.5
1526,泰山,01F-034.0N,25.068,121.428056,6.0,3,1376.5
1527,泰山,01F-034.0N,25.068,121.428056,6.0,4,1376.5
1528,泰山,01F-034.0N,25.068,121.428056,6.0,5,1296.0
1529,泰山,01F-034.0N,25.068,121.428056,6.0,6,1296.0
1530,泰山,01F-034.0N,25.068,121.428056,6.0,7,1434.5
1531,泰山,01F-034.0N,25.068,121.428056,6.0,8,1434.5
1532,泰山,01F-034.0N,25.068,121.428056,6.0,9,1396.0
1533,泰山,01F-034.0N,25.068,121.428056,6.0,10,1396.0
1534,泰山,01F-037.6SN,25.058667,121.397306,5.0,3,2065.0
1535,泰山,01F-037.6SN,25.058667,121.397306,5.0,4,2065.0
1536,泰山,01F-037.6SN,25.058667,121.397306,5.0,5,1976.5
1537,泰山,01F-037.6SN,25.058667,121.397306,5.0,6,1976.5
1538,泰山,01F-037.6SN,25.058667,121.397306,5.0,7,2285.0
1539,泰山,01F-037.6SN,25.058667,121.397306,5.0,8,2285.0
1540,泰山,01F-037.6SN,25.058667,121.397306,5.0,9,2047.5
1541,泰山,01F-037.6SN,25.058667,121.397306,5.0,10,2047.5
1542,泰山,01F-041.3SN,25.064969,121.363561,5.0,3,2017.5
1543,泰山,01F-041.3SN,25.064969,121.363561,5.0,4,2017.5
1544,泰山,01F-041.3SN,25.064969,121.363561,5.0,5,1935.5
1545,泰山,01F-041.3SN,25.064969,121.363561,5.0,6,1935.5
1546,泰山,01F-041.3SN,25.064969,121.363561,5.0,7,2149.5
1547,泰山,01F-041.3SN,25.064969,121.363561,5.0,8,2149.5
1548,泰山,01F-041.3SN,25.064969,121.363561,5.0,9,1979.5
1549,泰山,01F-041.3SN,25.064969,121.363561,5.0,10,1979.5
1550,泰山,01F-046.7SN,25.047075,121.317761,4.0,3,2149.0
1551,泰山,01F-046.7SN,25.047075,121.317761,4.0,4,2149.0
1552,泰山,01F-046.7SN,25.047075,121.317761,4.0,5,2021.5
1553,泰山,01F-046.7SN,25.047075,121.317761,4.0,6,2021.5
1554,泰山,01F-046.7SN,25.047075,121.317761,4.0,7,2175.5
1555,泰山,01F-046.7SN,25.047075,121.317761,4.0,8,2175.5
1556,泰山,01F-046.7SN,25.047075,121.317761,4.0,9,2027.5
1557,泰山,01F-046.7SN,25.047075,121.317761,4.0,10,2027.5
1558,泰山,01H-016.3S,25.064006,121.598733,2.0,4,1042.5
1559,泰山,01H-016.3S,25.064006,121.598733,2.0,5,1042.5
1560,泰山,01H-016.3S,25.064006,121.598733,2.0,6,1080.5
1561,泰山,01H-016.3S,25.064006,121.598733,2.0,7,1080.5
1562,泰山,01H-016.3S,25.064006,121.598733,2.0,8,1065.0
1563,泰山,01H-016.3S,25.064006,121.598733,2.0,9,1065.0
1564,泰山,01H-016.3S,25.064006,121.598733,2.0,10,969.0
1565,泰山,01H-016.3S,25.064006,121.598733,2.0,11,969.0
1566,泰山,01H-017.4N,25.065544,121.588044,2.0,5,1066.0
1567,泰山,01H-017.4N,25.065544,121.588044,2.0,6,1066.0
1568,泰山,01H-017.4N,25.065544,121.588044,2.0,7,1133.5
1569,泰山,01H-017.4N,25.065544,121.588044,2.0,8,1133.5
1570,泰山,01H-017.4N,25.065544,121.588044,2.0,9,1090.0
1571,泰山,01H-017.4N,25.065544,121.588044,2.0,10,1090.0
1572,泰山,01H-017.4N,25.065544,121.588044,2.0,11,978.0
1573,泰山,01H-017.4N,25.065544,121.588044,2.0,12,978.0
1574,泰山,01H-020.0N,25.070994,121.562519,2.0,4,1045.5
1575,泰山,01H-020.0N,25.070994,121.562519,2.0,5,1045.5
1576,泰山,01H-020.0N,25.070994,121.562519,2.0,6,1090.0
1577,泰山,01H-020.0N,25.070994,121.562519,2.0,7,1090.0
1578,泰山,01H-020.0N,25.070994,121.562519,2.0,8,1095.0
1579,泰山,01H-020.0N,25.070994,121.562519,2.0,9,1095.0
1580,泰山,01H-020.0N,25.070994,121.562519,2.0,10,980.0
1581,泰山,01H-020.0N,25.070994,121.562519,2.0,11,980.0
1582,泰山,01H-020.6S,25.07275,121.557739,2.0,5,1036.5
1583,泰山,01H-020.6S,25.07275,121.557739,2.0,6,1036.5
1584,泰山,01H-020.6S,25.07275,121.557739,2.0,7,1091.5
1585,泰山,01H-020.6S,25.07275,121.557739,2.0,8,1091.5
1586,泰山,01H-020.6S,25.07275,121.557739,2.0,9,1070.5
1587,泰山,01H-020.6S,25.07275,121.557739,2.0,10,1070.5
1588,泰山,01H-020.6S,25.07275,121.557739,2.0,11,951.0
1589,泰山,01H-020.6S,25.07275,121.557739,2.0,12,951.0
1590,泰山,01H-020.8N,25.072261,121.555014,2.0,4,1045.0
1591,泰山,01H-020.8N,25.072261,121.555014,2.0,5,1045.0
1592,泰山,01H-020.8N,25.072261,121.555014,2.0,6,1084.0
1593,泰山,01H-020.8N,25.072261,121.555014,2.0,7,1084.0
1594,泰山,01H-020.8N,25.072261,121.555014,2.0,8,1075.5
1595,泰山,01H-020.8N,25.072261,121.555014,2.0,9,1075.5
1596,泰山,01H-020.8N,25.072261,121.555014,2.0,10,957.0
1597,泰山,01H-020.8N,25.072261,121.555014,2.0,11,957.0
1598,泰山,01H-027.1N,25.075256,121.494019,3.0,4,1103.0
1599,泰山,01H-027.1N,25.075256,121.494019,3.0,5,1103.0
1600,泰山,01H-027.1N,25.075256,121.494019,3.0,6,1249.0
1601,泰山,01H-027.1N,25.075256,121.494019,3.0,7,1249.0
1602,泰山,01H-027.1N,25.075256,121.494019,3.0,8,1186.0
1603,泰山,01H-027.1N,25.075256,121.494019,3.0,9,1186.0
1604,泰山,01H-027.1N,25.075256,121.494019,3.0,10,1136.0
1605,泰山,01H-027.1N,25.075256,121.494019,3.0,11,1136.0
1606,泰山,01H-030.5S,25.075553,121.460661,4.0,4,1184.0
1607,泰山,01H-030.5S,25.075553,121.460661,4.0,5,1184.0
1608,泰山,01H-030.5S,25.075553,121.460661,4.0,6,1235.0
1609,泰山,01H-030.5S,25.075553,121.460661,4.0,7,1235.0
1610,泰山,01H-030.5S,25.075553,121.460661,4.0,8,1167.0
1611,泰山,01H-030.5S,25.075553,121.460661,4.0,9,1167.0
1612,泰山,01H-030.5S,25.075553,121.460661,4.0,10,1186.0
1613,泰山,01H-030.5S,25.075553,121.460661,4.0,11,1186.0
1614,泰山,01H-033.3N,25.068147,121.435133,2.0,3,1097.0
1615,泰山,01H-033.3N,25.068147,121.435133,2.0,4,1097.0
1616,泰山,01H-033.3N,25.068147,121.435133,2.0,5,1051.5
1617,泰山,01H-033.3N,25.068147,121.435133,2.0,6,1051.5
1618,泰山,01H-033.3N,25.068147,121.435133,2.0,7,1172.0
1619,泰山,01H-033.3N,25.068147,121.435133,2.0,8,1172.0
1620,泰山,01H-033.3N,25.068147,121.435133,2.0,9,1072.5
1621,泰山,01H-033.3N,25.068147,121.435133,2.0,10,1072.5
1622,泰山,01H-033.4S,25.068728,121.433281,2.0,4,1044.0
1623,泰山,01H-033.4S,25.068728,121.433281,2.0,5,1044.0
1624,泰山,01H-033.4S,25.068728,121.433281,2.0,6,1159.5
1625,泰山,01H-033.4S,25.068728,121.433281,2.0,7,1159.5
1626,泰山,01H-033.4S,25.068728,121.433281,2.0,8,1107.0
1627,泰山,01H-033.4S,25.068728,121.433281,2.0,9,1107.0
1628,泰山,01H-033.4S,25.068728,121.433281,2.0,10,1094.5
1629,泰山,01H-033.4S,25.068728,121.433281,2.0,11,1094.5
1630,泰山,01H-044.7N,25.059242,121.332072,3.0,3,1108.0
1631,泰山,01H-044.7N,25.059242,121.332072,3.0,4,1108.0
1632,泰山,01H-044.7N,25.059242,121.332072,3.0,5,1108.0
1633,泰山,01H-044.7N,25.059242,121.332072,3.0,6,1108.0
1634,泰山,01H-044.7N,25.059242,121.332072,3.0,7,1159.0
1635,泰山,01H-044.7N,25.059242,121.332072,3.0,8,1159.0
1636,泰山,01H-044.7N,25.059242,121.332072,3.0,9,1066.5
1637,泰山,01H-044.7N,25.059242,121.332072,3.0,10,1066.5
1638,泰山,01H-044.7S,25.060125,121.331858,3.0,4,1088.0
1639,泰山,01H-044.7S,25.060125,121.331858,3.0,5,1088.0
1640,泰山,01H-044.7S,25.060125,121.331858,3.0,6,1120.0
1641,泰山,01H-044.7S,25.060125,121.331858,3.0,7,1120.0
1642,泰山,01H-044.7S,25.060125,121.331858,3.0,8,1140.0
1643,泰山,01H-044.7S,25.060125,121.331858,3.0,9,1140.0
1644,泰山,01H-044.7S,25.060125,121.331858,3.0,10,1007.5
1645,泰山,01H-044.7S,25.060125,121.331858,3.0,11,1007.5
1646,泰山,01H-057.9S,24.984094,121.232531,3.0,4,2255.5
1647,泰山,01H-057.9S,24.984094,121.232531,3.0,5,2255.5
1648,泰山,01H-057.9S,24.984094,121.232531,3.0,6,2456.0
1649,泰山,01H-057.9S,24.984094,121.232531,3.0,7,2456.0
1650,泰山,01H-057.9S,24.984094,121.232531,3.0,8,2460.0
1651,泰山,01H-057.9S,24.984094,121.232531,3.0,9,2460.0
1652,泰山,01H-057.9S,24.984094,121.232531,3.0,10,2244.5
1653,泰山,01H-057.9S,24.984094,121.232531,3.0,11,2244.5
1686,田寮,01F-336.6SN,22.892619,120.27215,3.0,4,1856.5
1687,田寮,01F-336.6SN,22.892619,120.27215,3.0,5,1856.5
1688,田寮,01F-336.6SN,22.892619,120.27215,3.0,6,1918.0
1689,田寮,01F-336.6SN,22.892619,120.27215,3.0,7,1918.0
1690,田寮,01F-336.6SN,22.892619,120.27215,3.0,8,1752.5
1691,田寮,01F-336.6SN,22.892619,120.27215,3.0,9,1752.5
1692,田寮,01F-336.6SN,22.892619,120.27215,3.0,10,1790.5
1693,田寮,01F-336.6SN,22.892619,120.27215,3.0,11,1790.5
1694,田寮,01F-339.8SN,22.867419,120.284989,3.0,4,1889.0
1695,田寮,01F-339.8SN,22.867419,120.284989,3.0,5,1889.0
1696,田寮,01F-339.8SN,22.867419,120.284989,3.0,6,1926.5
1697,田寮,01F-339.8SN,22.867419,120.284989,3.0,7,1926.5
1698,田寮,01F-339.8SN,22.867419,120.284989,3.0,8,1871.5
1699,田寮,01F-339.8SN,22.867419,120.284989,3.0,9,1871.5
1700,田寮,01F-339.8SN,22.867419,120.284989,3.0,10,1780.0
1701,田寮,01F-339.8SN,22.867419,120.284989,3.0,11,1780.0
1702,田寮,01F-346.0SN,22.818039,120.312731,3.0,4,1756.0
1703,田寮,01F-346.0SN,22.818039,120.312731,3.0,5,1756.0
1704,田寮,01F-346.0SN,22.818039,120.312731,3.0,6,1789.5
1705,田寮,01F-346.0SN,22.818039,120.312731,3.0,7,1789.5
1706,田寮,01F-346.0SN,22.818039,120.312731,3.0,8,1735.0
1707,田寮,01F-346.0SN,22.818039,120.312731,3.0,9,1735.0
1708,田寮,01F-346.0SN,22.818039,120.312731,3.0,10,1673.0
1709,田寮,01F-346.0SN,22.818039,120.312731,3.0,11,1673.0
1710,田寮,01F-353.5SN,22.752806,120.334056,3.0,4,1804.0
1711,田寮,01F-353.5SN,22.752806,120.334056,3.0,5,1804.0
1712,田寮,01F-353.5SN,22.752806,120.334056,3.0,6,1979.0
1713,田寮,01F-353.5SN,22.752806,120.334056,3.0,7,1979.0
1714,田寮,01F-353.5SN,22.752806,120.334056,3.0,8,1830.5
1715,田寮,01F-353.5SN,22.752806,120.334056,3.0,9,1830.5
1716,田寮,01F-353.5SN,22.752806,120.334056,3.0,10,1759.0
1717,田寮,01F-353.5SN,22.752806,120.334056,3.0,11,1759.0
1718,田寮,01F-355.9N,22.730903,120.334286,3.0,5,1124.5
1719,田寮,01F-355.9N,22.730903,120.334286,3.0,6,1124.5
1720,田寮,01F-355.9N,22.730903,120.334286,3.0,7,1177.0
1721,田寮,01F-355.9N,22.730903,120.334286,3.0,8,1177.0
1722,田寮,01F-355.9N,22.730903,120.334286,3.0,9,1153.5
1723,田寮,01F-355.9N,22.730903,120.334286,3.0,10,1153.5
1724,田寮,01F-355.9N,22.730903,120.334286,3.0,11,1034.5
1725,田寮,01F-355.9N,22.730903,120.334286,3.0,12,1034.5
1726,田寮,01F-356.1S,22.728956,120.333764,3.0,5,1162.5
1727,田寮,01F-356.1S,22.728956,120.333764,3.0,6,1162.5
1728,田寮,01F-356.1S,22.728956,120.333764,3.0,7,1222.0
1729,田寮,01F-356.1S,22.728956,120.333764,3.0,8,1222.0
1730,田寮,01F-356.1S,22.728956,120.333764,3.0,9,1190.0
1731,田寮,01F-356.1S,22.728956,120.333764,3.0,10,1190.0
1732,田寮,01F-356.1S,22.728956,120.333764,3.0,11,1061.0
1733,田寮,01F-356.1S,22.728956,120.333764,3.0,12,1061.0
1734,田寮,01F-359.0SN,22.703364,120.328181,4.0,3,2224.0
1735,田寮,01F-359.0SN,22.703364,120.328181,4.0,4,2224.0
1736,田寮,01F-359.0SN,22.703364,120.328181,4.0,5,2072.5
1737,田寮,01F-359.0SN,22.703364,120.328181,4.0,6,2072.5
1738,田寮,01F-359.0SN,22.703364,120.328181,4.0,7,2262.5
1739,田寮,01F-359.0SN,22.703364,120.328181,4.0,8,2262.5
1740,田寮,01F-359.0SN,22.703364,120.328181,4.0,9,2200.0
1741,田寮,01F-359.0SN,22.703364,120.328181,4.0,10,2200.0
1742,田寮,01F-364.0SN,22.658892,120.332081,5.0,5,2193.0
1743,田寮,01F-364.0SN,22.658892,120.332081,5.0,6,2193.0
1744,田寮,01F-364.0SN,22.658892,120.332081,5.0,7,2296.0
1745,田寮,01F-364.0SN,22.658892,120.332081,5.0,8,2296.0
1746,田寮,01F-364.0SN,22.658892,120.332081,5.0,9,2259.5
1747,田寮,01F-364.0SN,22.658892,120.332081,5.0,10,2259.5
1748,田寮,01F-364.0SN,22.658892,120.332081,5.0,11,2052.5
1749,田寮,01F-364.0SN,22.658892,120.332081,5.0,12,2052.5
1750,田寮,01F-367.6SN,22.627819,120.336222,3.0,4,1765.5
1751,田寮,01F-367.6SN,22.627819,120.336222,3.0,5,1765.5
1752,田寮,01F-367.6SN,22.627819,120.336222,3.0,6,1926.0
1753,田寮,01F-367.6SN,22.627819,120.336222,3.0,7,1926.0
1754,田寮,01F-367.6SN,22.627819,120.336222,3.0,8,1765.5
1755,田寮,01F-367.6SN,22.627819,120.336222,3.0,9,1765.5
1756,田寮,01F-367.6SN,22.627819,120.336222,3.0,10,1749.5
1757,田寮,01F-367.6SN,22.627819,120.336222,3.0,11,1749.5
1758,田寮,01F-368.6SN,22.619119,120.336647,4.0,4,1270.0
1759,田寮,01F-368.6SN,22.619119,120.336647,4.0,5,1270.0
1760,田寮,01F-368.6SN,22.619119,120.336647,4.0,6,1351.5
1761,田寮,01F-368.6SN,22.619119,120.336647,4.0,7,1351.5
1762,田寮,01F-368.6SN,22.619119,120.336647,4.0,8,1334.5
1763,田寮,01F-368.6SN,22.619119,120.336647,4.0,9,1334.5
1764,田寮,01F-368.6SN,22.619119,120.336647,4.0,10,1275.5
1765,田寮,01F-368.6SN,22.619119,120.336647,4.0,11,1275.5
1766,田寮,01F-369.6N,22.609428,120.339608,4.0,3,1361.0
1767,田寮,01F-369.6N,22.609428,120.339608,4.0,4,1361.0
1768,田寮,01F-369.6N,22.609428,120.339608,4.0,5,1309.5
1769,田寮,01F-369.6N,22.609428,120.339608,4.0,6,1309.5
1770,田寮,01F-369.6N,22.609428,120.339608,4.0,7,1379.5
1771,田寮,01F-369.6N,22.609428,120.339608,4.0,8,1379.5
1772,田寮,01F-369.6N,22.609428,120.339608,4.0,9,1334.5
1773,田寮,01F-369.6N,22.609428,120.339608,4.0,10,1334.5
1774,田寮,01F-373.6SN,22.581933,120.32315,2.0,4,1394.5
1775,田寮,01F-373.6SN,22.581933,120.32315,2.0,5,1394.5
1776,田寮,01F-373.6SN,22.581933,120.32315,2.0,6,1486.5
1777,田寮,01F-373.6SN,22.581933,120.32315,2.0,7,1486.5
1778,田寮,01F-373.6SN,22.581933,120.32315,2.0,8,1387.0
1779,田寮,01F-373.6SN,22.581933,120.32315,2.0,9,1387.0
1780,田寮,01F-373.6SN,22.581933,120.32315,2.0,10,1378.5
1781,田寮,01F-373.6SN,22.581933,120.32315,2.0,11,1378.5
1782,田寮,03F-344.5SN,23.085272,120.329033,3.0,3,1684.5
1783,田寮,03F-344.5SN,23.085272,120.329033,3.0,4,1684.5
1784,田寮,03F-344.5SN,23.085272,120.329033,3.0,5,1598.5
1785,田寮,03F-344.5SN,23.085272,120.329033,3.0,6,1598.5
1786,田寮,03F-344.5SN,23.085272,120.329033,3.0,7,1691.0
1787,田寮,03F-344.5SN,23.085272,120.329033,3.0,8,1691.0
1788,田寮,03F-344.5SN,23.085272,120.329033,3.0,9,1649.0
1789,田寮,03F-344.5SN,23.085272,120.329033,3.0,10,1649.0
1790,田寮,03F-344.5SN,23.085272,120.329033,3.0,11,1377.0
1791,田寮,03F-344.5SN,23.085272,120.329033,3.0,12,1377.0
1792,田寮,03F-349.6SN,23.040203,120.325172,3.0,3,1703.5
1793,田寮,03F-349.6SN,23.040203,120.325172,3.0,4,1703.5
1794,田寮,03F-349.6SN,23.040203,120.325172,3.0,5,1642.5
1795,田寮,03F-349.6SN,23.040203,120.325172,3.0,6,1642.5
1796,田寮,03F-349.6SN,23.040203,120.325172,3.0,7,1743.5
1797,田寮,03F-349.6SN,23.040203,120.325172,3.0,8,1743.5
1798,田寮,03F-349.6SN,23.040203,120.325172,3.0,9,1620.5
1799,田寮,03F-349.6SN,23.040203,120.325172,3.0,10,1620.5
1800,田寮,03F-358.8SN,22.969758,120.340164,3.0,4,1577.5
1801,田寮,03F-358.8SN,22.969758,120.340164,3.0,5,1577.5
1802,田寮,03F-358.8SN,22.969758,120.340164,3.0,6,1620.0
1803,田寮,03F-358.8SN,22.969758,120.340164,3.0,7,1620.0
1804,田寮,03F-358.8SN,22.969758,120.340164,3.0,8,1578.5
1805,田寮,03F-358.8SN,22.969758,120.340164,3.0,9,1578.5
1806,田寮,03F-358.8SN,22.969758,120.340164,3.0,10,1536.5
1807,田寮,03F-358.8SN,22.969758,120.340164,3.0,11,1536.5
1808,田寮,03F-367.0SN,22.901969,120.354767,3.0,4,1541.5
1809,田寮,03F-367.0SN,22.901969,120.354767,3.0,5,1541.5
1810,田寮,03F-367.0SN,22.901969,120.354767,3.0,6,1574.5
1811,田寮,03F-367.0SN,22.901969,120.354767,3.0,7,1574.5
1812,田寮,03F-367.0SN,22.901969,120.354767,3.0,8,1615.5
1813,田寮,03F-367.0SN,22.901969,120.354767,3.0,9,1615.5
1814,田寮,03F-367.0SN,22.901969,120.354767,3.0,10,1460.0
1815,田寮,03F-367.0SN,22.901969,120.354767,3.0,11,1460.0
1816,田寮,03F-374.3SN,22.845122,120.385428,3.0,3,1636.0
1817,田寮,03F-374.3SN,22.845122,120.385428,3.0,4,1636.0
1818,田寮,03F-374.3SN,22.845122,120.385428,3.0,5,1577.0
1819,田寮,03F-374.3SN,22.845122,120.385428,3.0,6,1577.0
1820,田寮,03F-374.3SN,22.845122,120.385428,3.0,7,1807.0
1821,田寮,03F-374.3SN,22.845122,120.385428,3.0,8,1807.0
1822,田寮,03F-374.3SN,22.845122,120.385428,3.0,9,1793.0
1823,田寮,03F-374.3SN,22.845122,120.385428,3.0,10,1793.0
1824,田寮,03F-385.4SN,22.769197,120.441839,3.0,4,1586.0
1825,田寮,03F-385.4SN,22.769197,120.441839,3.0,5,1586.0
1826,田寮,03F-385.4SN,22.769197,120.441839,3.0,6,1560.0
1827,田寮,03F-385.4SN,22.769197,120.441839,3.0,7,1560.0
1828,田寮,03F-385.4SN,22.769197,120.441839,3.0,8,1594.5
1829,田寮,03F-385.4SN,22.769197,120.441839,3.0,9,1594.5
1830,田寮,03F-385.4SN,22.769197,120.441839,3.0,10,1620.0
1831,田寮,03F-385.4SN,22.769197,120.441839,3.0,11,1620.0
1832,田寮,03F-391.6SN,22.749792,120.496839,3.0,3,1698.5
1833,田寮,03F-391.6SN,22.749792,120.496839,3.0,4,1698.5
1834,田寮,03F-391.6SN,22.749792,120.496839,3.0,5,1606.5
1835,田寮,03F-391.6SN,22.749792,120.496839,3.0,6,1606.5
1836,田寮,03F-391.6SN,22.749792,120.496839,3.0,7,1721.0
1837,田寮,03F-391.6SN,22.749792,120.496839,3.0,8,1721.0
1838,田寮,03F-391.6SN,22.749792,120.496839,3.0,9,1674.5
1839,田寮,03F-391.6SN,22.749792,120.496839,3.0,10,1674.5
1840,田寮,03F-398.1S,22.7058,120.539336,2.0,4,842.0
1841,田寮,03F-398.1S,22.7058,120.539336,2.0,5,842.0
1842,田寮,03F-398.1S,22.7058,120.539336,2.0,6,912.5
1843,田寮,03F-398.1S,22.7058,120.539336,2.0,7,912.5
1844,田寮,03F-398.1S,22.7058,120.539336,2.0,8,853.0
1845,田寮,03F-398.1S,22.7058,120.539336,2.0,9,853.0
1846,田寮,03F-398.1S,22.7058,120.539336,2.0,10,833.5
1847,田寮,03F-398.1S,22.7058,120.539336,2.0,11,833.5
1848,田寮,03F-398.4N,22.704642,120.541133,2.0,4,938.0
1849,田寮,03F-398.4N,22.704642,120.541133,2.0,5,938.0
1850,田寮,03F-398.4N,22.704642,120.541133,2.0,6,983.5
1851,田寮,03F-398.4N,22.704642,120.541133,2.0,7,983.5
1852,田寮,03F-398.4N,22.704642,120.541133,2.0,8,901.5
1853,田寮,03F-398.4N,22.704642,120.541133,2.0,9,901.5
1854,田寮,03F-398.4N,22.704642,120.541133,2.0,10,889.0
1855,田寮,03F-398.4N,22.704642,120.541133,2.0,11,889.0
1856,田寮,03F-401.8S,22.682775,120.563086,2.0,3,1100.5
1857,田寮,03F-401.8S,22.682775,120.563086,2.0,4,1100.5
1858,田寮,03F-401.8S,22.682775,120.563086,2.0,5,1031.5
1859,田寮,03F-401.8S,22.682775,120.563086,2.0,6,1031.5
1860,田寮,03F-401.8S,22.682775,120.563086,2.0,7,1102.5
1861,田寮,03F-401.8S,22.682775,120.563086,2.0,8,1102.5
1862,田寮,03F-401.8S,22.682775,120.563086,2.0,9,1057.5
1863,田寮,03F-401.8S,22.682775,120.563086,2.0,10,1057.5
1864,田寮,03F-402.1N,22.680347,120.563311,2.0,3,1048.5
1865,田寮,03F-402.1N,22.680347,120.563311,2.0,4,1048.5
1866,田寮,03F-402.1N,22.680347,120.563311,2.0,5,972.5
1867,田寮,03F-402.1N,22.680347,120.563311,2.0,6,972.5
1868,田寮,03F-402.1N,22.680347,120.563311,2.0,7,1057.5
1869,田寮,03F-402.1N,22.680347,120.563311,2.0,8,1057.5
1870,田寮,03F-402.1N,22.680347,120.563311,2.0,9,1016.5
1871,田寮,03F-402.1N,22.680347,120.563311,2.0,10,1016.5
1872,田寮,03F-414.2SN,22.579586,120.526161,2.0,4,1565.5
1873,田寮,03F-414.2SN,22.579586,120.526161,2.0,5,1565.5
1874,田寮,03F-414.2SN,22.579586,120.526161,2.0,6,1644.5
1875,田寮,03F-414.2SN,22.579586,120.526161,2.0,7,1644.5
1876,田寮,03F-414.2SN,22.579586,120.526161,2.0,8,1454.5
1877,田寮,03F-414.2SN,22.579586,120.526161,2.0,9,1454.5
1878,田寮,03F-414.2SN,22.579586,120.526161,2.0,10,1508.5
1879,田寮,03F-414.2SN,22.579586,120.526161,2.0,11,1508.5
1880,田寮,03F-416.8N,22.557408,120.524761,2.0,5,988.5
1881,田寮,03F-416.8N,22.557408,120.524761,2.0,6,988.5
1882,田寮,03F-416.8N,22.557408,120.524761,2.0,7,1099.5
1883,田寮,03F-416.8N,22.557408,120.524761,2.0,8,1099.5
1884,田寮,03F-416.8N,22.557408,120.524761,2.0,9,1048.5
1885,田寮,03F-416.8N,22.557408,120.524761,2.0,10,1048.5
1886,田寮,03F-416.8N,22.557408,120.524761,2.0,11,956.5
1887,田寮,03F-416.8N,22.557408,120.524761,2.0,12,956.5
1888,田寮,03F-416.8S,22.557186,120.524558,2.0,5,1000.5
1889,田寮,03F-416.8S,22.557186,120.524558,2.0,6,1000.5
1890,田寮,03F-416.8S,22.557186,120.524558,2.0,7,1083.5
1891,田寮,03F-416.8S,22.557186,120.524558,2.0,8,1083.5
1892,田寮,03F-416.8S,22.557186,120.524558,2.0,9,1040.0
1893,田寮,03F-416.8S,22.557186,120.524558,2.0,10,1040.0
1894,田寮,03F-416.8S,22.557186,120.524558,2.0,11,970.0
1895,田寮,03F-416.8S,22.557186,120.524558,2.0,12,970.0
1896,田寮,03F-423.2SN,22.501367,120.525775,2.0,3,1553.5
1897,田寮,03F-423.2SN,22.501367,120.525775,2.0,4,1553.5
1898,田寮,03F-423.2SN,22.501367,120.525775,2.0,5,1411.0
1899,田寮,03F-423.2SN,22.501367,120.525775,2.0,6,1411.0
1900,田寮,03F-423.2SN,22.501367,120.525775,2.0,7,1525.5
1901,田寮,03F-423.2SN,22.501367,120.525775,2.0,8,1525.5
1902,田寮,03F-423.2SN,22.501367,120.525775,2.0,9,1459.5
1903,田寮,03F-423.2SN,22.501367,120.525775,2.0,10,1459.5
1904,田寮,03F-425.9N,22.477464,120.531386,2.0,4,990.0
1905,田寮,03F-425.9N,22.477464,120.531386,2.0,5,990.0
1906,田寮,03F-425.9N,22.477464,120.531386,2.0,6,1007.5
1907,田寮,03F-425.9N,22.477464,120.531386,2.0,7,1007.5
1908,田寮,03F-425.9N,22.477464,120.531386,2.0,8,950.0
1909,田寮,03F-425.9N,22.477464,120.531386,2.0,9,950.0
1910,田寮,03F-425.9N,22.477464,120.531386,2.0,10,957.5
1911,田寮,03F-425.9N,22.477464,120.531386,2.0,11,957.5
1912,田寮,03F-426.3S,22.474661,120.530844,2.0,4,968.0
1913,田寮,03F-426.3S,22.474661,120.530844,2.0,5,968.0
1914,田寮,03F-426.3S,22.474661,120.530844,2.0,6,962.5
1915,田寮,03F-426.3S,22.474661,120.530844,2.0,7,962.5
1916,田寮,03F-426.3S,22.474661,120.530844,2.0,8,973.5
1917,田寮,03F-426.3S,22.474661,120.530844,2.0,9,973.5
1918,田寮,03F-426.3S,22.474661,120.530844,2.0,10,939.5
1919,田寮,03F-426.3S,22.474661,120.530844,2.0,11,939.5
