,Latitude,Longitude,Lane Count,Billing Month,Electricity Consumption (kWh),Billing Period (Start),Billing Period (End),Billed kWh - Regular (Peak),Average Electricity Consumption,Electricity Usage Same Period Last Year,Number of Usage Days This Period
0,25.07301944,121.5307028,4,7,2453,2024-04-29,2024-06-26,2453,2453,2457,59
1,25.07301944,121.5307028,4,9,2672,2024-06-27,2024-08-28,2672,2672,2472,63
2,25.07301944,121.5307028,4,11,2605,2024-08-29,2024-10-29,2605,2605,2375,62
3,25.07301944,121.5307028,4,1,2294,2024-10-30,2024-12-26,2294,2294,2573,58
4,25.07806667,121.5091056,4,5,2645,2024-02-27,2024-05-02,2645,983,2213,66
5,25.07806667,121.5091056,4,7,2486,2024-05-03,2024-07-01,2486,1160,2454,60
6,25.07806667,121.5091056,4,9,2651,2024-07-02,2024-09-02,2651,1430,2563,63
7,25.07806667,121.5091056,4,11,2558,2024-09-03,2024-11-03,2558,1174,2380,62
8,25.07806667,121.5091056,4,1,2215,2024-11-04,2024-12-29,2215,786,2460,56
9,25.07275,121.557739,2,7,2073,2024-04-25,2024-06-24,2073,3913,1842,61
10,25.07275,121.557739,2,9,2183,2024-06-25,2024-08-26,2183,4557,2189,63
11,25.07275,121.557739,2,11,2141,2024-08-27,2024-10-27,2141,4281,2042,62
12,25.07275,121.557739,2,1,1902,2024-10-28,2024-12-24,1902,3565,2016,58
13,25.073053,121.550358,2,7,2287,2024-04-25,2024-06-24,2287,3913,2080,61
14,25.073053,121.550358,2,9,2428,2024-06-25,2024-08-26,2428,4557,2446,63
15,25.073053,121.550358,2,11,2406,2024-08-27,2024-10-27,2406,4281,2334,62
16,25.073053,121.550358,2,1,2087,2024-10-28,2024-12-24,2087,3565,2242,58
17,25.070994,121.562519,2,6,2091,2024-04-18,2024-06-18,2091,4225,1826,62
18,25.070994,121.562519,2,8,2180,2024-06-19,2024-08-19,2180,5377,2117,62
19,25.070994,121.562519,2,10,2190,2024-08-20,2024-10-20,2190,5529,2175,62
20,25.070994,121.562519,2,12,1960,2024-10-21,2024-12-18,1960,4005,1857,59
21,25.072261,121.555014,2,6,2090,2024-04-18,2024-06-18,2090,4225,1841,62
22,25.072261,121.555014,2,8,2168,2024-06-19,2024-08-19,2168,5377,2133,62
23,25.072261,121.555014,2,10,2151,2024-08-20,2024-10-20,2151,5529,2188,62
24,25.072261,121.555014,2,12,1914,2024-10-21,2024-12-18,1914,4005,1849,59
25,25.011819,121.562375,2,6,2840,2024-04-12,2024-06-12,2840,無,2636,62
26,25.011819,121.562375,2,8,2869,2024-06-13,2024-08-13,2869,無,2934,62
27,25.011819,121.562375,2,10,2861,2024-08-14,2024-10-14,2861,無,2945,62
28,25.011819,121.562375,2,12,2675,2024-10-15,2024-12-12,2675,無,2587,59
29,24.96255,121.530572,3,6,3465,2024-03-25,2024-05-23,3465,2317,3260,60
30,24.96255,121.530572,3,8,3678,2024-05-24,2024-07-25,3678,2866,3378,63
31,24.96255,121.530572,3,10,3527,2024-07-26,2024-09-24,3527,2937,3569,61
32,24.96255,121.530572,3,12,3479,2024-09-25,2024-11-25,3479,2354,3503,62
33,24.96255,121.530572,3,7,4536,2024-04-25,2024-06-24,4536,4536,4112,61
34,24.96255,121.530572,3,9,4799,2024-06-25,2024-08-26,4799,4799,4820,63
35,24.96255,121.530572,3,11,4621,2024-08-27,2024-10-27,4621,4621,4486,62
36,24.96255,121.530572,3,1,4056,2024-10-28,2024-12-24,4056,4056,4427,58
37,24.978881,121.502381,3,6,2258,2024-04-11,2024-06-11,2258,4906,1949,62
38,24.978881,121.502381,3,8,2313,2024-06-12,2024-08-12,2313,5959,2266,62
39,24.978881,121.502381,3,10,2278,2024-08-13,2024-10-13,2278,5598,2188,62
40,24.978881,121.502381,3,12,2088,2024-10-14,2024-12-11,2088,4191,2176,59
41,24.978586,121.501744,3,6,2263,2024-04-11,2024-06-11,2263,4906,1910,62
42,24.978586,121.501744,3,8,2286,2024-06-12,2024-08-12,2286,5959,2320,62
43,24.978586,121.501744,3,10,2258,2024-08-13,2024-10-13,2258,5598,2232,62
44,24.978586,121.501744,3,12,2081,2024-10-14,2024-12-11,2081,4191,2384,59
45,24.96255,121.530572,3,7,4020,2024-04-29,2024-06-26,4020,1385,4431,59
46,24.96255,121.530572,3,9,4321,2024-06-27,2024-08-28,4321,1746,4207,63
47,24.96255,121.530572,3,11,4180,2024-08-29,2024-10-29,4180,1590,4226,62
48,24.96255,121.530572,3,1,3804,2024-10-30,2024-12-26,3804,1037,4227,58
49,24.975247,121.454925,4,5,3939,2024-03-04,2024-05-05,3939,7365,3864,63
50,24.975247,121.454925,4,7,3740,2024-05-06,2024-07-02,3740,7447,3752,58
51,24.975247,121.454925,4,9,4112,2024-07-03,2024-09-03,4112,9869,4003,63
52,24.975247,121.454925,4,11,3985,2024-09-04,2024-11-04,3985,8701,3739,62
53,24.975247,121.454925,4,5,5554,2024-03-15,2024-05-16,5554,無,5050,63
54,24.975247,121.454925,4,7,4828,2024-05-17,2024-07-15,4828,無,4634,60
55,24.975247,121.454925,4,9,5405,2024-07-16,2024-09-17,5405,無,5293,64
56,24.975247,121.454925,4,11,4331,2024-09-18,2024-11-17,4331,無,4557,61
57,25.003864,121.586039,2,5,3096,2024-03-14,2024-05-15,3096,3361,2697,63
58,25.003864,121.586039,2,7,2810,2024-05-16,2024-07-14,2810,3801,2956,60
59,25.003864,121.586039,2,9,3277,2024-07-15,2024-09-15,3277,4428,3117,63
60,25.003864,121.586039,2,11,2882,2024-09-16,2024-11-14,2882,3472,2893,60
61,24.996503,121.652086,3,6,3153,2024-04-11,2024-06-11,3153,625,2843,62
62,24.996503,121.652086,3,8,3243,2024-06-12,2024-08-12,3243,841,3265,62
63,24.996503,121.652086,3,10,3214,2024-08-13,2024-10-13,3214,738,2988,62
64,24.996503,121.652086,3,12,2920,2024-10-14,2024-12-11,2920,555,3065,59
65,25.137106,121.708908,3,6,2153,2024-04-10,2024-06-10,2153,1888,2152,62
66,25.137106,121.708908,3,8,2253,2024-06-11,2024-08-11,2253,2366,2343,62
67,25.137106,121.708908,3,10,2137,2024-08-12,2024-10-10,2137,2196,2382,60
68,25.137106,121.708908,3,12,2078,2024-10-11,2024-12-10,2078,1837,2159,61
69,25.103747,121.681789,3,6,2145,2024-04-10,2024-06-10,2145,1760,1930,62
70,25.103747,121.681789,3,8,2383,2024-06-11,2024-08-11,2383,2631,2130,62
71,25.103747,121.681789,3,10,2300,2024-08-12,2024-10-10,2300,2495,2260,60
72,25.103747,121.681789,3,12,2359,2024-10-11,2024-12-10,2359,1672,2127,61
73,,,,5,793,2024-04-10,2024-05-12,793,無,733,33
74,,,,6,723,2024-05-13,2024-06-10,723,無,832,29
75,,,,7,1126,2024-06-11,2024-07-09,1126,無,1103,29
76,,,,8,1164,2024-07-10,2024-08-11,1164,無,1213,33
77,,,,9,1169,2024-08-12,2024-09-10,1169,無,1230,30
78,,,,10,915,2024-09-11,2024-10-10,915,無,975,30
79,,,,11,748,2024-10-11,2024-11-11,748,無,818,32
80,,,,12,579,2024-11-12,2024-12-10,579,無,748,29
81,25.10283611,121.7178556,2,6,3186,2024-04-12,2024-06-12,3186,2224,2829,62
82,25.10283611,121.7178556,2,8,3269,2024-06-13,2024-08-13,3269,2628,3189,62
83,25.10283611,121.7178556,2,10,3258,2024-08-14,2024-10-14,3258,2284,3166,62
84,25.10283611,121.7178556,2,12,2990,2024-10-15,2024-12-12,2990,1775,3093,59
85,25.10956667,121.7259056,2,6,3276,2024-04-12,2024-06-12,3276,2224,2735,62
86,25.10956667,121.7259056,2,8,3035,2024-06-13,2024-08-13,3035,2628,3120,62
87,25.10956667,121.7259056,2,10,3447,2024-08-14,2024-10-14,3447,2284,3108,62
88,25.10956667,121.7259056,2,12,2934,2024-10-15,2024-12-12,2934,1775,2936,59
89,25.11831111,121.7316361,2,6,1819,2024-04-12,2024-06-12,1819,1816,1837,62
90,25.11831111,121.7316361,2,8,2019,2024-06-13,2024-08-13,2019,1990,2105,62
91,25.11831111,121.7316361,2,10,2857,2024-08-14,2024-10-14,2857,2832,2105,62
92,25.11831111,121.7316361,2,12,2023,2024-10-15,2024-12-12,2023,1983,2078,59
93,25.11878611,121.7317639,2,6,1813,2024-04-12,2024-06-12,1813,1816,1810,62
94,25.11878611,121.7317639,2,8,1960,2024-06-13,2024-08-13,1960,1990,2102,62
95,25.11878611,121.7317639,2,10,2807,2024-08-14,2024-10-14,2807,2832,2057,62
96,25.11878611,121.7317639,2,12,1942,2024-10-15,2024-12-12,1942,1983,2023,59
97,25.0882722,121.6936444,4,6,3577,2024-03-28,2024-05-28,3577,1465,3319,62
98,25.0882722,121.6936444,4,8,3804,2024-05-29,2024-08-01,3804,1871,3667,65
99,25.0882722,121.6936444,4,10,3621,2024-08-02,2024-10-01,3621,1731,3623,61
100,25.0882722,121.6936444,4,12,3598,2024-10-02,2024-12-02,3598,1521,3681,62
101,25.129514,121.698631,3,6,2067,2024-04-10,2024-06-10,2067,1760,1908,62
102,25.129514,121.698631,3,8,2298,2024-06-11,2024-08-11,2298,2631,2181,62
103,25.129514,121.698631,3,10,2201,2024-08-12,2024-10-10,2201,2495,2236,60
104,25.129514,121.698631,3,12,2088,2024-10-11,2024-12-10,2088,1672,2176,61
105,25.065611,121.643467,3,7,3255,2024-04-25,2024-06-24,3255,4006,3056,61
106,25.065611,121.643467,3,9,3451,2024-06-25,2024-08-26,3451,4851,3564,63
107,25.065611,121.643467,3,11,3338,2024-08-27,2024-10-27,3338,4774,3324,62
108,25.065611,121.643467,3,1,2972,2024-10-28,2024-12-24,2972,4187,3266,58
109,,,,6,843,2024-04-29,2024-05-27,843,無,840,29
110,,,,7,1063,2024-05-28,2024-06-26,1063,無,1036,30
111,,,,8,1384,2024-06-27,2024-07-29,1384,無,1112,33
112,,,,9,1070,2024-07-30,2024-08-28,1070,無,1040,30
113,,,,10,1085,2024-08-29,2024-09-26,1085,無,954,29
114,,,,11,881,2024-09-27,2024-10-29,881,無,865,33
115,,,,12,713,2024-10-30,2024-11-27,713,無,780,29
116,,,,1,587,2024-11-28,2024-12-26,587,無,701,29
117,25.07604444,121.6594222,3,6,4954,2024-03-28,2024-05-28,4954,4954,2786,62
118,25.07604444,121.6594222,3,8,5327,2024-05-29,2024-08-01,5327,5327,3491,65
119,25.07604444,121.6594222,3,10,4753,2024-08-02,2024-10-01,4753,4753,7841,61
120,25.07604444,121.6594222,3,12,4737,2024-10-02,2024-12-02,4737,4737,5119,62
121,25.089994,121.653556,3,6,1510,2024-04-01,2024-05-29,1510,910,2037,59
122,25.089994,121.653556,3,8,3371,2024-05-30,2024-08-04,3371,1781,2089,67
123,25.089994,121.653556,3,10,2069,2024-08-05,2024-10-02,2069,1203,2143,59
124,25.089994,121.653556,3,12,2104,2024-10-03,2024-12-03,2104,1197,2091,62
125,24.823656,121.786347,2,6,3181,2024-04-11,2024-06-11,3181,1360,2733,62
126,24.823656,121.786347,2,8,3418,2024-06-12,2024-08-12,3418,2016,3090,62
127,24.823656,121.786347,2,10,3455,2024-08-13,2024-10-13,3455,1824,3021,62
128,24.823656,121.786347,2,12,3206,2024-10-14,2024-12-11,3206,1324,2962,59
129,24.632728,121.806958,2,6,1976,2024-03-26,2024-05-26,1976,692,1859,62
130,24.632728,121.806958,2,8,2107,2024-05-27,2024-07-28,2107,733,2019,63
131,24.632728,121.806958,2,10,1943,2024-07-29,2024-09-25,1943,679,2004,59
132,24.632728,121.806958,2,12,1958,2024-09-26,2024-11-26,1958,690,1965,62
133,24.662581,121.799908,2,6,2064,2024-04-03,2024-06-04,2064,1693,1783,63
134,24.662581,121.799908,2,8,2175,2024-06-05,2024-08-06,2175,2248,2056,63
135,24.662581,121.799908,2,10,2096,2024-08-07,2024-10-06,2096,2142,2080,61
136,24.662581,121.799908,2,12,1950,2024-10-07,2024-12-05,1950,1696,1906,60
137,24.733789,121.782022,1,5,3191,2024-03-06,2024-05-07,3191,2005,2976,63
138,24.733789,121.782022,1,7,3075,2024-05-08,2024-07-04,3075,2067,3202,58
139,24.733789,121.782022,1,9,3405,2024-07-05,2024-09-05,3405,2500,3317,63
140,24.733789,121.782022,1,11,3185,2024-09-06,2024-11-06,3185,2430,3276,62
141,24.842714,121.789183,2,5,3163,2024-03-19,2024-05-20,3163,1550,3004,63
142,24.842714,121.789183,2,7,3025,2024-05-21,2024-07-17,3025,1904,3143,58
143,24.842714,121.789183,2,9,3383,2024-07-18,2024-09-19,3383,2343,3238,64
144,24.842714,121.789183,2,11,3065,2024-09-20,2024-11-19,3065,1731,3043,61
145,,,,5,1752,2024-04-15,2024-05-15,1752,無,1564,31
146,,,,6,1687,2024-05-16,2024-06-13,1687,無,1681,29
147,,,,7,2299,2024-06-14,2024-07-14,2299,無,2243,31
148,,,,8,2197,2024-07-15,2024-08-14,2197,無,2211,31
149,,,,9,2202,2024-08-15,2024-09-15,2202,無,2337,32
150,,,,10,1788,2024-09-16,2024-10-15,1788,無,2131,30
151,,,,11,1438,2024-10-16,2024-11-14,1438,無,1616,30
152,,,,12,1240,2024-11-15,2024-12-15,1240,無,1700,31
153,24.710683,121.789461,2,6,1819,2024-04-10,2024-06-10,1819,2891,1557,62
154,24.710683,121.789461,2,8,2116,2024-06-11,2024-08-11,2116,3457,1920,62
155,24.710683,121.789461,2,10,1918,2024-08-12,2024-10-10,1918,3187,1927,60
156,24.710683,121.789461,2,12,1851,2024-10-11,2024-12-10,1851,2820,1810,61
157,24.711028,121.789478,2,6,1962,2024-04-10,2024-06-10,1962,2891,1822,62
158,24.711028,121.789478,2,8,2238,2024-06-11,2024-08-11,2238,3457,2228,62
159,24.711028,121.789478,2,10,2116,2024-08-12,2024-10-10,2116,3187,2188,60
160,24.711028,121.789478,2,12,2012,2024-10-11,2024-12-10,2012,2820,2023,61
161,25.012944,121.266194,4,6,3827,2024-04-12,2024-06-12,3827,3865,3372,62
162,25.012944,121.266194,4,8,4038,2024-06-13,2024-08-13,4038,5063,3741,62
163,25.012944,121.266194,4,10,3997,2024-08-14,2024-10-14,3997,4615,3914,62
164,25.012944,121.266194,4,12,3646,2024-10-15,2024-12-12,3646,3468,3444,59
165,25.047075,121.317761,4,5,4298,2024-03-14,2024-05-15,4298,2230,3790,63
166,25.047075,121.317761,4,7,4043,2024-05-16,2024-07-14,4043,2757,4090,60
167,25.047075,121.317761,4,9,4351,2024-07-15,2024-09-15,4351,3242,4277,63
168,25.047075,121.317761,4,11,4055,2024-09-16,2024-11-14,4055,2414,3984,60
169,25.059242,121.332072,3,5,2216,2024-03-14,2024-05-15,2216,4279,1914,63
170,25.059242,121.332072,3,7,2216,2024-05-16,2024-07-14,2216,4787,2089,60
171,25.059242,121.332072,3,9,2318,2024-07-15,2024-09-15,2318,5270,2198,63
172,25.059242,121.332072,3,11,2133,2024-09-16,2024-11-14,2133,4218,2028,60
173,25.036481,121.295531,5,5,4569,2024-03-14,2024-05-15,4569,2912,4154,63
174,25.036481,121.295531,5,7,4435,2024-05-16,2024-07-14,4435,3243,4467,60
175,25.036481,121.295531,5,9,4622,2024-07-15,2024-09-15,4622,4099,4640,63
176,25.036481,121.295531,5,11,4181,2024-09-16,2024-11-14,4181,3003,4366,60
177,25.025953,121.281731,5,6,4167,2024-04-15,2024-06-13,4167,4245,3941,60
178,25.025953,121.281731,5,8,4322,2024-06-14,2024-08-14,4322,5056,4255,62
179,25.025953,121.281731,5,10,4295,2024-08-15,2024-10-15,4295,4905,4419,62
180,25.025953,121.281731,5,12,3884,2024-10-16,2024-12-15,3884,4323,3766,61
181,25.060125,121.331858,3,6,2176,2024-04-18,2024-06-18,2176,3602,1923,62
182,25.060125,121.331858,3,8,2240,2024-06-19,2024-08-19,2240,4345,2185,62
183,25.060125,121.331858,3,10,2280,2024-08-20,2024-10-20,2280,4196,2276,62
184,25.060125,121.331858,3,12,2015,2024-10-21,2024-12-18,2015,3564,1971,59
185,24.980558,121.228944,3,5,4417,2024-03-04,2024-05-05,4417,1976,4434,63
186,24.980558,121.228944,3,7,4580,2024-05-06,2024-07-02,4580,2493,4338,58
187,24.980558,121.228944,3,9,5038,2024-07-03,2024-09-03,5038,3472,4859,63
188,24.980558,121.228944,3,11,4791,2024-09-04,2024-11-04,4791,2583,4429,62
189,24.949281,121.195594,3,5,3520,2024-03-19,2024-05-20,3520,4143,3183,63
190,24.949281,121.195594,3,7,3531,2024-05-21,2024-07-17,3531,5202,3364,58
191,24.949281,121.195594,3,9,3874,2024-07-18,2024-09-19,3874,6226,3534,64
192,24.949281,121.195594,3,11,3538,2024-09-20,2024-11-19,3538,4727,3413,61
193,24.965878,121.211614,2,6,2184,2024-03-26,2024-05-26,2184,1779,1929,62
194,24.965878,121.211614,2,8,2213,2024-05-27,2024-07-28,2213,2290,2092,63
195,24.965878,121.211614,2,10,2178,2024-07-29,2024-09-25,2178,2269,2059,59
196,24.965878,121.211614,2,12,2134,2024-09-26,2024-11-26,2134,1597,2068,62
197,24.961693,121.2047523,4,6,501,2024-04-15,2024-06-13,*501,3487,無,60
198,24.961693,121.2047523,4,8,2546,2024-06-14,2024-08-14,*2546,4486,無,62
199,24.961693,121.2047523,4,10,2952,2024-08-15,2024-10-15,2952,4120,無,62
200,24.961693,121.2047523,4,12,2929,2024-10-16,2024-12-15,2929,3267,無,61
201,24.96525,121.209867,2,6,2060,2024-04-15,2024-06-13,2060,2060,1844,60
202,24.96525,121.209867,2,8,2289,2024-06-14,2024-08-14,2289,2289,2099,62
203,24.96525,121.209867,2,10,2234,2024-08-15,2024-10-15,2234,2234,2168,62
204,24.96525,121.209867,2,12,2086,2024-10-16,2024-12-15,2086,2086,1946,61
205,24.984094,121.232531,3,6,4511,2024-04-16,2024-06-16,4511,3469,4126,62
206,24.984094,121.232531,3,8,4912,2024-06-17,2024-08-15,4912,4071,4696,60
207,24.984094,121.232531,3,10,4920,2024-08-16,2024-10-16,4920,3824,4929,62
208,24.984094,121.232531,3,12,4489,2024-10-17,2024-12-16,4489,2935,4316,61
209,24.99858333,121.2477222,4,6,3791,2024-04-18,2024-06-18,3791,4712,3601,62
210,24.99858333,121.2477222,4,8,4061,2024-06-19,2024-08-19,4061,6321,4015,62
211,24.99858333,121.2477222,4,10,3977,2024-08-20,2024-10-20,3977,5690,4277,62
212,24.99858333,121.2477222,4,12,3652,2024-10-21,2024-12-18,3652,4257,3626,59
213,24.917967,121.167586,3,6,3881,2024-04-03,2024-06-04,3881,3063,3812,63
214,24.917967,121.167586,3,8,4074,2024-06-05,2024-08-06,4074,3672,3676,63
215,24.917967,121.167586,3,10,3825,2024-08-07,2024-10-06,3825,3562,3769,61
216,24.917967,121.167586,3,12,3856,2024-10-07,2024-12-05,3856,2931,3805,60
217,24.929544,121.176919,3,6,3551,2024-04-08,2024-06-05,3551,3454,3023,59
218,24.929544,121.176919,3,8,3740,2024-06-06,2024-08-07,3740,4235,3432,63
219,24.929544,121.176919,3,10,3610,2024-08-08,2024-10-07,3610,3905,3492,61
220,24.929544,121.176919,3,12,3520,2024-10-08,2024-12-08,3520,3028,3314,62
221,24.903297,121.159761,3,6,2902,2024-04-10,2024-06-10,2902,1860,2639,62
222,24.903297,121.159761,3,8,3274,2024-06-11,2024-08-11,3274,2537,2877,62
223,24.903297,121.159761,3,10,3074,2024-08-12,2024-10-10,3074,2081,3144,60
224,24.903297,121.159761,3,12,3034,2024-10-11,2024-12-10,3034,1807,3043,61
225,,,,7,1761,2024-04-29,2024-06-26,1761,2659,1654,59
226,,,,9,2014,2024-06-27,2024-08-28,2014,3605,2056,63
227,,,,11,1712,2024-08-29,2024-10-29,1712,3309,1854,62
228,,,,1,1214,2024-10-30,2024-12-26,1214,2582,1606,58
229,24.893436,121.111731,3,5,3585,2024-03-06,2024-05-07,3585,1764,3161,63
230,24.893436,121.111731,3,7,3442,2024-05-08,2024-07-04,3442,1698,3236,58
231,24.893436,121.111731,3,9,3858,2024-07-05,2024-09-05,3858,1994,3538,63
232,24.893436,121.111731,3,11,3649,2024-09-06,2024-11-06,3649,1763,3414,62
233,24.878792,121.250839,3,5,3591,2024-03-14,2024-05-15,3591,1946,3467,63
234,24.878792,121.250839,3,7,3564,2024-05-16,2024-07-14,3564,2188,3693,60
235,24.878792,121.250839,3,9,1817,2024-07-15,2024-09-15,1817,2464,3820,63
236,24.878792,121.250839,3,11,40,2024-09-16,2024-11-14,*40,1938,3556,60
237,24.856558,121.208581,3,7,3332,2024-04-25,2024-06-24,3332,1813,3022,61
238,24.856558,121.208581,3,9,3408,2024-06-25,2024-08-26,3408,2057,3462,63
239,24.856558,121.208581,3,11,3521,2024-08-27,2024-10-27,3521,1918,3271,62
240,24.856558,121.208581,3,1,3210,2024-10-28,2024-12-24,3210,1462,3164,58
241,24.816364,121.200339,3,7,4117,2024-04-29,2024-06-26,4117,4117,3720,59
242,24.816364,121.200339,3,9,4378,2024-06-27,2024-08-28,4378,4378,4123,63
243,24.816364,121.200339,3,11,4424,2024-08-29,2024-10-29,4424,4424,4249,62
244,24.816364,121.200339,3,1,3560,2024-10-30,2024-12-26,3560,3560,3758,58
245,,,,5,2301,2024-03-28,2024-05-02,2301,無,1839,36
246,,,,6,1725,2024-05-03,2024-05-28,1725,無,1900,26
247,,,,7,2764,2024-05-29,2024-07-01,2764,無,2665,34
248,,,,8,2965,2024-07-02,2024-08-01,2965,無,3093,31
249,,,,9,3141,2024-08-02,2024-09-02,3141,無,2977,32
250,,,,10,2599,2024-09-03,2024-10-01,2599,無,2612,29
251,,,,11,2489,2024-10-02,2024-11-03,2489,無,2328,33
252,,,,12,1805,2024-11-04,2024-12-02,1805,無,1995,29
253,,,,1,1786,2024-12-03,2024-12-29,1786,無,1781,27
254,25.075553,121.460661,4,6,2368,2024-03-27,2024-05-27,2368,3303,2121,62
255,25.075553,121.460661,4,8,2470,2024-05-28,2024-07-29,2470,4009,2345,63
256,25.075553,121.460661,4,10,2334,2024-07-30,2024-09-26,2334,3954,2304,59
257,25.075553,121.460661,4,12,2372,2024-09-27,2024-11-27,2372,3255,2303,62
258,25.07479722,121.4729611,4,7,4088,2024-04-25,2024-06-24,4088,3440,3770,61
259,25.07479722,121.4729611,4,9,4339,2024-06-25,2024-08-26,4339,4190,4234,63
260,25.07479722,121.4729611,4,11,3986,2024-08-27,2024-10-27,3986,3654,4059,62
261,25.07479722,121.4729611,4,1,3881,2024-10-28,2024-12-24,3881,3119,3984,58
262,25.07746389,121.5013861,4,6,2399,2024-04-01,2024-05-29,2399,1073,2331,59
263,25.07746389,121.5013861,4,8,2856,2024-05-30,2024-08-04,2856,1631,2538,67
264,25.07746389,121.5013861,4,10,2468,2024-08-05,2024-10-02,2468,1486,2575,59
265,25.07746389,121.5013861,4,12,2542,2024-10-03,2024-12-03,2542,1076,2563,62
266,25.075256,121.494019,3,6,2206,2024-04-08,2024-06-05,2206,1248,2019,59
267,25.075256,121.494019,3,8,2498,2024-06-06,2024-08-07,2498,1803,2271,63
268,25.075256,121.494019,3,10,2372,2024-08-08,2024-10-07,2372,1665,2382,61
269,25.075256,121.494019,3,12,2272,2024-10-08,2024-12-08,2272,1308,2196,62
270,25.068,121.428056,6,5,2753,2024-03-11,2024-05-12,2753,1674,2467,63
271,25.068,121.428056,6,7,2592,2024-05-13,2024-07-09,2592,1912,2543,58
272,25.068,121.428056,6,9,2869,2024-07-10,2024-09-10,2869,2240,2730,63
273,25.068,121.428056,6,11,2792,2024-09-11,2024-11-11,2792,1844,2657,62
274,,,,5,892,2024-04-12,2024-05-14,892,無,710,33
275,,,,6,770,2024-05-15,2024-06-12,770,無,724,29
276,,,,7,970,2024-06-13,2024-07-11,970,無,1005,29
277,,,,8,1182,2024-07-12,2024-08-13,1182,無,978,33
278,,,,9,1076,2024-08-14,2024-09-12,1076,無,1006,30
279,,,,10,947,2024-09-13,2024-10-14,947,無,1027,32
280,,,,11,784,2024-10-15,2024-11-13,784,無,735,30
281,,,,12,761,2024-11-14,2024-12-12,761,無,684,29
282,25.058667,121.397306,5,5,4130,2024-03-14,2024-05-15,4130,2586,3746,63
283,25.058667,121.397306,5,7,3953,2024-05-16,2024-07-14,3953,2806,4037,60
284,25.058667,121.397306,5,9,4570,2024-07-15,2024-09-15,4570,3147,4228,63
285,25.058667,121.397306,5,11,4095,2024-09-16,2024-11-14,4095,2541,3923,60
286,25.068147,121.435133,2,5,2194,2024-03-18,2024-05-19,2194,4381,2002,63
287,25.068147,121.435133,2,7,2103,2024-05-20,2024-07-16,2103,4470,2061,58
288,25.068147,121.435133,2,9,2344,2024-07-17,2024-09-18,2344,4866,2238,64
289,25.068147,121.435133,2,11,2145,2024-09-19,2024-11-18,2145,3910,2125,61
290,25.068728,121.433281,2,6,2088,2024-03-25,2024-05-23,2088,3251,2035,60
291,25.068728,121.433281,2,8,2319,2024-05-24,2024-07-25,2319,3892,2114,63
292,25.068728,121.433281,2,10,2214,2024-07-26,2024-09-24,2214,3976,2255,61
293,25.068728,121.433281,2,12,2189,2024-09-25,2024-11-25,2189,3189,2152,62
294,25.068239,121.428764,5,6,2825,2024-03-25,2024-05-23,2825,2825,3775,60
295,25.068239,121.428764,5,8,2924,2024-05-24,2024-07-25,2924,2924,3161,63
296,25.068239,121.428764,5,10,2818,2024-07-26,2024-09-24,2818,2818,3068,61
297,25.068239,121.428764,5,12,2769,2024-09-25,2024-11-25,2769,2769,2775,62
298,25.064969,121.363561,5,5,4035,2024-03-19,2024-05-20,4035,2255,3730,63
299,25.064969,121.363561,5,7,3871,2024-05-21,2024-07-17,3871,2640,3783,58
300,25.064969,121.363561,5,9,4299,2024-07-18,2024-09-19,4299,3264,4057,64
301,25.064969,121.363561,5,11,3959,2024-09-20,2024-11-19,3959,2457,3913,61
302,24.936025,121.3419,4,6,4051,2024-03-27,2024-05-27,4051,2213,3754,62
303,24.936025,121.3419,4,8,4155,2024-05-28,2024-07-29,4155,2323,4156,63
304,24.936025,121.3419,4,10,3924,2024-07-30,2024-09-26,3924,2203,4108,59
305,24.936025,121.3419,4,12,4138,2024-09-27,2024-11-27,4138,2256,4039,62
306,24.930225,121.312458,4,6,3770,2024-04-15,2024-06-13,3770,1893,3427,60
307,24.930225,121.312458,4,8,3964,2024-06-14,2024-08-14,3964,2447,3940,62
308,24.930225,121.312458,4,10,3966,2024-08-15,2024-10-15,3966,2421,4227,62
309,24.930225,121.312458,4,12,3768,2024-10-16,2024-12-15,3768,1758,3826,61
310,24.943825,121.365275,4,5,3853,2024-03-07,2024-05-08,3853,2646,3480,63
311,24.943825,121.365275,4,7,3722,2024-05-09,2024-07-07,3722,2940,3526,60
312,24.943825,121.365275,4,9,3954,2024-07-08,2024-09-08,3954,3271,3955,63
313,24.943825,121.365275,4,11,3651,2024-09-09,2024-11-07,3651,2867,3739,60
314,,,,5,1061,2024-04-09,2024-05-09,1061,無,974,31
315,,,,6,956,2024-05-10,2024-06-06,956,無,937,28
316,,,,7,1428,2024-06-07,2024-07-08,1428,無,1097,32
317,,,,8,1461,2024-07-09,2024-08-08,1461,無,1144,31
318,,,,9,1475,2024-08-09,2024-09-09,1475,無,1323,32
319,,,,10,1204,2024-09-10,2024-10-08,1204,無,1071,29
320,,,,11,1218,2024-10-09,2024-11-10,1218,無,925,33
321,,,,12,938,2024-11-11,2024-12-09,938,無,807,29
322,24.808453,121.010306,3,5,2262,2024-03-11,2024-05-12,2262,3191,2096,63
323,24.808453,121.010306,3,7,2228,2024-05-13,2024-07-09,2228,3773,2104,58
324,24.808453,121.010306,3,9,2502,2024-07-10,2024-09-10,2502,4153,2290,63
325,24.808453,121.010306,3,11,2380,2024-09-11,2024-11-11,2380,3667,2201,62
326,24.789622,121.005247,3,6,3968,2024-04-11,2024-06-11,3968,4515,3435,62
327,24.789622,121.005247,3,8,4113,2024-06-12,2024-08-12,4113,5630,3927,62
328,24.789622,121.005247,3,10,4056,2024-08-13,2024-10-13,4056,5599,3952,62
329,24.789622,121.005247,3,12,3728,2024-10-14,2024-12-11,3728,4263,3860,59
330,24.783944,121.003725,3,6,2205,2024-04-17,2024-06-17,2205,18428,2148,62
331,24.783944,121.003725,3,8,2636,2024-06-18,2024-08-18,2636,19729,2385,62
332,24.783944,121.003725,3,10,2478,2024-08-19,2024-10-17,2478,15451,2667,60
333,24.783944,121.003725,3,12,2376,2024-10-18,2024-12-17,2376,11819,2227,61
334,24.848719,121.019031,3,6,3744,2024-04-11,2024-06-11,3744,3649,3417,62
335,24.848719,121.019031,3,8,3964,2024-06-12,2024-08-12,3964,4933,3897,62
336,24.848719,121.019031,3,10,3990,2024-08-13,2024-10-13,3990,4599,3780,62
337,24.848719,121.019031,3,12,3655,2024-10-14,2024-12-11,3655,3580,3728,59
338,24.753094,120.945675,3,6,3305,2024-04-12,2024-06-12,3305,3042,2843,62
339,24.753094,120.945675,3,8,3507,2024-06-13,2024-08-13,3507,3948,3209,62
340,24.753094,120.945675,3,10,3449,2024-08-14,2024-10-14,3449,3809,3343,62
341,24.753094,120.945675,3,12,3150,2024-10-15,2024-12-12,3150,3423,2947,59
342,24.797339,121.179128,3,5,3517,2024-03-07,2024-05-08,3517,1036,3209,63
343,24.797339,121.179128,3,7,3394,2024-05-09,2024-07-07,3394,1141,3414,60
344,24.797339,121.179128,3,9,3738,2024-07-08,2024-09-08,3738,1315,3465,63
345,24.797339,121.179128,3,11,3563,2024-09-09,2024-11-07,3563,1104,3435,60
346,24.791439,121.125997,3,6,3585,2024-04-12,2024-06-12,3585,1973,3136,62
347,24.791439,121.125997,3,8,3800,2024-06-13,2024-08-13,3800,2297,3568,62
348,24.791439,121.125997,3,10,3685,2024-08-14,2024-10-14,3685,2192,3521,62
349,24.791439,121.125997,3,12,3438,2024-10-15,2024-12-12,3438,1853,3530,59
350,24.758442,121.030425,3,5,3579,2024-02-27,2024-05-02,3579,1184,2908,66
351,24.758442,121.030425,3,7,3715,2024-05-03,2024-07-01,3715,1287,3561,60
352,24.758442,121.030425,3,9,3794,2024-07-02,2024-09-02,3794,1718,3805,63
353,24.758442,121.030425,3,11,3689,2024-09-03,2024-11-03,3689,1835,3493,62
354,24.758442,121.030425,3,1,3039,2024-11-04,2024-12-29,3039,1397,3606,56
355,24.757914,120.972267,3,7,3214,2024-04-24,2024-06-23,3214,4337,3120,61
356,24.757914,120.972267,3,9,3636,2024-06-24,2024-08-25,3636,6418,3496,63
357,24.757914,120.972267,3,11,3232,2024-08-26,2024-10-24,3232,5457,3129,60
358,24.757914,120.972267,3,1,3109,2024-10-25,2024-12-23,3109,3830,3285,60
359,24.727131,120.951897,3,7,3477,2024-04-25,2024-06-24,3477,3237,3410,61
360,24.727131,120.951897,3,9,3816,2024-06-25,2024-08-26,3816,4520,3651,63
361,24.727131,120.951897,3,11,3592,2024-08-27,2024-10-27,3592,3771,3404,62
362,24.727131,120.951897,3,1,3491,2024-10-28,2024-12-24,3491,2750,3505,58
363,24.763586,120.998861,3,6,2352,2024-03-21,2024-05-21,2352,2681,2166,62
364,24.763586,120.998861,3,8,2464,2024-05-22,2024-07-23,2464,3401,2148,63
365,24.763586,120.998861,3,10,2401,2024-07-24,2024-09-22,2401,3497,2293,61
366,24.763586,120.998861,3,12,2354,2024-09-23,2024-11-21,2354,2606,2293,60
367,24.764414,120.999897,4,6,2669,2024-03-21,2024-05-21,2669,2681,2548,62
368,24.764414,120.999897,4,8,2717,2024-05-22,2024-07-23,2717,3401,2579,63
369,24.764414,120.999897,4,10,2651,2024-07-24,2024-09-22,2651,3497,2741,61
370,24.764414,120.999897,4,12,2622,2024-09-23,2024-11-21,2622,2606,2686,60
371,24.755811,120.997269,4,6,3903,2024-03-22,2024-05-22,3903,2200,3624,62
372,24.755811,120.997269,4,8,3964,2024-05-23,2024-07-24,3964,2802,3556,63
373,24.755811,120.997269,4,10,4016,2024-07-25,2024-09-23,4016,2958,3660,61
374,24.755811,120.997269,4,12,3688,2024-09-24,2024-11-24,3688,2190,3838,62
375,24.130767,120.617247,3,6,3635,2024-04-12,2024-06-12,3635,2509,3290,62
376,24.130767,120.617247,3,8,3840,2024-06-13,2024-08-13,3840,3242,3582,62
377,24.130767,120.617247,3,10,3785,2024-08-14,2024-10-14,3785,2967,3680,62
378,24.130767,120.617247,3,12,3482,2024-10-15,2024-12-12,3482,2274,3357,59
379,24.177831,120.548244,3,5,3586,2024-03-04,2024-05-05,3586,2440,2977,63
380,24.177831,120.548244,3,7,3200,2024-05-06,2024-07-02,3200,2614,3347,58
381,24.177831,120.548244,3,9,3817,2024-07-03,2024-09-03,3817,3078,3462,63
382,24.177831,120.548244,3,11,3313,2024-09-04,2024-11-04,3313,2660,3260,62
383,24.234647,120.593306,3,5,3480,2024-03-13,2024-05-14,3480,2773,3073,63
384,24.234647,120.593306,3,7,3182,2024-05-15,2024-07-11,3182,3068,3319,58
385,24.234647,120.593306,3,9,3527,2024-07-12,2024-09-12,3527,3313,3319,63
386,24.234647,120.593306,3,11,3371,2024-09-13,2024-11-13,3371,2816,3205,62
387,24.163706,120.621933,3,5,3521,2024-03-18,2024-05-19,3521,3400,3312,63
388,24.163706,120.621933,3,7,3565,2024-05-20,2024-07-16,3565,4097,3263,58
389,24.163706,120.621933,3,9,3900,2024-07-17,2024-09-18,3900,4737,3465,64
390,24.163706,120.621933,3,11,3591,2024-09-19,2024-11-18,3591,4158,3250,61
391,24.334719,120.635578,3,6,3345,2024-04-15,2024-06-13,3345,2314,2982,60
392,24.334719,120.635578,3,8,3615,2024-06-14,2024-08-14,3615,3173,3344,62
393,24.334719,120.635578,3,10,3440,2024-08-15,2024-10-15,3440,2927,3225,62
394,24.334719,120.635578,3,12,3174,2024-10-16,2024-12-15,3174,2682,3240,61
395,24.341119,120.651567,3,6,3313,2024-04-16,2024-06-16,3313,2704,3314,62
396,24.341119,120.651567,3,8,3505,2024-06-17,2024-08-15,3505,2943,3343,60
397,24.341119,120.651567,3,10,3364,2024-08-16,2024-10-16,3364,2876,3623,62
398,24.341119,120.651567,3,12,3196,2024-10-17,2024-12-16,3196,2792,3188,61
399,24.301186,120.697325,3,5,3383,2024-03-18,2024-05-19,3383,2552,3414,63
400,24.301186,120.697325,3,7,3440,2024-05-20,2024-07-16,3440,2856,3380,58
401,24.301186,120.697325,3,9,3632,2024-07-17,2024-09-18,3632,3214,3478,64
402,24.301186,120.697325,3,11,3518,2024-09-19,2024-11-18,3518,2660,4214,61
403,,,,5,4162,2024-04-17,2024-05-19,4162,無,3209,33
404,,,,6,3764,2024-05-20,2024-06-17,3764,無,4159,29
405,,,,7,5041,2024-06-18,2024-07-16,5041,無,5246,29
406,,,,8,5581,2024-07-17,2024-08-18,5581,無,4543,33
407,,,,9,4931,2024-08-19,2024-09-18,4931,無,5289,31
408,,,,10,3985,2024-09-19,2024-10-17,3985,無,5074,29
409,,,,11,3455,2024-10-18,2024-11-18,3455,無,3564,32
410,,,,12,2550,2024-11-19,2024-12-17,2550,無,2852,29
411,24.262647,120.691956,4,5,4144,2024-03-08,2024-05-09,4144,3692,3844,63
412,24.262647,120.691956,4,7,4080,2024-05-10,2024-07-08,4080,4045,3975,60
413,24.262647,120.691956,4,9,4302,2024-07-09,2024-09-09,4302,4642,4065,63
414,24.262647,120.691956,4,11,4075,2024-09-10,2024-11-10,4075,3704,3736,62
415,24.231536,120.686625,3,5,3800,2024-03-04,2024-05-05,3800,3083,3159,63
416,24.231536,120.686625,3,7,3567,2024-05-06,2024-07-02,3567,3244,3548,58
417,24.231536,120.686625,3,9,3898,2024-07-03,2024-09-03,3898,3666,3504,63
418,24.231536,120.686625,3,11,3625,2024-09-04,2024-11-04,3625,3079,3503,62
419,24.339147,120.72085,3,6,3339,2024-04-18,2024-06-18,3339,1819,2915,62
420,24.339147,120.72085,3,8,3463,2024-06-19,2024-08-19,3463,2166,3125,62
421,24.339147,120.72085,3,10,3310,2024-08-20,2024-10-20,3310,1934,3390,62
422,24.339147,120.72085,3,12,3014,2024-10-21,2024-12-18,3014,1643,3107,59
423,24.070333,120.639711,3,6,3627,2024-04-02,2024-06-03,3627,3557,3543,63
424,24.070333,120.639711,3,8,3690,2024-06-04,2024-08-05,3690,4147,3560,63
425,24.070333,120.639711,3,10,3443,2024-08-06,2024-10-03,3443,3826,3665,59
426,24.070333,120.639711,3,12,3522,2024-10-04,2024-12-04,3522,3512,3653,62
427,24.067958,120.651433,4,6,2494,2024-04-02,2024-06-03,2494,3557,2384,63
428,24.067958,120.651433,4,8,2539,2024-06-04,2024-08-05,2539,4147,2394,63
429,24.067958,120.651433,4,10,2359,2024-08-06,2024-10-03,2359,3826,2415,59
430,24.067958,120.651433,4,12,2400,2024-10-04,2024-12-04,2400,3512,2422,62
431,24.067778,120.652361,4,6,2561,2024-04-02,2024-06-03,2561,3557,2428,63
432,24.067778,120.652361,4,8,2613,2024-06-04,2024-08-05,2613,4147,2455,63
433,24.067778,120.652361,4,10,2422,2024-08-06,2024-10-03,2422,3826,2511,59
434,24.067778,120.652361,4,12,2466,2024-10-04,2024-12-04,2466,3512,2516,62
435,24.113572,120.568131,3,6,3523,2024-03-27,2024-05-27,3523,3082,3435,62
436,24.113572,120.568131,3,8,4002,2024-05-28,2024-07-29,4002,3754,3452,63
437,24.113572,120.568131,3,10,3639,2024-07-30,2024-09-26,3639,3731,3607,59
438,24.113572,120.568131,3,12,3763,2024-09-27,2024-11-27,3763,3396,3543,62
439,24.292881,120.601964,3,5,3601,2024-03-06,2024-05-07,3601,無,3122,63
440,24.292881,120.601964,3,7,3373,2024-05-08,2024-07-04,3373,無,3245,58
441,24.292881,120.601964,3,9,3726,2024-07-05,2024-09-05,3726,無,3510,63
442,24.292881,120.601964,3,11,3486,2024-09-06,2024-11-06,3486,無,3577,62
443,24.269464,120.590806,3,5,3435,2024-03-06,2024-05-07,3435,2813,3172,63
444,24.269464,120.590806,3,7,2173,2024-05-08,2024-07-04,2173,2848,3346,58
445,24.269464,120.590806,3,9,4561,2024-07-05,2024-09-05,4561,3461,3398,63
446,24.269464,120.590806,3,11,3529,2024-09-06,2024-11-06,3529,2901,3302,62
447,24.184592,120.635611,3,6,1212,2024-04-10,2024-06-10,*1212,2537,2532,62
448,24.184592,120.635611,3,8,515,2024-06-11,2024-08-11,*515,3382,3111,62
449,24.184592,120.635611,3,10,3324,2024-08-12,2024-10-10,*3324,3200,3043,60
450,24.184592,120.635611,3,12,2530,2024-10-11,2024-12-10,2530,2633,1673,61
451,24.102525,120.578747,3,6,4816,2024-03-25,2024-05-23,4816,2363,4190,60
452,24.102525,120.578747,3,8,5099,2024-05-24,2024-07-25,5099,2967,5242,63
453,24.102525,120.578747,3,10,4811,2024-07-26,2024-09-24,4811,2658,4875,61
454,24.102525,120.578747,3,12,4831,2024-09-25,2024-11-25,4831,2423,4716,62
455,24.119011,120.536692,3,6,2165,2024-03-26,2024-05-26,2165,3083,2144,62
456,24.119011,120.536692,3,8,2434,2024-05-27,2024-07-28,2434,3722,2231,63
457,24.119011,120.536692,3,10,2150,2024-07-29,2024-09-25,2150,3658,2150,59
458,24.119011,120.536692,3,12,2261,2024-09-26,2024-11-26,2261,3100,2233,62
459,24.120947,120.534547,3,6,2132,2024-03-26,2024-05-26,2132,3083,2167,62
460,24.120947,120.534547,3,8,2633,2024-05-27,2024-07-28,2633,3722,2311,63
461,24.120947,120.534547,3,10,2258,2024-07-29,2024-09-25,2258,3658,2423,59
462,24.120947,120.534547,3,12,2264,2024-09-26,2024-11-26,2264,3100,2307,62
463,24.085622,120.52785,4,5,4243,2024-03-04,2024-05-05,4243,3552,3471,63
464,24.085622,120.52785,4,7,3919,2024-05-06,2024-07-02,3919,3702,3662,58
465,24.085622,120.52785,4,9,4415,2024-07-03,2024-09-03,4415,4208,4144,63
466,24.085622,120.52785,4,11,4131,2024-09-04,2024-11-04,4131,3524,3943,62
467,24.040639,120.522786,3,6,3639,2024-04-17,2024-06-17,3639,1910,3294,62
468,24.040639,120.522786,3,8,3832,2024-06-18,2024-08-18,3832,2159,3691,62
469,24.040639,120.522786,3,10,3812,2024-08-19,2024-10-17,3812,2137,3783,60
470,24.040639,120.522786,3,12,3514,2024-10-18,2024-12-17,3514,1887,3375,61
471,23.971794,120.506117,3,6,3528,2024-03-26,2024-05-26,3528,1665,3569,62
472,23.971794,120.506117,3,8,3667,2024-05-27,2024-07-28,3667,1923,3890,63
473,23.971794,120.506117,3,10,3456,2024-07-29,2024-09-25,3456,1885,3671,59
474,23.971794,120.506117,3,12,3655,2024-09-26,2024-11-26,3655,1684,3740,62
475,23.830569,120.484881,3,6,3350,2024-04-12,2024-06-12,3350,4400,3030,62
476,23.830569,120.484881,3,8,3535,2024-06-13,2024-08-13,3535,4491,3294,62
477,23.830569,120.484881,3,10,3466,2024-08-14,2024-10-14,3466,3565,3526,62
478,23.830569,120.484881,3,12,3146,2024-10-15,2024-12-12,3146,4220,3062,59
479,23.912769,120.49765,3,5,3268,2024-03-04,2024-05-05,3268,981,2822,63
480,23.912769,120.49765,3,7,3326,2024-05-06,2024-07-02,3326,1208,3235,58
481,23.912769,120.49765,3,9,3473,2024-07-03,2024-09-03,3473,1473,3386,63
482,23.912769,120.49765,3,11,3383,2024-09-04,2024-11-04,3383,1294,3170,62
483,,,,5,2831,2024-04-18,2024-05-20,2831,無,3045,33
484,,,,6,2791,2024-05-21,2024-06-18,2791,無,3486,29
485,,,,7,3408,2024-06-19,2024-07-17,3408,無,4071,29
486,,,,8,3388,2024-07-18,2024-08-19,3388,無,3896,33
487,,,,9,3369,2024-08-20,2024-09-19,3369,無,4243,31
488,,,,10,2881,2024-09-20,2024-10-20,2881,無,3899,31
489,,,,11,2429,2024-10-21,2024-11-19,2429,無,2399,30
490,,,,12,1820,2024-11-20,2024-12-18,1820,無,2028,29
491,23.511683,120.486328,3,5,3224,2024-03-04,2024-05-05,3224,1572,2822,63
492,23.511683,120.486328,3,7,3177,2024-05-06,2024-07-02,3177,1667,3165,58
493,23.511683,120.486328,3,9,3211,2024-07-03,2024-09-03,3211,1799,3155,63
494,23.511683,120.486328,3,11,3231,2024-09-04,2024-11-04,3231,1468,3140,62
495,23.492078,120.494586,3,5,3524,2024-03-05,2024-05-06,3524,無,3068,63
496,23.492078,120.494586,3,7,2984,2024-05-07,2024-07-03,2984,無,2945,58
497,23.492078,120.494586,3,9,3155,2024-07-04,2024-09-04,3155,無,3396,63
498,23.492078,120.494586,3,11,3156,2024-09-05,2024-11-05,3156,無,3157,62
499,23.442486,120.4812,3,7,3076,2024-04-29,2024-06-26,3076,無,3100,59
500,23.442486,120.4812,3,9,3249,2024-06-27,2024-08-28,3249,無,3331,63
501,23.442486,120.4812,3,11,3224,2024-08-29,2024-10-29,3224,無,3237,62
502,23.442486,120.4812,3,1,2808,2024-10-30,2024-12-26,2808,無,3205,58
503,23.601989,120.435417,3,6,3564,2024-04-02,2024-06-03,3564,2569,3428,63
504,23.601989,120.435417,3,8,3537,2024-06-04,2024-08-05,3537,2939,3409,63
505,23.601989,120.435417,3,10,3363,2024-08-06,2024-10-03,3363,2553,3308,59
506,23.601989,120.435417,3,12,3242,2024-10-04,2024-12-04,3242,2426,3345,62
507,23.469403,120.3777,3,6,3430,2024-04-03,2024-06-04,3430,無,3027,63
508,23.469403,120.3777,3,8,3505,2024-06-05,2024-08-06,3505,無,2943,63
509,23.469403,120.3777,3,10,3781,2024-08-07,2024-10-06,3781,無,3804,61
510,23.469403,120.3777,3,12,2985,2024-10-07,2024-12-05,2985,無,3433,60
511,23.436367,120.361561,4,5,3885,2024-03-06,2024-05-07,3885,無,3580,63
512,23.436367,120.361561,4,7,3490,2024-05-08,2024-07-04,3490,無,4011,58
513,23.436367,120.361561,4,9,3791,2024-07-05,2024-09-05,*3791,無,3791,63
514,23.436367,120.361561,4,11,3700,2024-09-06,2024-11-06,3700,無,3536,62
515,23.526739,120.405583,3,5,3476,2024-03-08,2024-05-09,3476,1348,2985,63
516,23.526739,120.405583,3,7,3318,2024-05-10,2024-07-08,3318,1482,3514,60
517,23.526739,120.405583,3,9,3508,2024-07-09,2024-09-09,3508,1924,3585,63
518,23.526739,120.405583,3,11,3363,2024-09-10,2024-11-10,3363,1751,3154,62
519,23.558125,120.505061,3,6,3251,2024-04-12,2024-06-12,3251,1714,2813,62
520,23.558125,120.505061,3,8,3338,2024-06-13,2024-08-13,3338,1759,3056,62
521,23.558125,120.505061,3,10,3332,2024-08-14,2024-10-14,3332,1778,3107,62
522,23.558125,120.505061,3,12,3125,2024-10-15,2024-12-12,3125,1708,3004,59
523,22.991814,120.248175,3,5,3726,2024-03-14,2024-05-15,3726,1552,3350,63
524,22.991814,120.248175,3,7,3468,2024-05-16,2024-07-14,3468,1694,3600,60
525,22.991814,120.248175,3,9,3794,2024-07-15,2024-09-15,3794,1794,3653,63
526,22.991814,120.248175,3,11,3586,2024-09-16,2024-11-14,3586,1526,3463,60
527,22.960903,120.249822,3,5,3779,2024-03-06,2024-05-07,3779,無,3477,63
528,22.960903,120.249822,3,7,3490,2024-05-08,2024-07-04,3490,無,3522,58
529,22.960903,120.249822,3,9,3819,2024-07-05,2024-09-05,3819,無,3715,63
530,22.960903,120.249822,3,11,3712,2024-09-06,2024-11-06,3712,無,3574,62
531,23.014172,120.249997,3,5,3750,2024-03-05,2024-05-06,3750,1129,3765,63
532,23.014172,120.249997,3,7,3434,2024-05-07,2024-07-03,3434,1224,3878,58
533,23.014172,120.249997,3,9,3771,2024-07-04,2024-09-04,3771,1329,4260,63
534,23.014172,120.249997,3,11,3670,2024-09-05,2024-11-05,3670,1297,3898,62
535,23.051311,120.253025,3,6,3702,2024-04-02,2024-06-03,3702,3581,3385,63
536,23.051311,120.253025,3,8,3736,2024-06-04,2024-08-05,3736,7535,3357,63
537,23.051311,120.253025,3,10,3469,2024-08-06,2024-10-03,3469,3421,3691,59
538,23.051311,120.253025,3,12,3565,2024-10-04,2024-12-04,3565,3480,3650,62
539,23.040203,120.325172,3,5,3407,2024-03-14,2024-05-15,3407,2813,3077,63
540,23.040203,120.325172,3,7,3285,2024-05-16,2024-07-14,3285,2899,3367,60
541,23.040203,120.325172,3,9,3487,2024-07-15,2024-09-15,3487,2930,3336,63
542,23.040203,120.325172,3,11,3241,2024-09-16,2024-11-14,3241,2411,3162,60
543,22.901969,120.354767,3,6,3083,2024-04-15,2024-06-13,3083,3276,3180,60
544,22.901969,120.354767,3,8,3149,2024-06-14,2024-08-14,3149,2961,3134,62
545,22.901969,120.354767,3,10,3231,2024-08-15,2024-10-15,3231,3000,3168,62
546,22.901969,120.354767,3,12,2920,2024-10-16,2024-12-15,2920,2675,3036,61
547,22.969758,120.340164,3,6,3155,2024-04-16,2024-06-16,3155,2963,2932,62
548,22.969758,120.340164,3,8,3240,2024-06-17,2024-08-15,3240,3389,3145,60
549,22.969758,120.340164,3,10,3157,2024-08-16,2024-10-16,3157,3305,3168,62
550,22.969758,120.340164,3,12,3073,2024-10-17,2024-12-16,3073,2486,2904,61
551,,,,5,998,2024-04-02,2024-05-06,998,無,877,35
552,,,,6,867,2024-05-07,2024-06-03,867,無,876,28
553,,,,7,1008,2024-06-04,2024-07-03,1008,無,1042,30
554,,,,8,1124,2024-07-04,2024-08-05,1124,無,1112,33
555,,,,9,991,2024-08-06,2024-09-04,991,無,974,30
556,,,,10,954,2024-09-05,2024-10-03,954,無,922,29
557,,,,11,1014,2024-10-04,2024-11-05,1014,無,1023,33
558,,,,12,734,2024-11-06,2024-12-04,734,無,775,29
559,23.085272,120.329033,3,5,3369,2024-02-27,2024-05-02,3369,5864,2811,66
560,23.085272,120.329033,3,7,3197,2024-05-03,2024-07-01,3197,4690,3254,60
561,23.085272,120.329033,3,9,3382,2024-07-02,2024-09-02,3382,5365,3253,63
562,23.085272,120.329033,3,11,3298,2024-09-03,2024-11-03,3298,5524,3299,62
563,23.085272,120.329033,3,1,2754,2024-11-04,2024-12-29,2754,5273,3234,56
564,23.132064,120.333711,3,6,3402,2024-04-10,2024-06-10,3402,無,3209,62
565,23.132064,120.333711,3,8,3442,2024-06-11,2024-08-11,3442,無,3370,62
566,23.132064,120.333711,3,10,3259,2024-08-12,2024-10-10,3259,無,3490,60
567,23.132064,120.333711,3,12,3322,2024-10-11,2024-12-10,3322,無,3261,61
568,23.104817,120.247681,3,5,3413,2024-03-19,2024-05-20,3413,3773,3603,63
569,23.104817,120.247681,3,7,3363,2024-05-21,2024-07-17,3363,4158,3669,58
570,23.104817,120.247681,3,9,3598,2024-07-18,2024-09-19,3598,4452,3441,64
571,23.104817,120.247681,3,11,3438,2024-09-20,2024-11-19,3438,4093,3386,61
572,,,,5,7358,2024-04-18,2024-05-20,7358,無,6156,33
573,,,,6,6621,2024-05-21,2024-06-18,6621,無,7112,29
574,,,,7,8453,2024-06-19,2024-07-17,8453,無,8047,29
575,,,,8,8259,2024-07-18,2024-08-19,8259,無,8025,33
576,,,,9,7647,2024-08-20,2024-09-19,7647,無,8230,31
577,,,,10,6711,2024-09-20,2024-10-20,6711,無,8816,31
578,,,,11,5970,2024-10-21,2024-11-19,5970,無,6567,30
579,,,,12,5015,2024-11-20,2024-12-18,5015,無,5918,29
580,22.730903,120.334286,3,7,2249,2024-04-26,2024-06-25,2249,1457,2111,61
581,22.730903,120.334286,3,9,2354,2024-06-26,2024-08-27,2354,1502,2362,63
582,22.730903,120.334286,3,11,2307,2024-08-28,2024-10-28,2307,1382,2202,62
583,22.730903,120.334286,3,1,2069,2024-10-29,2024-12-25,2069,1104,2212,58
584,22.728956,120.333764,3,7,2325,2024-04-26,2024-06-25,2325,1783,2075,61
585,22.728956,120.333764,3,9,2444,2024-06-26,2024-08-27,2444,1980,2363,63
586,22.728956,120.333764,3,11,2380,2024-08-28,2024-10-28,2380,1819,2225,62
587,22.728956,120.333764,3,1,2122,2024-10-29,2024-12-25,2122,1396,2294,58
588,22.752806,120.334056,3,6,3608,2024-04-01,2024-05-29,3608,2185,無,59
589,22.752806,120.334056,3,8,3958,2024-05-30,2024-08-04,3958,2564,無,67
590,22.752806,120.334056,3,10,3661,2024-08-05,2024-10-02,3661,2081,無,59
591,22.752806,120.334056,3,12,3518,2024-10-03,2024-12-03,3518,1806,1165,62
592,,,,5,873,2024-04-03,2024-05-07,873,無,684,35
593,,,,6,672,2024-05-08,2024-06-04,672,無,735,28
594,,,,7,843,2024-06-05,2024-07-04,843,無,877,30
595,,,,8,868,2024-07-05,2024-08-06,868,無,791,33
596,,,,9,787,2024-08-07,2024-09-05,787,無,803,30
597,,,,10,802,2024-09-06,2024-10-06,802,無,806,31
598,,,,11,731,2024-10-07,2024-11-06,731,無,689,31
599,,,,12,573,2024-11-07,2024-12-05,573,無,649,29
600,22.818039,120.312731,3,6,3512,2024-04-03,2024-06-04,3512,4531,3065,63
601,22.818039,120.312731,3,8,3579,2024-06-05,2024-08-06,3579,3724,3401,63
602,22.818039,120.312731,3,10,3470,2024-08-07,2024-10-06,3470,3560,3404,61
603,22.818039,120.312731,3,12,3346,2024-10-07,2024-12-05,3346,3313,3223,60
604,22.892619,120.27215,3,6,3713,2024-04-03,2024-06-04,3713,無,3326,63
605,22.892619,120.27215,3,8,3836,2024-06-05,2024-08-06,3836,無,3808,63
606,22.892619,120.27215,3,10,3505,2024-08-07,2024-10-06,3505,無,3533,61
607,22.892619,120.27215,3,12,3581,2024-10-07,2024-12-05,3581,無,3716,60
608,22.867419,120.284989,3,6,3778,2024-04-08,2024-06-05,3778,無,3608,59
609,22.867419,120.284989,3,8,3853,2024-06-06,2024-08-07,3853,無,4043,63
610,22.867419,120.284989,3,10,3743,2024-08-08,2024-10-07,3743,無,3707,61
611,22.867419,120.284989,3,12,3560,2024-10-08,2024-12-08,3560,無,3659,62
612,,,,5,3134,2024-04-11,2024-05-13,3134,無,2792,33
613,,,,6,2496,2024-05-14,2024-06-11,2496,無,3009,29
614,,,,7,3072,2024-06-12,2024-07-10,3072,無,3541,29
615,,,,8,3371,2024-07-11,2024-08-12,3371,無,3351,33
616,,,,9,2811,2024-08-13,2024-09-11,2811,無,3460,30
617,,,,10,2842,2024-09-12,2024-10-13,2842,無,3027,32
618,,,,11,2506,2024-10-14,2024-11-12,2506,無,2675,30
619,,,,12,1831,2024-11-13,2024-12-11,1831,無,2271,29
620,22.845122,120.385428,3,5,3272,2024-03-12,2024-05-13,3272,無,3175,63
621,22.845122,120.385428,3,7,3154,2024-05-14,2024-07-10,3154,無,3136,58
622,22.845122,120.385428,3,9,3614,2024-07-11,2024-09-11,3614,無,3150,63
623,22.845122,120.385428,3,11,3586,2024-09-12,2024-11-12,3586,無,3135,62
624,22.477464,120.531386,2,6,1980,2024-04-17,2024-06-17,1980,603,1794,62
625,22.477464,120.531386,2,8,2015,2024-06-18,2024-08-18,2015,598,1940,62
626,22.477464,120.531386,2,10,1900,2024-08-19,2024-10-17,1900,576,2156,60
627,22.477464,120.531386,2,12,1915,2024-10-18,2024-12-17,1915,552,1740,61
628,22.474661,120.530844,2,6,1936,2024-04-17,2024-06-17,1936,603,1800,62
629,22.474661,120.530844,2,8,1925,2024-06-18,2024-08-18,1925,598,1963,62
630,22.474661,120.530844,2,10,1947,2024-08-19,2024-10-17,1947,576,2076,60
631,22.474661,120.530844,2,12,1879,2024-10-18,2024-12-17,1879,552,1827,61
632,22.501367,120.525775,2,5,3107,2024-03-14,2024-05-15,3107,3107,2971,63
633,22.501367,120.525775,2,7,2822,2024-05-16,2024-07-14,2822,2822,3032,60
634,22.501367,120.525775,2,9,3051,2024-07-15,2024-09-15,3051,3051,3224,63
635,22.501367,120.525775,2,11,2919,2024-09-16,2024-11-14,2919,2919,3020,60
636,22.557408,120.524761,2,7,1977,2024-04-29,2024-06-26,1977,2547,2003,59
637,22.557408,120.524761,2,9,2199,2024-06-27,2024-08-28,2199,2853,1977,63
638,22.557408,120.524761,2,11,2097,2024-08-29,2024-10-29,2097,2658,2007,62
639,22.557408,120.524761,2,1,1913,2024-10-30,2024-12-26,1913,2175,1990,58
640,22.557186,120.524558,2,7,2001,2024-04-29,2024-06-26,2001,2547,2026,59
641,22.557186,120.524558,2,9,2167,2024-06-27,2024-08-28,2167,2853,1991,63
642,22.557186,120.524558,2,11,2080,2024-08-29,2024-10-29,2080,2658,2014,62
643,22.557186,120.524558,2,1,1940,2024-10-30,2024-12-26,1940,2175,2001,58
644,22.579586,120.526161,2,6,3131,2024-04-03,2024-06-04,3131,2212,3135,63
645,22.579586,120.526161,2,8,3289,2024-06-05,2024-08-06,3289,2216,3277,63
646,22.579586,120.526161,2,10,2909,2024-08-07,2024-10-06,2909,1572,3184,61
647,22.579586,120.526161,2,12,3017,2024-10-07,2024-12-05,3017,1592,2818,60
648,,,,5,3968,2024-04-09,2024-05-09,3968,無,4589,31
649,,,,6,3140,2024-05-10,2024-06-06,3140,無,4479,28
650,,,,7,4096,2024-06-07,2024-07-08,4096,無,4912,32
651,,,,8,3694,2024-07-09,2024-08-08,3694,無,4075,31
652,,,,9,3718,2024-08-09,2024-09-09,3718,無,4082,32
653,,,,10,2947,2024-09-10,2024-10-08,2947,無,3739,29
654,,,,11,3370,2024-10-09,2024-11-10,3370,無,3756,33
655,,,,12,2594,2024-11-11,2024-12-09,2594,無,3642,29
656,22.680347,120.563311,2,5,2097,2024-03-13,2024-05-14,2097,513,1940,63
657,22.680347,120.563311,2,7,1945,2024-05-15,2024-07-11,1945,624,1934,58
658,22.680347,120.563311,2,9,2115,2024-07-12,2024-09-12,2115,710,2068,63
659,22.680347,120.563311,2,11,2033,2024-09-13,2024-11-13,2033,461,2011,62
660,22.7058,120.539336,2,6,1684,2024-04-01,2024-05-29,1684,1523,1620,59
661,22.7058,120.539336,2,8,1825,2024-05-30,2024-08-04,1825,1719,1727,67
662,22.7058,120.539336,2,10,1706,2024-08-05,2024-10-02,1706,1535,1666,59
663,22.7058,120.539336,2,12,1667,2024-10-03,2024-12-03,1667,1546,1639,62
664,22.704642,120.541133,2,6,1876,2024-04-01,2024-05-29,1876,1523,1709,59
665,22.704642,120.541133,2,8,1967,2024-05-30,2024-08-04,1967,1719,1800,67
666,22.704642,120.541133,2,10,1803,2024-08-05,2024-10-02,1803,1535,1828,59
667,22.704642,120.541133,2,12,1778,2024-10-03,2024-12-03,1778,1546,1740,62
668,22.682775,120.563086,2,5,2201,2024-03-08,2024-05-09,2201,1702,2153,63
669,22.682775,120.563086,2,7,2063,2024-05-10,2024-07-08,2063,1787,2056,60
670,22.682775,120.563086,2,9,2205,2024-07-09,2024-09-09,2205,1937,2309,63
671,22.682775,120.563086,2,11,2115,2024-09-10,2024-11-10,2115,1783,2197,62
672,22.749792,120.496839,3,5,3397,2024-03-13,2024-05-14,3397,1344,3165,63
673,22.749792,120.496839,3,7,3213,2024-05-15,2024-07-11,3213,1417,3331,58
674,22.749792,120.496839,3,9,3442,2024-07-12,2024-09-12,3442,1419,3344,63
675,22.749792,120.496839,3,11,3349,2024-09-13,2024-11-13,3349,1195,3373,62
676,25.07763056,121.5166028,4,5,2634,2024-03-05,2024-05-06,2634,2634,2359,63
677,25.07763056,121.5166028,4,7,2498,2024-05-07,2024-07-03,2498,2498,2458,58
678,25.07763056,121.5166028,4,9,2697,2024-07-04,2024-09-04,2697,2697,2772,63
679,25.07763056,121.5166028,4,11,2656,2024-09-05,2024-11-05,2656,2656,2676,62
680,25.052742,121.631281,4,6,2378,2024-04-10,2024-06-10,2378,3726,2094,62
681,25.052742,121.631281,4,8,2446,2024-06-11,2024-08-11,2446,4929,2295,62
682,25.052742,121.631281,4,10,2349,2024-08-12,2024-10-10,2349,4490,2452,60
683,25.052742,121.631281,4,12,2273,2024-10-11,2024-12-10,2273,3162,2349,61
684,25.050319,121.628156,4,6,2177,2024-04-10,2024-06-10,2177,3726,1967,62
685,25.050319,121.628156,4,8,2255,2024-06-11,2024-08-11,2255,4929,2191,62
686,25.050319,121.628156,4,10,2158,2024-08-12,2024-10-10,2158,4490,2292,60
687,25.050319,121.628156,4,12,2111,2024-10-11,2024-12-10,2111,3162,2186,61
688,25.036533,121.621386,4,6,2523,2024-04-11,2024-06-11,2523,1265,2328,62
689,25.036533,121.621386,4,8,2637,2024-06-12,2024-08-12,2637,1575,2656,62
690,25.036533,121.621386,4,10,2589,2024-08-13,2024-10-13,2589,1356,2589,62
691,25.036533,121.621386,4,12,2357,2024-10-14,2024-12-11,2357,1253,2537,59
692,25.042389,121.624789,5,6,2368,2024-04-12,2024-06-12,2368,2753,2116,62
693,25.042389,121.624789,5,8,2463,2024-06-13,2024-08-13,2463,3502,2446,62
694,25.042389,121.624789,5,10,2461,2024-08-14,2024-10-14,2461,3439,2525,62
695,25.042389,121.624789,5,12,2218,2024-10-15,2024-12-12,2218,2217,2156,59
696,25.035036,121.624719,3,6,1951,2024-04-15,2024-06-13,1951,1064,1802,60
697,25.035036,121.624719,3,8,2094,2024-06-14,2024-08-14,2094,1261,2070,62
698,25.035036,121.624719,3,10,2072,2024-08-15,2024-10-15,2072,1295,2133,62
699,25.035036,121.624719,3,12,1924,2024-10-16,2024-12-15,1924,962,1889,61
700,25.035183,121.623019,3,6,2064,2024-04-15,2024-06-13,2064,1064,1986,60
701,25.035183,121.623019,3,8,2295,2024-06-14,2024-08-14,2295,1261,2279,62
702,25.035183,121.623019,3,10,2040,2024-08-15,2024-10-15,2040,1295,2365,62
703,25.035183,121.623019,3,12,2019,2024-10-16,2024-12-15,2019,962,2098,61
704,25.06564444,121.6135194,2,6,3219,2024-04-02,2024-06-03,3219,3219,3001,63
705,25.06564444,121.6135194,2,8,3305,2024-06-04,2024-08-05,3305,3305,3120,63
706,25.06564444,121.6135194,2,10,3061,2024-08-06,2024-10-03,3061,3061,3179,59
707,25.06564444,121.6135194,2,12,3074,2024-10-04,2024-12-04,3074,3074,3130,62
708,25.064006,121.598733,2,6,2085,2024-04-18,2024-06-18,2085,2085,1841,62
709,25.064006,121.598733,2,8,2161,2024-06-19,2024-08-19,2161,2161,2110,62
710,25.064006,121.598733,2,10,2130,2024-08-20,2024-10-20,2130,2130,2188,62
711,25.064006,121.598733,2,12,1938,2024-10-21,2024-12-18,1938,1938,1867,59
712,25.064911,121.607778,3,6,4295,2024-04-18,2024-06-18,4295,2823,3428,62
713,25.064911,121.607778,3,8,3349,2024-06-19,2024-08-19,3349,3571,3912,62
714,25.064911,121.607778,3,10,3361,2024-08-20,2024-10-20,3361,3327,4066,62
715,25.064911,121.607778,3,12,3073,2024-10-21,2024-12-18,3073,2140,3517,59
716,25.065544,121.588044,2,7,2132,2024-04-26,2024-06-25,2132,1676,1993,61
717,25.065544,121.588044,2,9,2267,2024-06-26,2024-08-27,2267,1780,2312,63
718,25.065544,121.588044,2,11,2180,2024-08-28,2024-10-28,2180,1775,2165,62
719,25.065544,121.588044,2,1,1956,2024-10-29,2024-12-25,1956,1623,2109,58
720,25.06898611,121.5802306,2,5,2239,2024-03-04,2024-05-05,2239,2490,2070,63
721,25.06898611,121.5802306,2,7,2106,2024-05-06,2024-07-02,2106,3062,2066,58
722,25.06898611,121.5802306,2,9,2352,2024-07-03,2024-09-03,2352,4038,2355,63
723,25.06898611,121.5802306,2,11,2232,2024-09-04,2024-11-04,2232,3244,2173,62
724,23.985844,120.652714,4,6,3868,2024-04-17,2024-06-17,3868,3736,3614,62
725,23.985844,120.652714,4,8,4002,2024-06-18,2024-08-18,4002,4257,3834,62
726,23.985844,120.652714,4,10,3784,2024-08-19,2024-10-17,3784,4056,4067,60
727,23.985844,120.652714,4,12,3784,2024-10-18,2024-12-17,3784,3023,3509,61
728,24.01894444,120.6631611,4,6,4812,2024-04-18,2024-06-18,4812,1836,4335,62
729,24.01894444,120.6631611,4,8,5070,2024-06-19,2024-08-19,5070,2323,4931,62
730,24.01894444,120.6631611,4,10,5002,2024-08-20,2024-10-20,5002,2195,5155,62
731,24.01894444,120.6631611,4,12,4564,2024-10-21,2024-12-18,4564,1293,4422,59
732,23.955503,120.661267,4,6,2306,2024-04-01,2024-05-29,2306,1813,2325,59
733,23.955503,120.661267,4,8,2711,2024-05-30,2024-08-04,2711,2371,2371,67
734,23.955503,120.661267,4,10,2372,2024-08-05,2024-10-02,2372,2095,2452,59
735,23.955503,120.661267,4,12,2426,2024-10-03,2024-12-03,2426,1900,2428,62
736,23.957103,120.657614,4,6,2481,2024-04-01,2024-05-29,2481,1813,2568,59
737,23.957103,120.657614,4,8,3002,2024-05-30,2024-08-04,3002,2371,2624,67
738,23.957103,120.657614,4,10,2630,2024-08-05,2024-10-02,2630,2095,2670,59
739,23.957103,120.657614,4,12,2620,2024-10-03,2024-12-03,2620,1900,2677,62
740,23.906781,120.702828,3,5,3310,2024-03-08,2024-05-09,3310,2982,2818,63
741,23.906781,120.702828,3,7,3263,2024-05-10,2024-07-08,3263,3621,3212,60
742,23.906781,120.702828,3,9,3429,2024-07-09,2024-09-09,3429,3432,3300,63
743,23.906781,120.702828,3,11,3286,2024-09-10,2024-11-10,3286,3217,3186,62
744,23.937928,120.676853,3,6,4321,2024-04-09,2024-06-06,4321,2081,3935,59
745,23.937928,120.676853,3,8,4671,2024-06-07,2024-08-08,4671,2533,4164,63
746,23.937928,120.676853,3,10,4351,2024-08-09,2024-10-08,4351,2385,4257,61
747,23.937928,120.676853,3,12,4145,2024-10-09,2024-12-09,4145,2097,4226,62
748,23.882031,120.709186,3,5,3398,2024-03-04,2024-05-05,3398,2201,2689,63
749,23.882031,120.709186,3,7,3171,2024-05-06,2024-07-02,3171,2268,3177,58
750,23.882031,120.709186,3,9,3453,2024-07-03,2024-09-03,3453,2872,3233,63
751,23.882031,120.709186,3,11,3359,2024-09-04,2024-11-04,3359,2212,3253,62
752,,,,5,1389,2024-03-04,2024-05-05,1389,無,1232,63
753,,,,7,1490,2024-05-06,2024-07-02,1490,無,1393,58
754,,,,9,1615,2024-07-03,2024-09-03,1615,無,1578,63
755,,,,11,1449,2024-09-04,2024-11-04,1449,無,1464,62
756,23.814836,120.700003,3,6,3224,2024-04-17,2024-06-17,3224,1188,3016,62
757,23.814836,120.700003,3,8,3374,2024-06-18,2024-08-18,3374,1505,3379,62
758,23.814836,120.700003,3,10,3256,2024-08-19,2024-10-17,3256,1264,3521,60
759,23.814836,120.700003,3,12,3115,2024-10-18,2024-12-17,3115,1098,3128,61
760,23.787486,120.704519,3,5,706,2024-03-19,2024-05-20,706,無,742,63
761,23.787486,120.704519,3,7,559,2024-05-21,2024-07-17,559,無,560,58
762,23.787486,120.704519,3,9,88,2024-07-18,2024-09-19,*88,無,396,64
763,23.787486,120.704519,3,11,40,2024-09-20,2024-11-19,*40,無,619,61
764,24.060653,120.670964,3,6,2305,2024-04-10,2024-06-10,2305,3653,2083,62
765,24.060653,120.670964,3,8,2385,2024-06-11,2024-08-11,2385,4145,2238,62
766,24.060653,120.670964,3,10,2266,2024-08-12,2024-10-10,2266,3780,2332,60
767,24.060653,120.670964,3,12,2201,2024-10-11,2024-12-10,2201,3218,2211,61
768,24.060428,120.671533,3,6,2347,2024-04-10,2024-06-10,2347,3653,2240,62
769,24.060428,120.671533,3,8,2444,2024-06-11,2024-08-11,2444,4145,2411,62
770,24.060428,120.671533,3,10,2328,2024-08-12,2024-10-10,2328,3780,2513,60
771,24.060428,120.671533,3,12,2262,2024-10-11,2024-12-10,2262,3218,2337,61
772,24.040994,120.677853,4,6,2581,2024-04-11,2024-06-11,2581,2662,2294,62
773,24.040994,120.677853,4,8,2723,2024-06-12,2024-08-12,2723,3047,2504,62
774,24.040994,120.677853,4,10,2689,2024-08-13,2024-10-13,2689,2913,2440,62
775,24.040994,120.677853,4,12,2457,2024-10-14,2024-12-11,2457,2410,2461,59
776,24.037419,120.675925,4,6,2615,2024-04-11,2024-06-11,2615,2662,2320,62
777,24.037419,120.675925,4,8,2786,2024-06-12,2024-08-12,2786,3047,2592,62
778,24.037419,120.675925,4,10,2749,2024-08-13,2024-10-13,2749,2913,2529,62
779,24.037419,120.675925,4,12,2480,2024-10-14,2024-12-11,2480,2410,2552,59
780,22.627819,120.336222,3,6,3531,2024-03-28,2024-05-28,3531,1287,3427,62
781,22.627819,120.336222,3,8,3852,2024-05-29,2024-08-01,3852,1525,3490,65
782,22.627819,120.336222,3,10,3531,2024-08-02,2024-10-01,3531,1363,3486,61
783,22.627819,120.336222,3,12,3499,2024-10-02,2024-12-02,3499,1274,3571,62
784,22.609428,120.339608,4,5,2722,2024-03-11,2024-05-12,2722,962,2489,63
785,22.609428,120.339608,4,7,2619,2024-05-13,2024-07-09,2619,1062,2467,58
786,22.609428,120.339608,4,9,2759,2024-07-10,2024-09-10,2759,1108,2609,63
787,22.609428,120.339608,4,11,2669,2024-09-11,2024-11-11,2669,983,2602,62
788,22.619119,120.336647,4,6,2540,2024-04-16,2024-06-16,2540,1117,2429,62
789,22.619119,120.336647,4,8,2703,2024-06-17,2024-08-15,2703,1277,2645,60
790,22.619119,120.336647,4,10,2669,2024-08-16,2024-10-16,2669,1138,2766,62
791,22.619119,120.336647,4,12,2551,2024-10-17,2024-12-16,2551,961,2518,61
792,22.658892,120.332081,5,7,4386,2024-04-26,2024-06-25,4386,2817,4252,61
793,22.658892,120.332081,5,9,4592,2024-06-26,2024-08-27,4592,3633,4694,63
794,22.658892,120.332081,5,11,4519,2024-08-28,2024-10-28,4519,3041,4364,62
795,22.658892,120.332081,5,1,4105,2024-10-29,2024-12-25,4105,2173,4442,58
796,22.581933,120.32315,2,6,2789,2024-03-28,2024-05-28,2789,1232,2618,62
797,22.581933,120.32315,2,8,2973,2024-05-29,2024-08-01,2973,1439,2711,65
798,22.581933,120.32315,2,10,2774,2024-08-02,2024-10-01,2774,1327,2709,61
799,22.581933,120.32315,2,12,2757,2024-10-02,2024-12-02,2757,1002,2736,62
800,22.703364,120.328181,4,5,4448,2024-03-07,2024-05-08,4448,2725,3939,63
801,22.703364,120.328181,4,7,4145,2024-05-09,2024-07-07,4145,2995,4183,60
802,22.703364,120.328181,4,9,4525,2024-07-08,2024-09-08,4525,3140,4192,63
803,22.703364,120.328181,4,11,4400,2024-09-09,2024-11-07,4400,2696,4202,60
804,22.769197,120.441839,3,6,3172,2024-04-10,2024-06-10,3172,2246,3060,62
805,22.769197,120.441839,3,8,3120,2024-06-11,2024-08-11,3120,2317,3354,62
806,22.769197,120.441839,3,10,3189,2024-08-12,2024-10-10,3189,1978,3347,60
807,22.769197,120.441839,3,12,3240,2024-10-11,2024-12-10,3240,1925,3249,61
808,23.724425,120.601786,3,6,3313,2024-04-11,2024-06-11,3313,1242,2857,62
809,23.724425,120.601786,3,8,3220,2024-06-12,2024-08-12,3220,1345,3110,62
810,23.724425,120.601786,3,10,3297,2024-08-13,2024-10-13,3297,1246,3247,62
811,23.724425,120.601786,3,12,3253,2024-10-14,2024-12-11,3253,1117,3162,59
812,23.649142,120.57295,3,5,3227,2024-03-11,2024-05-12,3227,1594,3012,63
813,23.649142,120.57295,3,7,3062,2024-05-13,2024-07-09,3062,1628,3155,58
814,23.649142,120.57295,3,9,3209,2024-07-10,2024-09-10,3209,1743,3436,63
815,23.649142,120.57295,3,11,3130,2024-09-11,2024-11-11,3130,1653,3164,62
816,23.618203,120.558567,3,6,3165,2024-04-10,2024-06-10,3165,932,2857,62
817,23.618203,120.558567,3,8,3534,2024-06-11,2024-08-11,3534,1102,3053,62
818,23.618203,120.558567,3,10,3375,2024-08-12,2024-10-10,3375,1035,3193,60
819,23.618203,120.558567,3,12,3314,2024-10-11,2024-12-10,3314,968,3126,61
820,,,,5,1514,2024-04-10,2024-05-12,1514,無,1323,33
821,,,,6,1498,2024-05-13,2024-06-10,1498,無,1380,29
822,,,,7,1948,2024-06-11,2024-07-09,1948,無,1568,29
823,,,,8,1615,2024-07-10,2024-08-11,1615,無,1590,33
824,,,,9,1568,2024-08-12,2024-09-10,1568,無,1763,30
825,,,,10,1301,2024-09-11,2024-10-10,1301,無,1519,30
826,,,,11,1357,2024-10-11,2024-11-11,1357,無,1440,32
827,,,,12,1039,2024-11-12,2024-12-10,1039,無,1382,29
828,23.606792,120.532511,3,6,3280,2024-04-11,2024-06-11,3280,905,2894,62
829,23.606792,120.532511,3,8,3369,2024-06-12,2024-08-12,3369,1058,2982,62
830,23.606792,120.532511,3,10,3212,2024-08-13,2024-10-13,3212,944,3338,62
831,23.606792,120.532511,3,12,3183,2024-10-14,2024-12-11,3183,834,3129,59
832,23.775581,120.6259,3,6,3328,2024-04-11,2024-06-11,3328,1306,3021,62
833,23.775581,120.6259,3,8,3261,2024-06-12,2024-08-12,3261,1333,3373,62
834,23.775581,120.6259,3,10,3183,2024-08-13,2024-10-13,3183,1270,3474,62
835,23.775581,120.6259,3,12,2932,2024-10-14,2024-12-11,2932,1451,2977,59
836,23.677375,120.462281,4,6,3872,2024-04-02,2024-06-03,3872,2153,3766,63
837,23.677375,120.462281,4,8,3908,2024-06-04,2024-08-05,3908,3071,3736,63
838,23.677375,120.462281,4,10,3672,2024-08-06,2024-10-03,3672,2700,3652,59
839,23.677375,120.462281,4,12,3742,2024-10-04,2024-12-04,3742,2975,4046,62
840,23.702603,120.474917,3,6,3388,2024-04-03,2024-06-04,3388,1476,3103,63
841,23.702603,120.474917,3,8,3185,2024-06-05,2024-08-06,3185,1785,3447,63
842,23.702603,120.474917,3,10,3190,2024-08-07,2024-10-06,3190,1686,3223,61
843,23.702603,120.474917,3,12,3240,2024-10-07,2024-12-05,3240,1481,3441,60
844,23.766328,120.469342,3,5,3378,2024-03-07,2024-05-08,3378,2039,3015,63
845,23.766328,120.469342,3,7,3045,2024-05-09,2024-07-07,3045,1356,3215,60
846,23.766328,120.469342,3,9,3406,2024-07-08,2024-09-08,3406,1603,3428,63
847,23.766328,120.469342,3,11,3332,2024-09-09,2024-11-07,3332,1586,3127,60
848,23.639556,120.443114,3,6,3321,2024-04-18,2024-06-18,3321,1288,2953,62
849,23.639556,120.443114,3,8,3477,2024-06-19,2024-08-19,3477,2000,3036,62
850,23.639556,120.443114,3,10,3280,2024-08-20,2024-10-20,3280,2145,3248,62
851,23.639556,120.443114,3,12,3222,2024-10-21,2024-12-18,3222,3490,3977,59
852,,,,5,736,2024-04-18,2024-05-20,736,無,642,33
853,,,,6,769,2024-05-21,2024-06-18,769,無,707,29
854,,,,7,841,2024-06-19,2024-07-17,841,無,1416,29
855,,,,8,892,2024-07-18,2024-08-19,892,無,1793,33
856,,,,9,817,2024-08-20,2024-09-19,817,無,1321,31
857,,,,10,857,2024-09-20,2024-10-20,857,無,853,31
858,,,,11,812,2024-10-21,2024-11-19,812,無,601,30
859,,,,12,597,2024-11-20,2024-12-18,597,無,662,29
860,,,,6,40,2024-04-18,2024-06-18,40,1288,40,62
861,,,,8,40,2024-06-19,2024-08-19,40,2000,40,62
862,,,,9,0,2024-08-20,2024-08-29,0,545,無,10
863,23.347469,120.322192,3,6,3117,2024-04-17,2024-06-17,3117,3117,3092,62
864,23.347469,120.322192,3,8,3293,2024-06-18,2024-08-18,3293,3293,3605,62
865,23.347469,120.322192,3,10,3232,2024-08-19,2024-10-17,3232,3232,3718,60
866,23.347469,120.322192,3,12,3159,2024-10-18,2024-12-17,3159,3159,3241,61
867,23.320994,120.298703,3,6,3413,2024-04-17,2024-06-17,3413,2693,3166,62
868,23.320994,120.298703,3,8,3397,2024-06-18,2024-08-18,3397,2836,3440,62
869,23.320994,120.298703,3,10,3374,2024-08-19,2024-10-17,3374,2779,3694,60
870,23.320994,120.298703,3,12,3229,2024-10-18,2024-12-17,3229,2189,3269,61
871,23.244994,120.367378,3,5,3424,2024-03-15,2024-05-16,3424,1660,2965,63
872,23.244994,120.367378,3,7,3240,2024-05-17,2024-07-15,3240,1615,3307,60
873,23.244994,120.367378,3,9,3425,2024-07-16,2024-09-17,3425,1704,3372,64
874,23.244994,120.367378,3,11,3237,2024-09-18,2024-11-17,3237,1621,3210,61
875,23.203275,120.355461,3,6,3408,2024-04-17,2024-06-17,3408,1241,3126,62
876,23.203275,120.355461,3,8,3464,2024-06-18,2024-08-18,3464,1450,3331,62
877,23.203275,120.355461,3,10,3302,2024-08-19,2024-10-17,3302,1285,3727,60
878,23.203275,120.355461,3,12,3241,2024-10-18,2024-12-17,3241,1107,3298,61
879,23.140751,120.23327,3,7,3468,2024-04-29,2024-06-26,3468,1663,3169,59
880,23.140751,120.23327,3,9,3675,2024-06-27,2024-08-28,3675,1955,1831,63
881,23.140751,120.23327,3,11,3476,2024-08-29,2024-10-29,3476,1821,2521,62
882,23.140751,120.23327,3,1,3184,2024-10-30,2024-12-26,3184,1381,3015,58
883,23.197286,120.236422,3,6,3495,2024-03-28,2024-05-28,3495,1749,3322,62
884,23.197286,120.236422,3,8,3716,2024-05-29,2024-08-01,3716,2050,3438,65
885,23.197286,120.236422,3,10,3611,2024-08-02,2024-10-01,3611,2049,3346,61
886,23.197286,120.236422,3,12,3486,2024-10-02,2024-12-02,3486,1590,3363,62
887,23.296692,120.404164,3,6,3148,2024-04-01,2024-05-29,3148,1639,2995,59
888,23.296692,120.404164,3,8,3340,2024-05-30,2024-08-04,3340,2285,3340,67
889,23.296692,120.404164,3,10,3244,2024-08-05,2024-10-02,3244,2948,3141,59
890,23.296692,120.404164,3,12,3141,2024-10-03,2024-12-03,3141,1991,3261,62
891,23.279281,120.390253,3,6,3492,2024-04-02,2024-06-03,3492,1061,3293,63
892,23.279281,120.390253,3,8,3409,2024-06-04,2024-08-05,3409,1173,3652,63
893,23.279281,120.390253,3,10,3233,2024-08-06,2024-10-03,3233,1042,3427,59
894,23.279281,120.390253,3,12,3279,2024-10-04,2024-12-04,3279,1049,3419,62
895,23.272589,120.265769,3,6,3428,2024-04-18,2024-06-18,3428,971,3050,62
896,23.272589,120.265769,3,8,3539,2024-06-19,2024-08-19,3539,1107,3312,62
897,23.272589,120.265769,3,10,3255,2024-08-20,2024-10-20,3255,963,3608,62
898,23.272589,120.265769,3,12,3225,2024-10-21,2024-12-18,3225,871,3120,59
899,,,,5,743,2024-04-08,2024-05-08,743,無,621,31
900,,,,6,781,2024-05-09,2024-06-05,781,無,662,28
901,,,,7,892,2024-06-06,2024-07-07,892,無,884,32
902,,,,8,848,2024-07-08,2024-08-07,848,無,786,31
903,,,,9,725,2024-08-08,2024-09-08,725,無,934,32
904,,,,10,876,2024-09-09,2024-10-07,876,無,988,29
905,,,,11,773,2024-10-08,2024-11-07,773,無,765,31
906,,,,12,643,2024-11-08,2024-12-08,643,無,667,31
907,,,,6,1316,2024-03-26,2024-05-26,1316,無,1182,62
908,,,,8,1522,2024-05-27,2024-07-28,1522,無,1406,63
909,,,,10,1348,2024-07-29,2024-09-25,1348,無,1434,59
910,,,,12,1311,2024-09-26,2024-11-26,1311,無,1381,62
911,23.361253,120.436356,3,7,3448,2024-04-26,2024-06-25,3448,1304,3122,61
912,23.361253,120.436356,3,9,3448,2024-06-26,2024-08-27,3448,1444,3282,63
913,23.361253,120.436356,3,11,3448,2024-08-28,2024-10-28,3448,1416,3129,62
914,23.361253,120.436356,3,1,1540,2024-10-29,2024-12-25,1540,1079,2961,58
915,24.67931667,120.9042667,3,6,3245,2024-04-01,2024-05-29,3245,1619,3137,59
916,24.67931667,120.9042667,3,8,3889,2024-05-30,2024-08-04,3889,2234,3381,67
917,24.67931667,120.9042667,3,10,3266,2024-08-05,2024-10-02,3266,2038,3356,59
918,24.67931667,120.9042667,3,12,3298,2024-10-03,2024-12-03,3298,1658,3360,62
919,24.698006,120.860086,3,5,3299,2024-03-08,2024-05-09,3299,2781,3099,63
920,24.698006,120.860086,3,7,3255,2024-05-10,2024-07-08,3255,2352,3129,60
921,24.698006,120.860086,3,9,3469,2024-07-09,2024-09-09,3469,2632,3419,63
922,24.698006,120.860086,3,11,3310,2024-09-10,2024-11-10,3310,2177,3169,62
923,24.711383,120.889639,3,5,3223,2024-03-13,2024-05-14,3223,1840,3003,63
924,24.711383,120.889639,3,7,3177,2024-05-15,2024-07-11,3177,2010,3062,58
925,24.711383,120.889639,3,9,3460,2024-07-12,2024-09-12,3460,2420,3311,63
926,24.711383,120.889639,3,11,3247,2024-09-13,2024-11-13,3247,2042,3180,62
927,,,,5,794,2024-04-17,2024-05-19,794,無,628,33
928,,,,6,891,2024-05-20,2024-06-17,891,無,787,29
929,,,,7,1194,2024-06-18,2024-07-16,1194,無,946,29
930,,,,8,1390,2024-07-17,2024-08-18,1390,無,954,33
931,,,,9,1242,2024-08-19,2024-09-18,1242,無,1003,31
932,,,,10,962,2024-09-19,2024-10-17,962,無,926,29
933,,,,11,808,2024-10-18,2024-11-18,808,無,625,32
934,,,,12,564,2024-11-19,2024-12-17,564,無,592,29
935,24.550442,120.838925,3,6,3360,2024-04-11,2024-06-11,3360,930,3096,62
936,24.550442,120.838925,3,8,3180,2024-06-12,2024-08-12,3180,1291,2998,62
937,24.550442,120.838925,3,10,3134,2024-08-13,2024-10-13,3134,1240,3315,62
938,24.550442,120.838925,3,12,3685,2024-10-14,2024-12-11,3685,1279,3230,59
939,24.485919,120.781903,3,5,3438,2024-03-06,2024-05-07,3438,1458,3078,63
940,24.485919,120.781903,3,7,3231,2024-05-08,2024-07-04,3231,1434,3218,58
941,24.485919,120.781903,3,9,3640,2024-07-05,2024-09-05,3640,1715,3350,63
942,24.485919,120.781903,3,11,3468,2024-09-06,2024-11-06,3468,1428,3459,62
943,24.579642,120.764417,3,6,3160,2024-04-03,2024-06-04,3160,1378,2816,63
944,24.579642,120.764417,3,8,3252,2024-06-05,2024-08-06,3252,1721,3276,63
945,24.579642,120.764417,3,10,2994,2024-08-07,2024-10-06,2994,1615,3212,61
946,24.579642,120.764417,3,12,3038,2024-10-07,2024-12-05,3038,1303,2972,60
947,24.420514,120.775731,3,6,3297,2024-03-26,2024-05-26,3297,2300,3137,62
948,24.420514,120.775731,3,8,3726,2024-05-27,2024-07-28,3726,3328,3180,63
949,24.420514,120.775731,3,10,3239,2024-07-29,2024-09-25,3239,3324,3335,59
950,24.420514,120.775731,3,12,3325,2024-09-26,2024-11-26,3325,2482,3347,62
951,24.627161,120.814006,3,6,3349,2024-04-10,2024-06-10,3349,1497,2876,62
952,24.627161,120.814006,3,8,3524,2024-06-11,2024-08-11,3524,1881,3246,62
953,24.627161,120.814006,3,10,3224,2024-08-12,2024-10-10,3224,1632,3232,60
954,24.627161,120.814006,3,12,3100,2024-10-11,2024-12-10,3100,1466,3318,61
955,,,,5,1003,2024-04-10,2024-05-12,1003,無,793,33
956,,,,6,927,2024-05-13,2024-06-10,927,無,944,29
957,,,,7,1291,2024-06-11,2024-07-09,1291,無,1264,29
958,,,,8,1512,2024-07-10,2024-08-11,1512,無,1274,33
959,,,,9,1205,2024-08-12,2024-09-10,1205,無,1338,30
960,,,,10,1086,2024-09-11,2024-10-10,1086,無,1113,30
961,,,,11,967,2024-10-11,2024-11-11,967,無,907,32
962,,,,12,710,2024-11-12,2024-12-10,710,無,730,29
963,24.655964,120.838242,3,6,3117,2024-04-10,2024-06-10,3117,1564,2903,62
964,24.655964,120.838242,3,8,3478,2024-06-11,2024-08-11,3478,1835,3162,62
965,24.655964,120.838242,3,10,3357,2024-08-12,2024-10-10,3357,1764,3304,60
966,24.655964,120.838242,3,12,3300,2024-10-11,2024-12-10,3300,1571,3199,61
967,24.531125,120.733253,3,6,3645,2024-03-25,2024-05-23,3645,3645,3245,60
968,24.531125,120.733253,3,8,3729,2024-05-24,2024-07-25,3729,3729,3359,63
969,24.531125,120.733253,3,10,3414,2024-07-26,2024-09-24,3414,3414,3557,61
970,24.531125,120.733253,3,12,3218,2024-09-25,2024-11-25,3218,3218,3466,62
971,24.467308,120.681217,3,5,3458,2024-02-27,2024-05-02,3458,6167,2960,66
972,24.467308,120.681217,3,7,3240,2024-05-03,2024-07-01,3240,7197,3460,60
973,24.467308,120.681217,3,9,3371,2024-07-02,2024-09-02,3371,7814,3338,63
974,24.467308,120.681217,3,11,3315,2024-09-03,2024-11-03,3315,7490,3119,62
975,24.467308,120.681217,3,1,2969,2024-11-04,2024-12-29,2969,6068,3247,56
976,,,,5,1080,2024-04-03,2024-05-07,1080,無,920,35
977,,,,6,880,2024-05-08,2024-06-04,880,無,1000,28
978,,,,7,1440,2024-06-05,2024-07-04,1440,無,1400,30
979,,,,8,1600,2024-07-05,2024-08-06,1600,無,1320,33
980,,,,9,1320,2024-08-07,2024-09-05,1320,無,1400,30
981,,,,10,1200,2024-09-06,2024-10-06,1200,無,1120,31
982,,,,11,880,2024-10-07,2024-11-06,880,無,920,31
983,,,,12,600,2024-11-07,2024-12-05,600,無,760,29
