Station,gantry,Latitude,Longitude,Lane Count,Billing Month,Electricity Consumption (kWh),Billing Period (Start),Billing Period (End)
泰山,01F-023.3N,25.07301944,121.5307028,4,7,2453,2024-04-29,2024-06-26
泰山,01F-023.3N,25.07301944,121.5307028,4,9,2672,2024-06-27,2024-08-28
泰山,01F-023.3N,25.07301944,121.5307028,4,11,2605,2024-08-29,2024-10-29
泰山,01F-023.3N,25.07301944,121.5307028,4,1,2294,2024-10-30,2024-12-26
泰山,01F-025.6N,25.07806667,121.5091056,4,5,2645,2024-02-27,2024-05-02
泰山,01F-025.6N,25.07806667,121.5091056,4,7,2486,2024-05-03,2024-07-01
泰山,01F-025.6N,25.07806667,121.5091056,4,9,2651,2024-07-02,2024-09-02
泰山,01F-025.6N,25.07806667,121.5091056,4,11,2558,2024-09-03,2024-11-03
泰山,01F-025.6N,25.07806667,121.5091056,4,1,2215,2024-11-04,2024-12-29
泰山,01H-020.6S,25.07275,121.557739,2,7,2073,2024-04-25,2024-06-24
泰山,01H-020.6S,25.07275,121.557739,2,9,2183,2024-06-25,2024-08-26
泰山,01H-020.6S,25.07275,121.557739,2,11,2141,2024-08-27,2024-10-27
泰山,01H-020.6S,25.07275,121.557739,2,1,1902,2024-10-28,2024-12-24
泰山,01F-021.3N,25.073053,121.550358,2,7,2287,2024-04-25,2024-06-24
泰山,01F-021.3N,25.073053,121.550358,2,9,2428,2024-06-25,2024-08-26
泰山,01F-021.3N,25.073053,121.550358,2,11,2406,2024-08-27,2024-10-27
泰山,01F-021.3N,25.073053,121.550358,2,1,2087,2024-10-28,2024-12-24
泰山,01H-020.0N,25.070994,121.562519,2,6,2091,2024-04-18,2024-06-18
泰山,01H-020.0N,25.070994,121.562519,2,8,2180,2024-06-19,2024-08-19
泰山,01H-020.0N,25.070994,121.562519,2,10,2190,2024-08-20,2024-10-20
泰山,01H-020.0N,25.070994,121.562519,2,12,1960,2024-10-21,2024-12-18
泰山,01H-020.8N,25.072261,121.555014,2,6,2090,2024-04-18,2024-06-18
泰山,01H-020.8N,25.072261,121.555014,2,8,2168,2024-06-19,2024-08-19
泰山,01H-020.8N,25.072261,121.555014,2,10,2151,2024-08-20,2024-10-20
泰山,01H-020.8N,25.072261,121.555014,2,12,1914,2024-10-21,2024-12-18
樹林,03A-001.5SN,25.011819,121.562375,2,6,2840,2024-04-12,2024-06-12
樹林,03A-001.5SN,25.011819,121.562375,2,8,2869,2024-06-13,2024-08-13
樹林,03A-001.5SN,25.011819,121.562375,2,10,2861,2024-08-14,2024-10-14
樹林,03A-001.5SN,25.011819,121.562375,2,12,2675,2024-10-15,2024-12-12
樹林,03F-030.1SN,24.96255,121.530572,3,6,3465,2024-03-25,2024-05-23
樹林,03F-030.1SN,24.96255,121.530572,3,8,3678,2024-05-24,2024-07-25
樹林,03F-030.1SN,24.96255,121.530572,3,10,3527,2024-07-26,2024-09-24
樹林,03F-030.1SN,24.96255,121.530572,3,12,3479,2024-09-25,2024-11-25
樹林,03F-030.1SN,24.96255,121.530572,3,7,4536,2024-04-25,2024-06-24
樹林,03F-030.1SN,24.96255,121.530572,3,9,4799,2024-06-25,2024-08-26
樹林,03F-030.1SN,24.96255,121.530572,3,11,4621,2024-08-27,2024-10-27
樹林,03F-030.1SN,24.96255,121.530572,3,1,4056,2024-10-28,2024-12-24
樹林,03F-033.7S,24.978881,121.502381,3,6,2258,2024-04-11,2024-06-11
樹林,03F-033.7S,24.978881,121.502381,3,8,2313,2024-06-12,2024-08-12
樹林,03F-033.7S,24.978881,121.502381,3,10,2278,2024-08-13,2024-10-13
樹林,03F-033.7S,24.978881,121.502381,3,12,2088,2024-10-14,2024-12-11
樹林,03F-033.8N,24.978586,121.501744,3,6,2263,2024-04-11,2024-06-11
樹林,03F-033.8N,24.978586,121.501744,3,8,2286,2024-06-12,2024-08-12
樹林,03F-033.8N,24.978586,121.501744,3,10,2258,2024-08-13,2024-10-13
樹林,03F-033.8N,24.978586,121.501744,3,12,2081,2024-10-14,2024-12-11
樹林,03F-030.1SN,24.96255,121.530572,3,7,4020,2024-04-29,2024-06-26
樹林,03F-030.1SN,24.96255,121.530572,3,9,4321,2024-06-27,2024-08-28
樹林,03F-030.1SN,24.96255,121.530572,3,11,4180,2024-08-29,2024-10-29
樹林,03F-030.1SN,24.96255,121.530572,3,1,3804,2024-10-30,2024-12-26
樹林,03F-039.4SN,24.975247,121.454925,4,5,3939,2024-03-04,2024-05-05
樹林,03F-039.4SN,24.975247,121.454925,4,7,3740,2024-05-06,2024-07-02
樹林,03F-039.4SN,24.975247,121.454925,4,9,4112,2024-07-03,2024-09-03
樹林,03F-039.4SN,24.975247,121.454925,4,11,3985,2024-09-04,2024-11-04
樹林,03F-039.4SN,24.975247,121.454925,4,5,5554,2024-03-15,2024-05-16
樹林,03F-039.4SN,24.975247,121.454925,4,7,4828,2024-05-17,2024-07-15
樹林,03F-039.4SN,24.975247,121.454925,4,9,5405,2024-07-16,2024-09-17
樹林,03F-039.4SN,24.975247,121.454925,4,11,4331,2024-09-18,2024-11-17
樹林,03A-004.1SN,25.003864,121.586039,2,5,3096,2024-03-14,2024-05-15
樹林,03A-004.1SN,25.003864,121.586039,2,7,2810,2024-05-16,2024-07-14
樹林,03A-004.1SN,25.003864,121.586039,2,9,3277,2024-07-15,2024-09-15
樹林,03A-004.1SN,25.003864,121.586039,2,11,2882,2024-09-16,2024-11-14
樹林,05F-005.5SN,24.996503,121.652086,3,6,3153,2024-04-11,2024-06-11
樹林,05F-005.5SN,24.996503,121.652086,3,8,3243,2024-06-12,2024-08-12
樹林,05F-005.5SN,24.996503,121.652086,3,10,3214,2024-08-13,2024-10-13
樹林,05F-005.5SN,24.996503,121.652086,3,12,2920,2024-10-14,2024-12-11
樹林,03F-000.6S,25.137106,121.708908,3,6,2153,2024-04-10,2024-06-10
樹林,03F-000.6S,25.137106,121.708908,3,8,2253,2024-06-11,2024-08-11
樹林,03F-000.6S,25.137106,121.708908,3,10,2137,2024-08-12,2024-10-10
樹林,03F-000.6S,25.137106,121.708908,3,12,2078,2024-10-11,2024-12-10
樹林,03F-005.4N,25.103747,121.681789,3,6,2145,2024-04-10,2024-06-10
樹林,03F-005.4N,25.103747,121.681789,3,8,2383,2024-06-11,2024-08-11
樹林,03F-005.4N,25.103747,121.681789,3,10,2300,2024-08-12,2024-10-10
樹林,03F-005.4N,25.103747,121.681789,3,12,2359,2024-10-11,2024-12-10
樹林,七堵收費站,,,,5,793,2024-04-10,2024-05-12
樹林,七堵收費站,,,,6,723,2024-05-13,2024-06-10
樹林,七堵收費站,,,,7,1126,2024-06-11,2024-07-09
樹林,七堵收費站,,,,8,1164,2024-07-10,2024-08-11
樹林,七堵收費站,,,,9,1169,2024-08-12,2024-09-10
樹林,七堵收費站,,,,10,915,2024-09-11,2024-10-10
樹林,七堵收費站,,,,11,748,2024-10-11,2024-11-11
樹林,七堵收費站,,,,12,579,2024-11-12,2024-12-10
泰山,01F-002.9SN,25.10283611,121.7178556,2,6,3186,2024-04-12,2024-06-12
泰山,01F-002.9SN,25.10283611,121.7178556,2,8,3269,2024-06-13,2024-08-13
泰山,01F-002.9SN,25.10283611,121.7178556,2,10,3258,2024-08-14,2024-10-14
泰山,01F-002.9SN,25.10283611,121.7178556,2,12,2990,2024-10-15,2024-12-12
泰山,01F-001.7SN,25.10956667,121.7259056,2,6,3276,2024-04-12,2024-06-12
泰山,01F-001.7SN,25.10956667,121.7259056,2,8,3035,2024-06-13,2024-08-13
泰山,01F-001.7SN,25.10956667,121.7259056,2,10,3447,2024-08-14,2024-10-14
泰山,01F-001.7SN,25.10956667,121.7259056,2,12,2934,2024-10-15,2024-12-12
泰山,01F-000.5N,25.11831111,121.7316361,2,6,1819,2024-04-12,2024-06-12
泰山,01F-000.5N,25.11831111,121.7316361,2,8,2019,2024-06-13,2024-08-13
泰山,01F-000.5N,25.11831111,121.7316361,2,10,2857,2024-08-14,2024-10-14
泰山,01F-000.5N,25.11831111,121.7316361,2,12,2023,2024-10-15,2024-12-12
泰山,01F-000.5S,25.11878611,121.7317639,2,6,1813,2024-04-12,2024-06-12
泰山,01F-000.5S,25.11878611,121.7317639,2,8,1960,2024-06-13,2024-08-13
泰山,01F-000.5S,25.11878611,121.7317639,2,10,2807,2024-08-14,2024-10-14
泰山,01F-000.5S,25.11878611,121.7317639,2,12,1942,2024-10-15,2024-12-12
泰山,01F-006.1SN,25.0882722,121.6936444,4,6,3577,2024-03-28,2024-05-28
泰山,01F-006.1SN,25.0882722,121.6936444,4,8,3804,2024-05-29,2024-08-01
泰山,01F-006.1SN,25.0882722,121.6936444,4,10,3621,2024-08-02,2024-10-01
泰山,01F-006.1SN,25.0882722,121.6936444,4,12,3598,2024-10-02,2024-12-02
樹林,03F-002.1N,25.129514,121.698631,3,6,2067,2024-04-10,2024-06-10
樹林,03F-002.1N,25.129514,121.698631,3,8,2298,2024-06-11,2024-08-11
樹林,03F-002.1N,25.129514,121.698631,3,10,2201,2024-08-12,2024-10-10
樹林,03F-002.1N,25.129514,121.698631,3,12,2088,2024-10-11,2024-12-10
樹林,03F-011.6SN,25.065611,121.643467,3,7,3255,2024-04-25,2024-06-24
樹林,03F-011.6SN,25.065611,121.643467,3,9,3451,2024-06-25,2024-08-26
樹林,03F-011.6SN,25.065611,121.643467,3,11,3338,2024-08-27,2024-10-27
樹林,03F-011.6SN,25.065611,121.643467,3,1,2972,2024-10-28,2024-12-24
泰山,汐止收費站,,,,6,843,2024-04-29,2024-05-27
泰山,汐止收費站,,,,7,1063,2024-05-28,2024-06-26
泰山,汐止收費站,,,,8,1384,2024-06-27,2024-07-29
泰山,汐止收費站,,,,9,1070,2024-07-30,2024-08-28
泰山,汐止收費站,,,,10,1085,2024-08-29,2024-09-26
泰山,汐止收費站,,,,11,881,2024-09-27,2024-10-29
泰山,汐止收費站,,,,12,713,2024-10-30,2024-11-27
泰山,汐止收費站,,,,1,587,2024-11-28,2024-12-26
泰山,01F-009.9SN,25.07604444,121.6594222,3,6,4954,2024-03-28,2024-05-28
泰山,01F-009.9SN,25.07604444,121.6594222,3,8,5327,2024-05-29,2024-08-01
泰山,01F-009.9SN,25.07604444,121.6594222,3,10,4753,2024-08-02,2024-10-01
泰山,01F-009.9SN,25.07604444,121.6594222,3,12,4737,2024-10-02,2024-12-02
樹林,03F-008.7S,25.089994,121.653556,3,6,1510,2024-04-01,2024-05-29
樹林,03F-008.7S,25.089994,121.653556,3,8,3371,2024-05-30,2024-08-04
樹林,03F-008.7S,25.089994,121.653556,3,10,2069,2024-08-05,2024-10-02
樹林,03F-008.7S,25.089994,121.653556,3,12,2104,2024-10-03,2024-12-03
樹林,05F-030.9SN,24.823656,121.786347,2,6,3181,2024-04-11,2024-06-11
樹林,05F-030.9SN,24.823656,121.786347,2,8,3418,2024-06-12,2024-08-12
樹林,05F-030.9SN,24.823656,121.786347,2,10,3455,2024-08-13,2024-10-13
樹林,05F-030.9SN,24.823656,121.786347,2,12,3206,2024-10-14,2024-12-11
樹林,05F-052.8N,24.632728,121.806958,2,6,1976,2024-03-26,2024-05-26
樹林,05F-052.8N,24.632728,121.806958,2,8,2107,2024-05-27,2024-07-28
樹林,05F-052.8N,24.632728,121.806958,2,10,1943,2024-07-29,2024-09-25
樹林,05F-052.8N,24.632728,121.806958,2,12,1958,2024-09-26,2024-11-26
樹林,05F-049.4S,24.662581,121.799908,2,6,2064,2024-04-03,2024-06-04
樹林,05F-049.4S,24.662581,121.799908,2,8,2175,2024-06-05,2024-08-06
樹林,05F-049.4S,24.662581,121.799908,2,10,2096,2024-08-07,2024-10-06
樹林,05F-049.4S,24.662581,121.799908,2,12,1950,2024-10-07,2024-12-05
樹林,05F-R11.3SN,24.733789,121.782022,1,5,3191,2024-03-06,2024-05-07
樹林,05F-R11.3SN,24.733789,121.782022,1,7,3075,2024-05-08,2024-07-04
樹林,05F-R11.3SN,24.733789,121.782022,1,9,3405,2024-07-05,2024-09-05
樹林,05F-R11.3SN,24.733789,121.782022,1,11,3185,2024-09-06,2024-11-06
樹林,05F-028.7SN,24.842714,121.789183,2,5,3163,2024-03-19,2024-05-20
樹林,05F-028.7SN,24.842714,121.789183,2,7,3025,2024-05-21,2024-07-17
樹林,05F-028.7SN,24.842714,121.789183,2,9,3383,2024-07-18,2024-09-19
樹林,05F-028.7SN,24.842714,121.789183,2,11,3065,2024-09-20,2024-11-19
樹林,頭城收費站,,,,5,1752,2024-04-15,2024-05-15
樹林,頭城收費站,,,,6,1687,2024-05-16,2024-06-13
樹林,頭城收費站,,,,7,2299,2024-06-14,2024-07-14
樹林,頭城收費站,,,,8,2197,2024-07-15,2024-08-14
樹林,頭城收費站,,,,9,2202,2024-08-15,2024-09-15
樹林,頭城收費站,,,,10,1788,2024-09-16,2024-10-15
樹林,頭城收費站,,,,11,1438,2024-10-16,2024-11-14
樹林,頭城收費站,,,,12,1240,2024-11-15,2024-12-15
樹林,05F-043.9S,24.710683,121.789461,2,6,1819,2024-04-10,2024-06-10
樹林,05F-043.9S,24.710683,121.789461,2,8,2116,2024-06-11,2024-08-11
樹林,05F-043.9S,24.710683,121.789461,2,10,1918,2024-08-12,2024-10-10
樹林,05F-043.9S,24.710683,121.789461,2,12,1851,2024-10-11,2024-12-10
樹林,05F-043.8N,24.711028,121.789478,2,6,1962,2024-04-10,2024-06-10
樹林,05F-043.8N,24.711028,121.789478,2,8,2238,2024-06-11,2024-08-11
樹林,05F-043.8N,24.711028,121.789478,2,10,2116,2024-08-12,2024-10-10
樹林,05F-043.8N,24.711028,121.789478,2,12,2012,2024-10-11,2024-12-10
楊梅,01F-053.2SN,25.012944,121.266194,4,6,3827,2024-04-12,2024-06-12
楊梅,01F-053.2SN,25.012944,121.266194,4,8,4038,2024-06-13,2024-08-13
楊梅,01F-053.2SN,25.012944,121.266194,4,10,3997,2024-08-14,2024-10-14
楊梅,01F-053.2SN,25.012944,121.266194,4,12,3646,2024-10-15,2024-12-12
泰山,01F-046.7SN,25.047075,121.317761,4,5,4298,2024-03-14,2024-05-15
泰山,01F-046.7SN,25.047075,121.317761,4,7,4043,2024-05-16,2024-07-14
泰山,01F-046.7SN,25.047075,121.317761,4,9,4351,2024-07-15,2024-09-15
泰山,01F-046.7SN,25.047075,121.317761,4,11,4055,2024-09-16,2024-11-14
泰山,01H-044.7N,25.059242,121.332072,3,5,2216,2024-03-14,2024-05-15
泰山,01H-044.7N,25.059242,121.332072,3,7,2216,2024-05-16,2024-07-14
泰山,01H-044.7N,25.059242,121.332072,3,9,2318,2024-07-15,2024-09-15
泰山,01H-044.7N,25.059242,121.332072,3,11,2133,2024-09-16,2024-11-14
楊梅,01F-049.2SN,25.036481,121.295531,5,5,4569,2024-03-14,2024-05-15
楊梅,01F-049.2SN,25.036481,121.295531,5,7,4435,2024-05-16,2024-07-14
楊梅,01F-049.2SN,25.036481,121.295531,5,9,4622,2024-07-15,2024-09-15
楊梅,01F-049.2SN,25.036481,121.295531,5,11,4181,2024-09-16,2024-11-14
楊梅,01F-051.1SN,25.025953,121.281731,5,6,4167,2024-04-15,2024-06-13
楊梅,01F-051.1SN,25.025953,121.281731,5,8,4322,2024-06-14,2024-08-14
楊梅,01F-051.1SN,25.025953,121.281731,5,10,4295,2024-08-15,2024-10-15
楊梅,01F-051.1SN,25.025953,121.281731,5,12,3884,2024-10-16,2024-12-15
泰山,01H-044.7S,25.060125,121.331858,3,6,2176,2024-04-18,2024-06-18
泰山,01H-044.7S,25.060125,121.331858,3,8,2240,2024-06-19,2024-08-19
泰山,01H-044.7S,25.060125,121.331858,3,10,2280,2024-08-20,2024-10-20
泰山,01H-044.7S,25.060125,121.331858,3,12,2015,2024-10-21,2024-12-18
楊梅,01F-058.4N、01H-057.9N,24.980558,121.228944,3,5,4417,2024-03-04,2024-05-05
楊梅,01F-058.4N、01H-057.9N,24.980558,121.228944,3,7,4580,2024-05-06,2024-07-02
楊梅,01F-058.4N、01H-057.9N,24.980558,121.228944,3,9,5038,2024-07-03,2024-09-03
楊梅,01F-058.4N、01H-057.9N,24.980558,121.228944,3,11,4791,2024-09-04,2024-11-04
楊梅,01F-063.3SN,24.949281,121.195594,3,5,3520,2024-03-19,2024-05-20
楊梅,01F-063.3SN,24.949281,121.195594,3,7,3531,2024-05-21,2024-07-17
楊梅,01F-063.3SN,24.949281,121.195594,3,9,3874,2024-07-18,2024-09-19
楊梅,01F-063.3SN,24.949281,121.195594,3,11,3538,2024-09-20,2024-11-19
楊梅,01H-060.8N,24.965878,121.211614,2,6,2184,2024-03-26,2024-05-26
楊梅,01H-060.8N,24.965878,121.211614,2,8,2213,2024-05-27,2024-07-28
楊梅,01H-060.8N,24.965878,121.211614,2,10,2178,2024-07-29,2024-09-25
楊梅,01H-060.8N,24.965878,121.211614,2,12,2134,2024-09-26,2024-11-26
楊梅,01F-061.6S,24.961693,121.2047523,4,6,501,2024-04-15,2024-06-13
楊梅,01F-061.6S,24.961693,121.2047523,4,8,2546,2024-06-14,2024-08-14
楊梅,01F-061.6S,24.961693,121.2047523,4,10,2952,2024-08-15,2024-10-15
楊梅,01F-061.6S,24.961693,121.2047523,4,12,2929,2024-10-16,2024-12-15
楊梅,01H-061.0S,24.96525,121.209867,2,6,2060,2024-04-15,2024-06-13
楊梅,01H-061.0S,24.96525,121.209867,2,8,2289,2024-06-14,2024-08-14
楊梅,01H-061.0S,24.96525,121.209867,2,10,2234,2024-08-15,2024-10-15
楊梅,01H-061.0S,24.96525,121.209867,2,12,2086,2024-10-16,2024-12-15
泰山,01H-057.9S,24.984094,121.232531,3,6,4511,2024-04-16,2024-06-16
泰山,01H-057.9S,24.984094,121.232531,3,8,4912,2024-06-17,2024-08-15
泰山,01H-057.9S,24.984094,121.232531,3,10,4920,2024-08-16,2024-10-16
泰山,01H-057.9S,24.984094,121.232531,3,12,4489,2024-10-17,2024-12-16
楊梅,01F-055.7SN,24.99858333,121.2477222,4,6,3791,2024-04-18,2024-06-18
楊梅,01F-055.7SN,24.99858333,121.2477222,4,8,4061,2024-06-19,2024-08-19
楊梅,01F-055.7SN,24.99858333,121.2477222,4,10,3977,2024-08-20,2024-10-20
楊梅,01F-055.7SN,24.99858333,121.2477222,4,12,3652,2024-10-21,2024-12-18
楊梅,01F-068.1SN,24.917967,121.167586,3,6,3881,2024-04-03,2024-06-04
楊梅,01F-068.1SN,24.917967,121.167586,3,8,4074,2024-06-05,2024-08-06
楊梅,01F-068.1SN,24.917967,121.167586,3,10,3825,2024-08-07,2024-10-06
楊梅,01F-068.1SN,24.917967,121.167586,3,12,3856,2024-10-07,2024-12-05
楊梅,01F-066.4SN,24.929544,121.176919,3,6,3551,2024-04-08,2024-06-05
楊梅,01F-066.4SN,24.929544,121.176919,3,8,3740,2024-06-06,2024-08-07
楊梅,01F-066.4SN,24.929544,121.176919,3,10,3610,2024-08-08,2024-10-07
楊梅,01F-066.4SN,24.929544,121.176919,3,12,3520,2024-10-08,2024-12-08
楊梅,01F-069.9SN,24.903297,121.159761,3,6,2902,2024-04-10,2024-06-10
楊梅,01F-069.9SN,24.903297,121.159761,3,8,3274,2024-06-11,2024-08-11
楊梅,01F-069.9SN,24.903297,121.159761,3,10,3074,2024-08-12,2024-10-10
楊梅,01F-069.9SN,24.903297,121.159761,3,12,3034,2024-10-11,2024-12-10
楊梅,楊梅作業室(交控機房),,,,7,1761,2024-04-29,2024-06-26
楊梅,楊梅作業室(交控機房),,,,9,2014,2024-06-27,2024-08-28
楊梅,楊梅作業室(交控機房),,,,11,1712,2024-08-29,2024-10-29
楊梅,楊梅作業室(交控機房),,,,1,1214,2024-10-30,2024-12-26
楊梅,01F-075.0SN,24.893436,121.111731,3,5,3585,2024-03-06,2024-05-07
楊梅,01F-075.0SN,24.893436,121.111731,3,7,3442,2024-05-08,2024-07-04
楊梅,01F-075.0SN,24.893436,121.111731,3,9,3858,2024-07-05,2024-09-05
楊梅,01F-075.0SN,24.893436,121.111731,3,11,3649,2024-09-06,2024-11-06
樹林,03F-064.8SN,24.878792,121.250839,3,5,3591,2024-03-14,2024-05-15
樹林,03F-064.8SN,24.878792,121.250839,3,7,3564,2024-05-16,2024-07-14
樹林,03F-064.8SN,24.878792,121.250839,3,9,1817,2024-07-15,2024-09-15
樹林,03F-064.8SN,24.878792,121.250839,3,11,40,2024-09-16,2024-11-14
楊梅,03F-069.8SN,24.856558,121.208581,3,7,3332,2024-04-25,2024-06-24
楊梅,03F-069.8SN,24.856558,121.208581,3,9,3408,2024-06-25,2024-08-26
楊梅,03F-069.8SN,24.856558,121.208581,3,11,3521,2024-08-27,2024-10-27
楊梅,03F-069.8SN,24.856558,121.208581,3,1,3210,2024-10-28,2024-12-24
楊梅,03F-074.6SN,24.816364,121.200339,3,7,4117,2024-04-29,2024-06-26
楊梅,03F-074.6SN,24.816364,121.200339,3,9,4378,2024-06-27,2024-08-28
楊梅,03F-074.6SN,24.816364,121.200339,3,11,4424,2024-08-29,2024-10-29
楊梅,03F-074.6SN,24.816364,121.200339,3,1,3560,2024-10-30,2024-12-26
楊梅,龍潭作業室,,,,5,2301,2024-03-28,2024-05-02
楊梅,龍潭作業室,,,,6,1725,2024-05-03,2024-05-28
楊梅,龍潭作業室,,,,7,2764,2024-05-29,2024-07-01
楊梅,龍潭作業室,,,,8,2965,2024-07-02,2024-08-01
楊梅,龍潭作業室,,,,9,3141,2024-08-02,2024-09-02
楊梅,龍潭作業室,,,,10,2599,2024-09-03,2024-10-01
楊梅,龍潭作業室,,,,11,2489,2024-10-02,2024-11-03
楊梅,龍潭作業室,,,,12,1805,2024-11-04,2024-12-02
楊梅,龍潭作業室,,,,1,1786,2024-12-03,2024-12-29
泰山,01H-030.5S,25.075553,121.460661,4,6,2368,2024-03-27,2024-05-27
泰山,01H-030.5S,25.075553,121.460661,4,8,2470,2024-05-28,2024-07-29
泰山,01H-030.5S,25.075553,121.460661,4,10,2334,2024-07-30,2024-09-26
泰山,01H-030.5S,25.075553,121.460661,4,12,2372,2024-09-27,2024-11-27
泰山,01F-029.3SN,25.07479722,121.4729611,4,7,4088,2024-04-25,2024-06-24
泰山,01F-029.3SN,25.07479722,121.4729611,4,9,4339,2024-06-25,2024-08-26
泰山,01F-029.3SN,25.07479722,121.4729611,4,11,3986,2024-08-27,2024-10-27
泰山,01F-029.3SN,25.07479722,121.4729611,4,1,3881,2024-10-28,2024-12-24
泰山,01F-026.4S,25.07746389,121.5013861,4,6,2399,2024-04-01,2024-05-29
泰山,01F-026.4S,25.07746389,121.5013861,4,8,2856,2024-05-30,2024-08-04
泰山,01F-026.4S,25.07746389,121.5013861,4,10,2468,2024-08-05,2024-10-02
泰山,01F-026.4S,25.07746389,121.5013861,4,12,2542,2024-10-03,2024-12-03
泰山,01H-027.1N,25.075256,121.494019,3,6,2206,2024-04-08,2024-06-05
泰山,01H-027.1N,25.075256,121.494019,3,8,2498,2024-06-06,2024-08-07
泰山,01H-027.1N,25.075256,121.494019,3,10,2372,2024-08-08,2024-10-07
泰山,01H-027.1N,25.075256,121.494019,3,12,2272,2024-10-08,2024-12-08
泰山,01F-034.0N,25.068,121.428056,6,5,2753,2024-03-11,2024-05-12
泰山,01F-034.0N,25.068,121.428056,6,7,2592,2024-05-13,2024-07-09
泰山,01F-034.0N,25.068,121.428056,6,9,2869,2024-07-10,2024-09-10
泰山,01F-034.0N,25.068,121.428056,6,11,2792,2024-09-11,2024-11-11
泰山,泰山收費站,,,,5,892,2024-04-12,2024-05-14
泰山,泰山收費站,,,,6,770,2024-05-15,2024-06-12
泰山,泰山收費站,,,,7,970,2024-06-13,2024-07-11
泰山,泰山收費站,,,,8,1182,2024-07-12,2024-08-13
泰山,泰山收費站,,,,9,1076,2024-08-14,2024-09-12
泰山,泰山收費站,,,,10,947,2024-09-13,2024-10-14
泰山,泰山收費站,,,,11,784,2024-10-15,2024-11-13
泰山,泰山收費站,,,,12,761,2024-11-14,2024-12-12
泰山,01F-037.6SN,25.058667,121.397306,5,5,4130,2024-03-14,2024-05-15
泰山,01F-037.6SN,25.058667,121.397306,5,7,3953,2024-05-16,2024-07-14
泰山,01F-037.6SN,25.058667,121.397306,5,9,4570,2024-07-15,2024-09-15
泰山,01F-037.6SN,25.058667,121.397306,5,11,4095,2024-09-16,2024-11-14
泰山,01H-033.3N,25.068147,121.435133,2,5,2194,2024-03-18,2024-05-19
泰山,01H-033.3N,25.068147,121.435133,2,7,2103,2024-05-20,2024-07-16
泰山,01H-033.3N,25.068147,121.435133,2,9,2344,2024-07-17,2024-09-18
泰山,01H-033.3N,25.068147,121.435133,2,11,2145,2024-09-19,2024-11-18
泰山,01H-033.4S,25.068728,121.433281,2,6,2088,2024-03-25,2024-05-23
泰山,01H-033.4S,25.068728,121.433281,2,8,2319,2024-05-24,2024-07-25
泰山,01H-033.4S,25.068728,121.433281,2,10,2214,2024-07-26,2024-09-24
泰山,01H-033.4S,25.068728,121.433281,2,12,2189,2024-09-25,2024-11-25
泰山,01F-033.9SN,25.068239,121.428764,5,6,2825,2024-03-25,2024-05-23
泰山,01F-033.9SN,25.068239,121.428764,5,8,2924,2024-05-24,2024-07-25
泰山,01F-033.9SN,25.068239,121.428764,5,10,2818,2024-07-26,2024-09-24
泰山,01F-033.9SN,25.068239,121.428764,5,12,2769,2024-09-25,2024-11-25
泰山,01F-041.3SN,25.064969,121.363561,5,5,4035,2024-03-19,2024-05-20
泰山,01F-041.3SN,25.064969,121.363561,5,7,3871,2024-05-21,2024-07-17
泰山,01F-041.3SN,25.064969,121.363561,5,9,4299,2024-07-18,2024-09-19
泰山,01F-041.3SN,25.064969,121.363561,5,11,3959,2024-09-20,2024-11-19
樹林,03F-052.5SN,24.936025,121.3419,4,6,4051,2024-03-27,2024-05-27
樹林,03F-052.5SN,24.936025,121.3419,4,8,4155,2024-05-28,2024-07-29
樹林,03F-052.5SN,24.936025,121.3419,4,10,3924,2024-07-30,2024-09-26
樹林,03F-052.5SN,24.936025,121.3419,4,12,4138,2024-09-27,2024-11-27
樹林,03F-055.9SN,24.930225,121.312458,4,6,3770,2024-04-15,2024-06-13
樹林,03F-055.9SN,24.930225,121.312458,4,8,3964,2024-06-14,2024-08-14
樹林,03F-055.9SN,24.930225,121.312458,4,10,3966,2024-08-15,2024-10-15
樹林,03F-055.9SN,24.930225,121.312458,4,12,3768,2024-10-16,2024-12-15
樹林,03F-049.8SN,24.943825,121.365275,4,5,3853,2024-03-07,2024-05-08
樹林,03F-049.8SN,24.943825,121.365275,4,7,3722,2024-05-09,2024-07-07
樹林,03F-049.8SN,24.943825,121.365275,4,9,3954,2024-07-08,2024-09-08
樹林,03F-049.8SN,24.943825,121.365275,4,11,3651,2024-09-09,2024-11-07
樹林,樹林收費站,,,,5,1061,2024-04-09,2024-05-09
樹林,樹林收費站,,,,6,956,2024-05-10,2024-06-06
樹林,樹林收費站,,,,7,1428,2024-06-07,2024-07-08
樹林,樹林收費站,,,,8,1461,2024-07-09,2024-08-08
樹林,樹林收費站,,,,9,1475,2024-08-09,2024-09-09
樹林,樹林收費站,,,,10,1204,2024-09-10,2024-10-08
樹林,樹林收費站,,,,11,1218,2024-10-09,2024-11-10
樹林,樹林收費站,,,,12,938,2024-11-11,2024-12-09
楊梅,01F-092.8SN,24.808453,121.010306,3,5,2262,2024-03-11,2024-05-12
楊梅,01F-092.8SN,24.808453,121.010306,3,7,2228,2024-05-13,2024-07-09
楊梅,01F-092.8SN,24.808453,121.010306,3,9,2502,2024-07-10,2024-09-10
楊梅,01F-092.8SN,24.808453,121.010306,3,11,2380,2024-09-11,2024-11-11
楊梅,01F-095.0S,24.789622,121.005247,3,6,3968,2024-04-11,2024-06-11
楊梅,01F-095.0S,24.789622,121.005247,3,8,4113,2024-06-12,2024-08-12
楊梅,01F-095.0S,24.789622,121.005247,3,10,4056,2024-08-13,2024-10-13
楊梅,01F-095.0S,24.789622,121.005247,3,12,3728,2024-10-14,2024-12-11
楊梅,01F-095.6N,24.783944,121.003725,3,6,2205,2024-04-17,2024-06-17
楊梅,01F-095.6N,24.783944,121.003725,3,8,2636,2024-06-18,2024-08-18
楊梅,01F-095.6N,24.783944,121.003725,3,10,2478,2024-08-19,2024-10-17
楊梅,01F-095.6N,24.783944,121.003725,3,12,2376,2024-10-18,2024-12-17
楊梅,01F-088.0SN,24.848719,121.019031,3,6,3744,2024-04-11,2024-06-11
楊梅,01F-088.0SN,24.848719,121.019031,3,8,3964,2024-06-12,2024-08-12
楊梅,01F-088.0SN,24.848719,121.019031,3,10,3990,2024-08-13,2024-10-13
楊梅,01F-088.0SN,24.848719,121.019031,3,12,3655,2024-10-14,2024-12-11
楊梅,03F-105.1SN,24.753094,120.945675,3,6,3305,2024-04-12,2024-06-12
楊梅,03F-105.1SN,24.753094,120.945675,3,8,3507,2024-06-13,2024-08-13
楊梅,03F-105.1SN,24.753094,120.945675,3,10,3449,2024-08-14,2024-10-14
楊梅,03F-105.1SN,24.753094,120.945675,3,12,3150,2024-10-15,2024-12-12
楊梅,03F-078.3SN,24.797339,121.179128,3,5,3517,2024-03-07,2024-05-08
楊梅,03F-078.3SN,24.797339,121.179128,3,7,3394,2024-05-09,2024-07-07
楊梅,03F-078.3SN,24.797339,121.179128,3,9,3738,2024-07-08,2024-09-08
楊梅,03F-078.3SN,24.797339,121.179128,3,11,3563,2024-09-09,2024-11-07
楊梅,03F-084.6SN,24.791439,121.125997,3,6,3585,2024-04-12,2024-06-12
楊梅,03F-084.6SN,24.791439,121.125997,3,8,3800,2024-06-13,2024-08-13
楊梅,03F-084.6SN,24.791439,121.125997,3,10,3685,2024-08-14,2024-10-14
楊梅,03F-084.6SN,24.791439,121.125997,3,12,3438,2024-10-15,2024-12-12
楊梅,03F-096.1SN,24.758442,121.030425,3,5,3579,2024-02-27,2024-05-02
楊梅,03F-096.1SN,24.758442,121.030425,3,7,3715,2024-05-03,2024-07-01
楊梅,03F-096.1SN,24.758442,121.030425,3,9,3794,2024-07-02,2024-09-02
楊梅,03F-096.1SN,24.758442,121.030425,3,11,3689,2024-09-03,2024-11-03
楊梅,03F-096.1SN,24.758442,121.030425,3,1,3039,2024-11-04,2024-12-29
楊梅,03F-102.2N,24.757914,120.972267,3,7,3214,2024-04-24,2024-06-23
楊梅,03F-102.2N,24.757914,120.972267,3,9,3636,2024-06-24,2024-08-25
楊梅,03F-102.2N,24.757914,120.972267,3,11,3232,2024-08-26,2024-10-24
楊梅,03F-102.2N,24.757914,120.972267,3,1,3109,2024-10-25,2024-12-23
后里,01F-104.5N,24.727131,120.951897,3,7,3477,2024-04-25,2024-06-24
后里,01F-104.5N,24.727131,120.951897,3,9,3816,2024-06-25,2024-08-26
后里,01F-104.5N,24.727131,120.951897,3,11,3592,2024-08-27,2024-10-27
后里,01F-104.5N,24.727131,120.951897,3,1,3491,2024-10-28,2024-12-24
楊梅,01F-098.0S,24.763586,120.998861,3,6,2352,2024-03-21,2024-05-21
楊梅,01F-098.0S,24.763586,120.998861,3,8,2464,2024-05-22,2024-07-23
楊梅,01F-098.0S,24.763586,120.998861,3,10,2401,2024-07-24,2024-09-22
楊梅,01F-098.0S,24.763586,120.998861,3,12,2354,2024-09-23,2024-11-21
楊梅,01F-097.9N,24.764414,120.999897,4,6,2669,2024-03-21,2024-05-21
楊梅,01F-097.9N,24.764414,120.999897,4,8,2717,2024-05-22,2024-07-23
楊梅,01F-097.9N,24.764414,120.999897,4,10,2651,2024-07-24,2024-09-22
楊梅,01F-097.9N,24.764414,120.999897,4,12,2622,2024-09-23,2024-11-21
楊梅,03F-099.6SN,24.755811,120.997269,4,6,3903,2024-03-22,2024-05-22
楊梅,03F-099.6SN,24.755811,120.997269,4,8,3964,2024-05-23,2024-07-24
楊梅,03F-099.6SN,24.755811,120.997269,4,10,4016,2024-07-25,2024-09-23
楊梅,03F-099.6SN,24.755811,120.997269,4,12,3688,2024-09-24,2024-11-24
員林,01F-183.9SN,24.130767,120.617247,3,6,3635,2024-04-12,2024-06-12
員林,01F-183.9SN,24.130767,120.617247,3,8,3840,2024-06-13,2024-08-13
員林,01F-183.9SN,24.130767,120.617247,3,10,3785,2024-08-14,2024-10-14
員林,01F-183.9SN,24.130767,120.617247,3,12,3482,2024-10-15,2024-12-12
后里,03F-186.0N,24.177831,120.548244,3,5,3586,2024-03-04,2024-05-05
后里,03F-186.0N,24.177831,120.548244,3,7,3200,2024-05-06,2024-07-02
后里,03F-186.0N,24.177831,120.548244,3,9,3817,2024-07-03,2024-09-03
后里,03F-186.0N,24.177831,120.548244,3,11,3313,2024-09-04,2024-11-04
后里,03F-177.9N,24.234647,120.593306,3,5,3480,2024-03-13,2024-05-14
后里,03F-177.9N,24.234647,120.593306,3,7,3182,2024-05-15,2024-07-11
后里,03F-177.9N,24.234647,120.593306,3,9,3527,2024-07-12,2024-09-12
后里,03F-177.9N,24.234647,120.593306,3,11,3371,2024-09-13,2024-11-13
員林,01F-180.2SN,24.163706,120.621933,3,5,3521,2024-03-18,2024-05-19
員林,01F-180.2SN,24.163706,120.621933,3,7,3565,2024-05-20,2024-07-16
員林,01F-180.2SN,24.163706,120.621933,3,9,3900,2024-07-17,2024-09-18
員林,01F-180.2SN,24.163706,120.621933,3,11,3591,2024-09-19,2024-11-18
后里,03F-165.1S,24.334719,120.635578,3,6,3345,2024-04-15,2024-06-13
后里,03F-165.1S,24.334719,120.635578,3,8,3615,2024-06-14,2024-08-14
后里,03F-165.1S,24.334719,120.635578,3,10,3440,2024-08-15,2024-10-15
后里,03F-165.1S,24.334719,120.635578,3,12,3174,2024-10-16,2024-12-15
后里,03F-163.3N,24.341119,120.651567,3,6,3313,2024-04-16,2024-06-16
后里,03F-163.3N,24.341119,120.651567,3,8,3505,2024-06-17,2024-08-15
后里,03F-163.3N,24.341119,120.651567,3,10,3364,2024-08-16,2024-10-16
后里,03F-163.3N,24.341119,120.651567,3,12,3196,2024-10-17,2024-12-16
后里,01F-162.1N,24.301186,120.697325,3,5,3383,2024-03-18,2024-05-19
后里,01F-162.1N,24.301186,120.697325,3,7,3440,2024-05-20,2024-07-16
后里,01F-162.1N,24.301186,120.697325,3,9,3632,2024-07-17,2024-09-18
后里,01F-162.1N,24.301186,120.697325,3,11,3518,2024-09-19,2024-11-18
后里,后里作業室,,,,5,4162,2024-04-17,2024-05-19
后里,后里作業室,,,,6,3764,2024-05-20,2024-06-17
后里,后里作業室,,,,7,5041,2024-06-18,2024-07-16
后里,后里作業室,,,,8,5581,2024-07-17,2024-08-18
后里,后里作業室,,,,9,4931,2024-08-19,2024-09-18
后里,后里作業室,,,,10,3985,2024-09-19,2024-10-17
后里,后里作業室,,,,11,3455,2024-10-18,2024-11-18
后里,后里作業室,,,,12,2550,2024-11-19,2024-12-17
后里,01F-166.4S,24.262647,120.691956,4,5,4144,2024-03-08,2024-05-09
后里,01F-166.4S,24.262647,120.691956,4,7,4080,2024-05-10,2024-07-08
后里,01F-166.4S,24.262647,120.691956,4,9,4302,2024-07-09,2024-09-09
后里,01F-166.4S,24.262647,120.691956,4,11,4075,2024-09-10,2024-11-10
后里,01F-169.9S,24.231536,120.686625,3,5,3800,2024-03-04,2024-05-05
后里,01F-169.9S,24.231536,120.686625,3,7,3567,2024-05-06,2024-07-02
后里,01F-169.9S,24.231536,120.686625,3,9,3898,2024-07-03,2024-09-03
后里,01F-169.9S,24.231536,120.686625,3,11,3625,2024-09-04,2024-11-04
后里,01F-157.2S,24.339147,120.72085,3,6,3339,2024-04-18,2024-06-18
后里,01F-157.2S,24.339147,120.72085,3,8,3463,2024-06-19,2024-08-19
后里,01F-157.2S,24.339147,120.72085,3,10,3310,2024-08-20,2024-10-20
后里,01F-157.2S,24.339147,120.72085,3,12,3014,2024-10-21,2024-12-18
員林,03F-206.6SN,24.070333,120.639711,3,6,3627,2024-04-02,2024-06-03
員林,03F-206.6SN,24.070333,120.639711,3,8,3690,2024-06-04,2024-08-05
員林,03F-206.6SN,24.070333,120.639711,3,10,3443,2024-08-06,2024-10-03
員林,03F-206.6SN,24.070333,120.639711,3,12,3522,2024-10-04,2024-12-04
員林,03F-207.8N,24.067958,120.651433,4,6,2494,2024-04-02,2024-06-03
員林,03F-207.8N,24.067958,120.651433,4,8,2539,2024-06-04,2024-08-05
員林,03F-207.8N,24.067958,120.651433,4,10,2359,2024-08-06,2024-10-03
員林,03F-207.8N,24.067958,120.651433,4,12,2400,2024-10-04,2024-12-04
員林,03F-207.9S,24.067778,120.652361,4,6,2561,2024-04-02,2024-06-03
員林,03F-207.9S,24.067778,120.652361,4,8,2613,2024-06-04,2024-08-05
員林,03F-207.9S,24.067778,120.652361,4,10,2422,2024-08-06,2024-10-03
員林,03F-207.9S,24.067778,120.652361,4,12,2466,2024-10-04,2024-12-04
員林,01F-190.6SN,24.113572,120.568131,3,6,3523,2024-03-27,2024-05-27
員林,01F-190.6SN,24.113572,120.568131,3,8,4002,2024-05-28,2024-07-29
員林,01F-190.6SN,24.113572,120.568131,3,10,3639,2024-07-30,2024-09-26
員林,01F-190.6SN,24.113572,120.568131,3,12,3763,2024-09-27,2024-11-27
后里,03F-171.0N,24.292881,120.601964,3,5,3601,2024-03-06,2024-05-07
后里,03F-171.0N,24.292881,120.601964,3,7,3373,2024-05-08,2024-07-04
后里,03F-171.0N,24.292881,120.601964,3,9,3726,2024-07-05,2024-09-05
后里,03F-171.0N,24.292881,120.601964,3,11,3486,2024-09-06,2024-11-06
后里,03F-173.9S,24.269464,120.590806,3,5,3435,2024-03-06,2024-05-07
后里,03F-173.9S,24.269464,120.590806,3,7,2173,2024-05-08,2024-07-04
后里,03F-173.9S,24.269464,120.590806,3,9,4561,2024-07-05,2024-09-05
后里,03F-173.9S,24.269464,120.590806,3,11,3529,2024-09-06,2024-11-06
員林,01F-177.4SN,24.184592,120.635611,3,6,1212,2024-04-10,2024-06-10
員林,01F-177.4SN,24.184592,120.635611,3,8,515,2024-06-11,2024-08-11
員林,01F-177.4SN,24.184592,120.635611,3,10,3324,2024-08-12,2024-10-10
員林,01F-177.4SN,24.184592,120.635611,3,12,2530,2024-10-11,2024-12-10
員林,03F-199.2N,24.102525,120.578747,3,6,4816,2024-03-25,2024-05-23
員林,03F-199.2N,24.102525,120.578747,3,8,5099,2024-05-24,2024-07-25
員林,03F-199.2N,24.102525,120.578747,3,10,4811,2024-07-26,2024-09-24
員林,03F-199.2N,24.102525,120.578747,3,12,4831,2024-09-25,2024-11-25
后里,03F-194.4S,24.119011,120.536692,3,6,2165,2024-03-26,2024-05-26
后里,03F-194.4S,24.119011,120.536692,3,8,2434,2024-05-27,2024-07-28
后里,03F-194.4S,24.119011,120.536692,3,10,2150,2024-07-29,2024-09-25
后里,03F-194.4S,24.119011,120.536692,3,12,2261,2024-09-26,2024-11-26
后里,03F-194.1N,24.120947,120.534547,3,6,2132,2024-03-26,2024-05-26
后里,03F-194.1N,24.120947,120.534547,3,8,2633,2024-05-27,2024-07-28
后里,03F-194.1N,24.120947,120.534547,3,10,2258,2024-07-29,2024-09-25
后里,03F-194.1N,24.120947,120.534547,3,12,2264,2024-09-26,2024-11-26
員林,01F-196.0SN,24.085622,120.52785,4,5,4243,2024-03-04,2024-05-05
員林,01F-196.0SN,24.085622,120.52785,4,7,3919,2024-05-06,2024-07-02
員林,01F-196.0SN,24.085622,120.52785,4,9,4415,2024-07-03,2024-09-03
員林,01F-196.0SN,24.085622,120.52785,4,11,4131,2024-09-04,2024-11-04
員林,01F-201.1SN,24.040639,120.522786,3,6,3639,2024-04-17,2024-06-17
員林,01F-201.1SN,24.040639,120.522786,3,8,3832,2024-06-18,2024-08-18
員林,01F-201.1SN,24.040639,120.522786,3,10,3812,2024-08-19,2024-10-17
員林,01F-201.1SN,24.040639,120.522786,3,12,3514,2024-10-18,2024-12-17
員林,01F-208.9SN,23.971794,120.506117,3,6,3528,2024-03-26,2024-05-26
員林,01F-208.9SN,23.971794,120.506117,3,8,3667,2024-05-27,2024-07-28
員林,01F-208.9SN,23.971794,120.506117,3,10,3456,2024-07-29,2024-09-25
員林,01F-208.9SN,23.971794,120.506117,3,12,3655,2024-09-26,2024-11-26
員林,01F-224.9SN,23.830569,120.484881,3,6,3350,2024-04-12,2024-06-12
員林,01F-224.9SN,23.830569,120.484881,3,8,3535,2024-06-13,2024-08-13
員林,01F-224.9SN,23.830569,120.484881,3,10,3466,2024-08-14,2024-10-14
員林,01F-224.9SN,23.830569,120.484881,3,12,3146,2024-10-15,2024-12-12
員林,01F-215.6SN,23.912769,120.49765,3,5,3268,2024-03-04,2024-05-05
員林,01F-215.6SN,23.912769,120.49765,3,7,3326,2024-05-06,2024-07-02
員林,01F-215.6SN,23.912769,120.49765,3,9,3473,2024-07-03,2024-09-03
員林,01F-215.6SN,23.912769,120.49765,3,11,3383,2024-09-04,2024-11-04
員林,員林收費站,,,,5,2831,2024-04-18,2024-05-20
員林,員林收費站,,,,6,2791,2024-05-21,2024-06-18
員林,員林收費站,,,,7,3408,2024-06-19,2024-07-17
員林,員林收費站,,,,8,3388,2024-07-18,2024-08-19
員林,員林收費站,,,,9,3369,2024-08-20,2024-09-19
員林,員林收費站,,,,10,2881,2024-09-20,2024-10-20
員林,員林收費站,,,,11,2429,2024-10-21,2024-11-19
員林,員林收費站,,,,12,1820,2024-11-20,2024-12-18
新市,03F-289.9S,23.511683,120.486328,3,5,3224,2024-03-04,2024-05-05
新市,03F-289.9S,23.511683,120.486328,3,7,3177,2024-05-06,2024-07-02
新市,03F-289.9S,23.511683,120.486328,3,9,3211,2024-07-03,2024-09-03
新市,03F-289.9S,23.511683,120.486328,3,11,3231,2024-09-04,2024-11-04
新市,03F-292.3S,23.492078,120.494586,3,5,3524,2024-03-05,2024-05-06
新市,03F-292.3S,23.492078,120.494586,3,7,2984,2024-05-07,2024-07-03
新市,03F-292.3S,23.492078,120.494586,3,9,3155,2024-07-04,2024-09-04
新市,03F-292.3S,23.492078,120.494586,3,11,3156,2024-09-05,2024-11-05
新市,03F-298.5N,23.442486,120.4812,3,7,3076,2024-04-29,2024-06-26
新市,03F-298.5N,23.442486,120.4812,3,9,3249,2024-06-27,2024-08-28
新市,03F-298.5N,23.442486,120.4812,3,11,3224,2024-08-29,2024-10-29
新市,03F-298.5N,23.442486,120.4812,3,1,2808,2024-10-30,2024-12-26
新市,01F-251.4N,23.601989,120.435417,3,6,3564,2024-04-02,2024-06-03
新市,01F-251.4N,23.601989,120.435417,3,8,3537,2024-06-04,2024-08-05
新市,01F-251.4N,23.601989,120.435417,3,10,3363,2024-08-06,2024-10-03
新市,01F-251.4N,23.601989,120.435417,3,12,3242,2024-10-04,2024-12-04
新市,01F-267.4S,23.469403,120.3777,3,6,3430,2024-04-03,2024-06-04
新市,01F-267.4S,23.469403,120.3777,3,8,3505,2024-06-05,2024-08-06
新市,01F-267.4S,23.469403,120.3777,3,10,3781,2024-08-07,2024-10-06
新市,01F-267.4S,23.469403,120.3777,3,12,2985,2024-10-07,2024-12-05
新市,01F-271.4S,23.436367,120.361561,4,5,3885,2024-03-06,2024-05-07
新市,01F-271.4S,23.436367,120.361561,4,7,3490,2024-05-08,2024-07-04
新市,01F-271.4S,23.436367,120.361561,4,9,3791,2024-07-05,2024-09-05
新市,01F-271.4S,23.436367,120.361561,4,11,3700,2024-09-06,2024-11-06
新市,01F-260.3N,23.526739,120.405583,3,5,3476,2024-03-08,2024-05-09
新市,01F-260.3N,23.526739,120.405583,3,7,3318,2024-05-10,2024-07-08
新市,01F-260.3N,23.526739,120.405583,3,9,3508,2024-07-09,2024-09-09
新市,01F-260.3N,23.526739,120.405583,3,11,3363,2024-09-10,2024-11-10
新市,03F-284.0S,23.558125,120.505061,3,6,3251,2024-04-12,2024-06-12
新市,03F-284.0S,23.558125,120.505061,3,8,3338,2024-06-13,2024-08-13
新市,03F-284.0S,23.558125,120.505061,3,10,3332,2024-08-14,2024-10-14
新市,03F-284.0S,23.558125,120.505061,3,12,3125,2024-10-15,2024-12-12
新市,01F-325.2N,22.991814,120.248175,3,5,3726,2024-03-14,2024-05-15
新市,01F-325.2N,22.991814,120.248175,3,7,3468,2024-05-16,2024-07-14
新市,01F-325.2N,22.991814,120.248175,3,9,3794,2024-07-15,2024-09-15
新市,01F-325.2N,22.991814,120.248175,3,11,3586,2024-09-16,2024-11-14
新市,01F-328.6N,22.960903,120.249822,3,5,3779,2024-03-06,2024-05-07
新市,01F-328.6N,22.960903,120.249822,3,7,3490,2024-05-08,2024-07-04
新市,01F-328.6N,22.960903,120.249822,3,9,3819,2024-07-05,2024-09-05
新市,01F-328.6N,22.960903,120.249822,3,11,3712,2024-09-06,2024-11-06
新市,01F-322.7N,23.014172,120.249997,3,5,3750,2024-03-05,2024-05-06
新市,01F-322.7N,23.014172,120.249997,3,7,3434,2024-05-07,2024-07-03
新市,01F-322.7N,23.014172,120.249997,3,9,3771,2024-07-04,2024-09-04
新市,01F-322.7N,23.014172,120.249997,3,11,3670,2024-09-05,2024-11-05
新市,01F-318.5N,23.051311,120.253025,3,6,3702,2024-04-02,2024-06-03
新市,01F-318.5N,23.051311,120.253025,3,8,3736,2024-06-04,2024-08-05
新市,01F-318.5N,23.051311,120.253025,3,10,3469,2024-08-06,2024-10-03
新市,01F-318.5N,23.051311,120.253025,3,12,3565,2024-10-04,2024-12-04
田寮,03F-349.6SN,23.040203,120.325172,3,5,3407,2024-03-14,2024-05-15
田寮,03F-349.6SN,23.040203,120.325172,3,7,3285,2024-05-16,2024-07-14
田寮,03F-349.6SN,23.040203,120.325172,3,9,3487,2024-07-15,2024-09-15
田寮,03F-349.6SN,23.040203,120.325172,3,11,3241,2024-09-16,2024-11-14
田寮,03F-367.0SN,22.901969,120.354767,3,6,3083,2024-04-15,2024-06-13
田寮,03F-367.0SN,22.901969,120.354767,3,8,3149,2024-06-14,2024-08-14
田寮,03F-367.0SN,22.901969,120.354767,3,10,3231,2024-08-15,2024-10-15
田寮,03F-367.0SN,22.901969,120.354767,3,12,2920,2024-10-16,2024-12-15
田寮,03F-358.8SN,22.969758,120.340164,3,6,3155,2024-04-16,2024-06-16
田寮,03F-358.8SN,22.969758,120.340164,3,8,3240,2024-06-17,2024-08-15
田寮,03F-358.8SN,22.969758,120.340164,3,10,3157,2024-08-16,2024-10-16
田寮,03F-358.8SN,22.969758,120.340164,3,12,3073,2024-10-17,2024-12-16
新市,善化作業室,,,,5,998,2024-04-02,2024-05-06
新市,善化作業室,,,,6,867,2024-05-07,2024-06-03
新市,善化作業室,,,,7,1008,2024-06-04,2024-07-03
新市,善化作業室,,,,8,1124,2024-07-04,2024-08-05
新市,善化作業室,,,,9,991,2024-08-06,2024-09-04
新市,善化作業室,,,,10,954,2024-09-05,2024-10-03
新市,善化作業室,,,,11,1014,2024-10-04,2024-11-05
新市,善化作業室,,,,12,734,2024-11-06,2024-12-04
田寮,03F-344.5SN,23.085272,120.329033,3,5,3369,2024-02-27,2024-05-02
田寮,03F-344.5SN,23.085272,120.329033,3,7,3197,2024-05-03,2024-07-01
田寮,03F-344.5SN,23.085272,120.329033,3,9,3382,2024-07-02,2024-09-02
田寮,03F-344.5SN,23.085272,120.329033,3,11,3298,2024-09-03,2024-11-03
田寮,03F-344.5SN,23.085272,120.329033,3,1,2754,2024-11-04,2024-12-29
新市,03F-339.2N,23.132064,120.333711,3,6,3402,2024-04-10,2024-06-10
新市,03F-339.2N,23.132064,120.333711,3,8,3442,2024-06-11,2024-08-11
新市,03F-339.2N,23.132064,120.333711,3,10,3259,2024-08-12,2024-10-10
新市,03F-339.2N,23.132064,120.333711,3,12,3322,2024-10-11,2024-12-10
新市,01F-312.6S,23.104817,120.247681,3,5,3413,2024-03-19,2024-05-20
新市,01F-312.6S,23.104817,120.247681,3,7,3363,2024-05-21,2024-07-17
新市,01F-312.6S,23.104817,120.247681,3,9,3598,2024-07-18,2024-09-19
新市,01F-312.6S,23.104817,120.247681,3,11,3438,2024-09-20,2024-11-19
新市,新市作業室,,,,5,7358,2024-04-18,2024-05-20
新市,新市作業室,,,,6,6621,2024-05-21,2024-06-18
新市,新市作業室,,,,7,8453,2024-06-19,2024-07-17
新市,新市作業室,,,,8,8259,2024-07-18,2024-08-19
新市,新市作業室,,,,9,7647,2024-08-20,2024-09-19
新市,新市作業室,,,,10,6711,2024-09-20,2024-10-20
新市,新市作業室,,,,11,5970,2024-10-21,2024-11-19
新市,新市作業室,,,,12,5015,2024-11-20,2024-12-18
田寮,01F-355.9N,22.730903,120.334286,3,7,2249,2024-04-26,2024-06-25
田寮,01F-355.9N,22.730903,120.334286,3,9,2354,2024-06-26,2024-08-27
田寮,01F-355.9N,22.730903,120.334286,3,11,2307,2024-08-28,2024-10-28
田寮,01F-355.9N,22.730903,120.334286,3,1,2069,2024-10-29,2024-12-25
田寮,01F-356.1S,22.728956,120.333764,3,7,2325,2024-04-26,2024-06-25
田寮,01F-356.1S,22.728956,120.333764,3,9,2444,2024-06-26,2024-08-27
田寮,01F-356.1S,22.728956,120.333764,3,11,2380,2024-08-28,2024-10-28
田寮,01F-356.1S,22.728956,120.333764,3,1,2122,2024-10-29,2024-12-25
田寮,01F-353.5SN,22.752806,120.334056,3,6,3608,2024-04-01,2024-05-29
田寮,01F-353.5SN,22.752806,120.334056,3,8,3958,2024-05-30,2024-08-04
田寮,01F-353.5SN,22.752806,120.334056,3,10,3661,2024-08-05,2024-10-02
田寮,01F-353.5SN,22.752806,120.334056,3,12,3518,2024-10-03,2024-12-03
田寮,岡山維運站,,,,5,873,2024-04-03,2024-05-07
田寮,岡山維運站,,,,6,672,2024-05-08,2024-06-04
田寮,岡山維運站,,,,7,843,2024-06-05,2024-07-04
田寮,岡山維運站,,,,8,868,2024-07-05,2024-08-06
田寮,岡山維運站,,,,9,787,2024-08-07,2024-09-05
田寮,岡山維運站,,,,10,802,2024-09-06,2024-10-06
田寮,岡山維運站,,,,11,731,2024-10-07,2024-11-06
田寮,岡山維運站,,,,12,573,2024-11-07,2024-12-05
田寮,01F-346.0SN,22.818039,120.312731,3,6,3512,2024-04-03,2024-06-04
田寮,01F-346.0SN,22.818039,120.312731,3,8,3579,2024-06-05,2024-08-06
田寮,01F-346.0SN,22.818039,120.312731,3,10,3470,2024-08-07,2024-10-06
田寮,01F-346.0SN,22.818039,120.312731,3,12,3346,2024-10-07,2024-12-05
田寮,01F-336.6SN,22.892619,120.27215,3,6,3713,2024-04-03,2024-06-04
田寮,01F-336.6SN,22.892619,120.27215,3,8,3836,2024-06-05,2024-08-06
田寮,01F-336.6SN,22.892619,120.27215,3,10,3505,2024-08-07,2024-10-06
田寮,01F-336.6SN,22.892619,120.27215,3,12,3581,2024-10-07,2024-12-05
田寮,01F-339.8SN,22.867419,120.284989,3,6,3778,2024-04-08,2024-06-05
田寮,01F-339.8SN,22.867419,120.284989,3,8,3853,2024-06-06,2024-08-07
田寮,01F-339.8SN,22.867419,120.284989,3,10,3743,2024-08-08,2024-10-07
田寮,01F-339.8SN,22.867419,120.284989,3,12,3560,2024-10-08,2024-12-08
田寮,田寮維運站,,,,5,3134,2024-04-11,2024-05-13
田寮,田寮維運站,,,,6,2496,2024-05-14,2024-06-11
田寮,田寮維運站,,,,7,3072,2024-06-12,2024-07-10
田寮,田寮維運站,,,,8,3371,2024-07-11,2024-08-12
田寮,田寮維運站,,,,9,2811,2024-08-13,2024-09-11
田寮,田寮維運站,,,,10,2842,2024-09-12,2024-10-13
田寮,田寮維運站,,,,11,2506,2024-10-14,2024-11-12
田寮,田寮維運站,,,,12,1831,2024-11-13,2024-12-11
田寮,03F-374.3SN,22.845122,120.385428,3,5,3272,2024-03-12,2024-05-13
田寮,03F-374.3SN,22.845122,120.385428,3,7,3154,2024-05-14,2024-07-10
田寮,03F-374.3SN,22.845122,120.385428,3,9,3614,2024-07-11,2024-09-11
田寮,03F-374.3SN,22.845122,120.385428,3,11,3586,2024-09-12,2024-11-12
田寮,03F-425.9N,22.477464,120.531386,2,6,1980,2024-04-17,2024-06-17
田寮,03F-425.9N,22.477464,120.531386,2,8,2015,2024-06-18,2024-08-18
田寮,03F-425.9N,22.477464,120.531386,2,10,1900,2024-08-19,2024-10-17
田寮,03F-425.9N,22.477464,120.531386,2,12,1915,2024-10-18,2024-12-17
田寮,03F-426.3S,22.474661,120.530844,2,6,1936,2024-04-17,2024-06-17
田寮,03F-426.3S,22.474661,120.530844,2,8,1925,2024-06-18,2024-08-18
田寮,03F-426.3S,22.474661,120.530844,2,10,1947,2024-08-19,2024-10-17
田寮,03F-426.3S,22.474661,120.530844,2,12,1879,2024-10-18,2024-12-17
田寮,03F-423.2SN,22.501367,120.525775,2,5,3107,2024-03-14,2024-05-15
田寮,03F-423.2SN,22.501367,120.525775,2,7,2822,2024-05-16,2024-07-14
田寮,03F-423.2SN,22.501367,120.525775,2,9,3051,2024-07-15,2024-09-15
田寮,03F-423.2SN,22.501367,120.525775,2,11,2919,2024-09-16,2024-11-14
田寮,03F-416.8N,22.557408,120.524761,2,7,1977,2024-04-29,2024-06-26
田寮,03F-416.8N,22.557408,120.524761,2,9,2199,2024-06-27,2024-08-28
田寮,03F-416.8N,22.557408,120.524761,2,11,2097,2024-08-29,2024-10-29
田寮,03F-416.8N,22.557408,120.524761,2,1,1913,2024-10-30,2024-12-26
田寮,03F-416.8S,22.557186,120.524558,2,7,2001,2024-04-29,2024-06-26
田寮,03F-416.8S,22.557186,120.524558,2,9,2167,2024-06-27,2024-08-28
田寮,03F-416.8S,22.557186,120.524558,2,11,2080,2024-08-29,2024-10-29
田寮,03F-416.8S,22.557186,120.524558,2,1,1940,2024-10-30,2024-12-26
田寮,03F-414.2SN,22.579586,120.526161,2,6,3131,2024-04-03,2024-06-04
田寮,03F-414.2SN,22.579586,120.526161,2,8,3289,2024-06-05,2024-08-06
田寮,03F-414.2SN,22.579586,120.526161,2,10,2909,2024-08-07,2024-10-06
田寮,03F-414.2SN,22.579586,120.526161,2,12,3017,2024-10-07,2024-12-05
田寮,竹田維運站,,,,5,3968,2024-04-09,2024-05-09
田寮,竹田維運站,,,,6,3140,2024-05-10,2024-06-06
田寮,竹田維運站,,,,7,4096,2024-06-07,2024-07-08
田寮,竹田維運站,,,,8,3694,2024-07-09,2024-08-08
田寮,竹田維運站,,,,9,3718,2024-08-09,2024-09-09
田寮,竹田維運站,,,,10,2947,2024-09-10,2024-10-08
田寮,竹田維運站,,,,11,3370,2024-10-09,2024-11-10
田寮,竹田維運站,,,,12,2594,2024-11-11,2024-12-09
田寮,03F-402.1N,22.680347,120.563311,2,5,2097,2024-03-13,2024-05-14
田寮,03F-402.1N,22.680347,120.563311,2,7,1945,2024-05-15,2024-07-11
田寮,03F-402.1N,22.680347,120.563311,2,9,2115,2024-07-12,2024-09-12
田寮,03F-402.1N,22.680347,120.563311,2,11,2033,2024-09-13,2024-11-13
田寮,03F-398.1S,22.7058,120.539336,2,6,1684,2024-04-01,2024-05-29
田寮,03F-398.1S,22.7058,120.539336,2,8,1825,2024-05-30,2024-08-04
田寮,03F-398.1S,22.7058,120.539336,2,10,1706,2024-08-05,2024-10-02
田寮,03F-398.1S,22.7058,120.539336,2,12,1667,2024-10-03,2024-12-03
田寮,03F-398.4N,22.704642,120.541133,2,6,1876,2024-04-01,2024-05-29
田寮,03F-398.4N,22.704642,120.541133,2,8,1967,2024-05-30,2024-08-04
田寮,03F-398.4N,22.704642,120.541133,2,10,1803,2024-08-05,2024-10-02
田寮,03F-398.4N,22.704642,120.541133,2,12,1778,2024-10-03,2024-12-03
田寮,03F-401.8S,22.682775,120.563086,2,5,2201,2024-03-08,2024-05-09
田寮,03F-401.8S,22.682775,120.563086,2,7,2063,2024-05-10,2024-07-08
田寮,03F-401.8S,22.682775,120.563086,2,9,2205,2024-07-09,2024-09-09
田寮,03F-401.8S,22.682775,120.563086,2,11,2115,2024-09-10,2024-11-10
田寮,03F-391.6SN,22.749792,120.496839,3,5,3397,2024-03-13,2024-05-14
田寮,03F-391.6SN,22.749792,120.496839,3,7,3213,2024-05-15,2024-07-11
田寮,03F-391.6SN,22.749792,120.496839,3,9,3442,2024-07-12,2024-09-12
田寮,03F-391.6SN,22.749792,120.496839,3,11,3349,2024-09-13,2024-11-13
泰山,01F-024.8S,25.07763056,121.5166028,4,5,2634,2024-03-05,2024-05-06
泰山,01F-024.8S,25.07763056,121.5166028,4,7,2498,2024-05-07,2024-07-03
泰山,01F-024.8S,25.07763056,121.5166028,4,9,2697,2024-07-04,2024-09-04
泰山,01F-024.8S,25.07763056,121.5166028,4,11,2656,2024-09-05,2024-11-05
樹林,03F-013.6S,25.052742,121.631281,4,6,2378,2024-04-10,2024-06-10
樹林,03F-013.6S,25.052742,121.631281,4,8,2446,2024-06-11,2024-08-11
樹林,03F-013.6S,25.052742,121.631281,4,10,2349,2024-08-12,2024-10-10
樹林,03F-013.6S,25.052742,121.631281,4,12,2273,2024-10-11,2024-12-10
樹林,03F-014.0N,25.050319,121.628156,4,6,2177,2024-04-10,2024-06-10
樹林,03F-014.0N,25.050319,121.628156,4,8,2255,2024-06-11,2024-08-11
樹林,03F-014.0N,25.050319,121.628156,4,10,2158,2024-08-12,2024-10-10
樹林,03F-014.0N,25.050319,121.628156,4,12,2111,2024-10-11,2024-12-10
樹林,03F-015.8S,25.036533,121.621386,4,6,2523,2024-04-11,2024-06-11
樹林,03F-015.8S,25.036533,121.621386,4,8,2637,2024-06-12,2024-08-12
樹林,03F-015.8S,25.036533,121.621386,4,10,2589,2024-08-13,2024-10-13
樹林,03F-015.8S,25.036533,121.621386,4,12,2357,2024-10-14,2024-12-11
樹林,03F-015.0N,25.042389,121.624789,5,6,2368,2024-04-12,2024-06-12
樹林,03F-015.0N,25.042389,121.624789,5,8,2463,2024-06-13,2024-08-13
樹林,03F-015.0N,25.042389,121.624789,5,10,2461,2024-08-14,2024-10-14
樹林,03F-015.0N,25.042389,121.624789,5,12,2218,2024-10-15,2024-12-12
樹林,05F-000.1N,25.035036,121.624719,3,6,1951,2024-04-15,2024-06-13
樹林,05F-000.1N,25.035036,121.624719,3,8,2094,2024-06-14,2024-08-14
樹林,05F-000.1N,25.035036,121.624719,3,10,2072,2024-08-15,2024-10-15
樹林,05F-000.1N,25.035036,121.624719,3,12,1924,2024-10-16,2024-12-15
樹林,05F-000.0S,25.035183,121.623019,3,6,2064,2024-04-15,2024-06-13
樹林,05F-000.0S,25.035183,121.623019,3,8,2295,2024-06-14,2024-08-14
樹林,05F-000.0S,25.035183,121.623019,3,10,2040,2024-08-15,2024-10-15
樹林,05F-000.0S,25.035183,121.623019,3,12,2019,2024-10-16,2024-12-15
泰山,01F-014.7SN,25.06564444,121.6135194,2,6,3219,2024-04-02,2024-06-03
泰山,01F-014.7SN,25.06564444,121.6135194,2,8,3305,2024-06-04,2024-08-05
泰山,01F-014.7SN,25.06564444,121.6135194,2,10,3061,2024-08-06,2024-10-03
泰山,01F-014.7SN,25.06564444,121.6135194,2,12,3074,2024-10-04,2024-12-04
泰山,01H-016.3S,25.064006,121.598733,2,6,2085,2024-04-18,2024-06-18
泰山,01H-016.3S,25.064006,121.598733,2,8,2161,2024-06-19,2024-08-19
泰山,01H-016.3S,25.064006,121.598733,2,10,2130,2024-08-20,2024-10-20
泰山,01H-016.3S,25.064006,121.598733,2,12,1938,2024-10-21,2024-12-18
泰山,01F-015.3SN,25.064911,121.607778,3,6,4295,2024-04-18,2024-06-18
泰山,01F-015.3SN,25.064911,121.607778,3,8,3349,2024-06-19,2024-08-19
泰山,01F-015.3SN,25.064911,121.607778,3,10,3361,2024-08-20,2024-10-20
泰山,01F-015.3SN,25.064911,121.607778,3,12,3073,2024-10-21,2024-12-18
泰山,01H-017.4N,25.065544,121.588044,2,7,2132,2024-04-26,2024-06-25
泰山,01H-017.4N,25.065544,121.588044,2,9,2267,2024-06-26,2024-08-27
泰山,01H-017.4N,25.065544,121.588044,2,11,2180,2024-08-28,2024-10-28
泰山,01H-017.4N,25.065544,121.588044,2,1,1956,2024-10-29,2024-12-25
泰山,01F-018.2S,25.06898611,121.5802306,2,5,2239,2024-03-04,2024-05-05
泰山,01F-018.2S,25.06898611,121.5802306,2,7,2106,2024-05-06,2024-07-02
泰山,01F-018.2S,25.06898611,121.5802306,2,9,2352,2024-07-03,2024-09-03
泰山,01F-018.2S,25.06898611,121.5802306,2,11,2232,2024-09-04,2024-11-04
員林,03F-219.4SN,23.985844,120.652714,4,6,3868,2024-04-17,2024-06-17
員林,03F-219.4SN,23.985844,120.652714,4,8,4002,2024-06-18,2024-08-18
員林,03F-219.4SN,23.985844,120.652714,4,10,3784,2024-08-19,2024-10-17
員林,03F-219.4SN,23.985844,120.652714,4,12,3784,2024-10-18,2024-12-17
員林,03F-215.3N,24.01894444,120.6631611,4,6,4812,2024-04-18,2024-06-18
員林,03F-215.3N,24.01894444,120.6631611,4,8,5070,2024-06-19,2024-08-19
員林,03F-215.3N,24.01894444,120.6631611,4,10,5002,2024-08-20,2024-10-20
員林,03F-215.3N,24.01894444,120.6631611,4,12,4564,2024-10-21,2024-12-18
員林,03F-223.5S,23.955503,120.661267,4,6,2306,2024-04-01,2024-05-29
員林,03F-223.5S,23.955503,120.661267,4,8,2711,2024-05-30,2024-08-04
員林,03F-223.5S,23.955503,120.661267,4,10,2372,2024-08-05,2024-10-02
員林,03F-223.5S,23.955503,120.661267,4,12,2426,2024-10-03,2024-12-03
員林,03F-223.1N,23.957103,120.657614,4,6,2481,2024-04-01,2024-05-29
員林,03F-223.1N,23.957103,120.657614,4,8,3002,2024-05-30,2024-08-04
員林,03F-223.1N,23.957103,120.657614,4,10,2630,2024-08-05,2024-10-02
員林,03F-223.1N,23.957103,120.657614,4,12,2620,2024-10-03,2024-12-03
員林,03F-230.6SN,23.906781,120.702828,3,5,3310,2024-03-08,2024-05-09
員林,03F-230.6SN,23.906781,120.702828,3,7,3263,2024-05-10,2024-07-08
員林,03F-230.6SN,23.906781,120.702828,3,9,3429,2024-07-09,2024-09-09
員林,03F-230.6SN,23.906781,120.702828,3,11,3286,2024-09-10,2024-11-10
員林,03F-226.0N,23.937928,120.676853,3,6,4321,2024-04-09,2024-06-06
員林,03F-226.0N,23.937928,120.676853,3,8,4671,2024-06-07,2024-08-08
員林,03F-226.0N,23.937928,120.676853,3,10,4351,2024-08-09,2024-10-08
員林,03F-226.0N,23.937928,120.676853,3,12,4145,2024-10-09,2024-12-09
員林,03F-233.6SN,23.882031,120.709186,3,5,3398,2024-03-04,2024-05-05
員林,03F-233.6SN,23.882031,120.709186,3,7,3171,2024-05-06,2024-07-02
員林,03F-233.6SN,23.882031,120.709186,3,9,3453,2024-07-03,2024-09-03
員林,03F-233.6SN,23.882031,120.709186,3,11,3359,2024-09-04,2024-11-04
員林,名間交控/作業室,,,,5,1389,2024-03-04,2024-05-05
員林,名間交控/作業室,,,,7,1490,2024-05-06,2024-07-02
員林,名間交控/作業室,,,,9,1615,2024-07-03,2024-09-03
員林,名間交控/作業室,,,,11,1449,2024-09-04,2024-11-04
員林,03F-241.5SN,23.814836,120.700003,3,6,3224,2024-04-17,2024-06-17
員林,03F-241.5SN,23.814836,120.700003,3,8,3374,2024-06-18,2024-08-18
員林,03F-241.5SN,23.814836,120.700003,3,10,3256,2024-08-19,2024-10-17
員林,03F-241.5SN,23.814836,120.700003,3,12,3115,2024-10-18,2024-12-17
員林,03F-244.7SN,23.787486,120.704519,3,5,706,2024-03-19,2024-05-20
員林,03F-244.7SN,23.787486,120.704519,3,7,559,2024-05-21,2024-07-17
員林,03F-244.7SN,23.787486,120.704519,3,9,88,2024-07-18,2024-09-19
員林,03F-244.7SN,23.787486,120.704519,3,11,40,2024-09-20,2024-11-19
員林,03F-210.0S,24.060653,120.670964,3,6,2305,2024-04-10,2024-06-10
員林,03F-210.0S,24.060653,120.670964,3,8,2385,2024-06-11,2024-08-11
員林,03F-210.0S,24.060653,120.670964,3,10,2266,2024-08-12,2024-10-10
員林,03F-210.0S,24.060653,120.670964,3,12,2201,2024-10-11,2024-12-10
員林,03F-210.0N,24.060428,120.671533,3,6,2347,2024-04-10,2024-06-10
員林,03F-210.0N,24.060428,120.671533,3,8,2444,2024-06-11,2024-08-11
員林,03F-210.0N,24.060428,120.671533,3,10,2328,2024-08-12,2024-10-10
員林,03F-210.0N,24.060428,120.671533,3,12,2262,2024-10-11,2024-12-10
員林,03F-212.5N,24.040994,120.677853,4,6,2581,2024-04-11,2024-06-11
員林,03F-212.5N,24.040994,120.677853,4,8,2723,2024-06-12,2024-08-12
員林,03F-212.5N,24.040994,120.677853,4,10,2689,2024-08-13,2024-10-13
員林,03F-212.5N,24.040994,120.677853,4,12,2457,2024-10-14,2024-12-11
員林,03F-212.9S,24.037419,120.675925,4,6,2615,2024-04-11,2024-06-11
員林,03F-212.9S,24.037419,120.675925,4,8,2786,2024-06-12,2024-08-12
員林,03F-212.9S,24.037419,120.675925,4,10,2749,2024-08-13,2024-10-13
員林,03F-212.9S,24.037419,120.675925,4,12,2480,2024-10-14,2024-12-11
田寮,01F-367.6SN,22.627819,120.336222,3,6,3531,2024-03-28,2024-05-28
田寮,01F-367.6SN,22.627819,120.336222,3,8,3852,2024-05-29,2024-08-01
田寮,01F-367.6SN,22.627819,120.336222,3,10,3531,2024-08-02,2024-10-01
田寮,01F-367.6SN,22.627819,120.336222,3,12,3499,2024-10-02,2024-12-02
田寮,01F-369.6N,22.609428,120.339608,4,5,2722,2024-03-11,2024-05-12
田寮,01F-369.6N,22.609428,120.339608,4,7,2619,2024-05-13,2024-07-09
田寮,01F-369.6N,22.609428,120.339608,4,9,2759,2024-07-10,2024-09-10
田寮,01F-369.6N,22.609428,120.339608,4,11,2669,2024-09-11,2024-11-11
田寮,01F-368.6SN,22.619119,120.336647,4,6,2540,2024-04-16,2024-06-16
田寮,01F-368.6SN,22.619119,120.336647,4,8,2703,2024-06-17,2024-08-15
田寮,01F-368.6SN,22.619119,120.336647,4,10,2669,2024-08-16,2024-10-16
田寮,01F-368.6SN,22.619119,120.336647,4,12,2551,2024-10-17,2024-12-16
田寮,01F-364.0SN,22.658892,120.332081,5,7,4386,2024-04-26,2024-06-25
田寮,01F-364.0SN,22.658892,120.332081,5,9,4592,2024-06-26,2024-08-27
田寮,01F-364.0SN,22.658892,120.332081,5,11,4519,2024-08-28,2024-10-28
田寮,01F-364.0SN,22.658892,120.332081,5,1,4105,2024-10-29,2024-12-25
田寮,01F-373.6SN,22.581933,120.32315,2,6,2789,2024-03-28,2024-05-28
田寮,01F-373.6SN,22.581933,120.32315,2,8,2973,2024-05-29,2024-08-01
田寮,01F-373.6SN,22.581933,120.32315,2,10,2774,2024-08-02,2024-10-01
田寮,01F-373.6SN,22.581933,120.32315,2,12,2757,2024-10-02,2024-12-02
田寮,01F-359.0SN,22.703364,120.328181,4,5,4448,2024-03-07,2024-05-08
田寮,01F-359.0SN,22.703364,120.328181,4,7,4145,2024-05-09,2024-07-07
田寮,01F-359.0SN,22.703364,120.328181,4,9,4525,2024-07-08,2024-09-08
田寮,01F-359.0SN,22.703364,120.328181,4,11,4400,2024-09-09,2024-11-07
田寮,03F-385.4SN,22.769197,120.441839,3,6,3172,2024-04-10,2024-06-10
田寮,03F-385.4SN,22.769197,120.441839,3,8,3120,2024-06-11,2024-08-11
田寮,03F-385.4SN,22.769197,120.441839,3,10,3189,2024-08-12,2024-10-10
田寮,03F-385.4SN,22.769197,120.441839,3,12,3240,2024-10-11,2024-12-10
員林,03F-261.4SN,23.724425,120.601786,3,6,3313,2024-04-11,2024-06-11
員林,03F-261.4SN,23.724425,120.601786,3,8,3220,2024-06-12,2024-08-12
員林,03F-261.4SN,23.724425,120.601786,3,10,3297,2024-08-13,2024-10-13
員林,03F-261.4SN,23.724425,120.601786,3,12,3253,2024-10-14,2024-12-11
新市,03F-270.9S,23.649142,120.57295,3,5,3227,2024-03-11,2024-05-12
新市,03F-270.9S,23.649142,120.57295,3,7,3062,2024-05-13,2024-07-09
新市,03F-270.9S,23.649142,120.57295,3,9,3209,2024-07-10,2024-09-10
新市,03F-270.9S,23.649142,120.57295,3,11,3130,2024-09-11,2024-11-11
新市,03F-274.7N,23.618203,120.558567,3,6,3165,2024-04-10,2024-06-10
新市,03F-274.7N,23.618203,120.558567,3,8,3534,2024-06-11,2024-08-11
新市,03F-274.7N,23.618203,120.558567,3,10,3375,2024-08-12,2024-10-10
新市,03F-274.7N,23.618203,120.558567,3,12,3314,2024-10-11,2024-12-10
員林,古坑收費站,,,,5,1514,2024-04-10,2024-05-12
員林,古坑收費站,,,,6,1498,2024-05-13,2024-06-10
員林,古坑收費站,,,,7,1948,2024-06-11,2024-07-09
員林,古坑收費站,,,,8,1615,2024-07-10,2024-08-11
員林,古坑收費站,,,,9,1568,2024-08-12,2024-09-10
員林,古坑收費站,,,,10,1301,2024-09-11,2024-10-10
員林,古坑收費站,,,,11,1357,2024-10-11,2024-11-11
員林,古坑收費站,,,,12,1039,2024-11-12,2024-12-10
新市,03F-277.7N,23.606792,120.532511,3,6,3280,2024-04-11,2024-06-11
新市,03F-277.7N,23.606792,120.532511,3,8,3369,2024-06-12,2024-08-12
新市,03F-277.7N,23.606792,120.532511,3,10,3212,2024-08-13,2024-10-13
新市,03F-277.7N,23.606792,120.532511,3,12,3183,2024-10-14,2024-12-11
員林,03F-253.5SN,23.775581,120.6259,3,6,3328,2024-04-11,2024-06-11
員林,03F-253.5SN,23.775581,120.6259,3,8,3261,2024-06-12,2024-08-12
員林,03F-253.5SN,23.775581,120.6259,3,10,3183,2024-08-13,2024-10-13
員林,03F-253.5SN,23.775581,120.6259,3,12,2932,2024-10-14,2024-12-11
員林,01F-242.5SN,23.677375,120.462281,4,6,3872,2024-04-02,2024-06-03
員林,01F-242.5SN,23.677375,120.462281,4,8,3908,2024-06-04,2024-08-05
員林,01F-242.5SN,23.677375,120.462281,4,10,3672,2024-08-06,2024-10-03
員林,01F-242.5SN,23.677375,120.462281,4,12,3742,2024-10-04,2024-12-04
員林,01F-239.4SN,23.702603,120.474917,3,6,3388,2024-04-03,2024-06-04
員林,01F-239.4SN,23.702603,120.474917,3,8,3185,2024-06-05,2024-08-06
員林,01F-239.4SN,23.702603,120.474917,3,10,3190,2024-08-07,2024-10-06
員林,01F-239.4SN,23.702603,120.474917,3,12,3240,2024-10-07,2024-12-05
員林,01F-232.2SN,23.766328,120.469342,3,5,3378,2024-03-07,2024-05-08
員林,01F-232.2SN,23.766328,120.469342,3,7,3045,2024-05-09,2024-07-07
員林,01F-232.2SN,23.766328,120.469342,3,9,3406,2024-07-08,2024-09-08
員林,01F-232.2SN,23.766328,120.469342,3,11,3332,2024-09-09,2024-11-07
員林,01F-247.2S,23.639556,120.443114,3,6,3321,2024-04-18,2024-06-18
員林,01F-247.2S,23.639556,120.443114,3,8,3477,2024-06-19,2024-08-19
員林,01F-247.2S,23.639556,120.443114,3,10,3280,2024-08-20,2024-10-20
員林,01F-247.2S,23.639556,120.443114,3,12,3222,2024-10-21,2024-12-18
員林,斗南收費站,,,,5,736,2024-04-18,2024-05-20
員林,斗南收費站,,,,6,769,2024-05-21,2024-06-18
員林,斗南收費站,,,,7,841,2024-06-19,2024-07-17
員林,斗南收費站,,,,8,892,2024-07-18,2024-08-19
員林,斗南收費站,,,,9,817,2024-08-20,2024-09-19
員林,斗南收費站,,,,10,857,2024-09-20,2024-10-20
員林,斗南收費站,,,,11,812,2024-10-21,2024-11-19
員林,斗南收費站,,,,12,597,2024-11-20,2024-12-18
員林,01F-248.3S,,,,6,40,2024-04-18,2024-06-18
員林,01F-248.3S,,,,8,40,2024-06-19,2024-08-19
員林,01F-248.3S,,,,9,0,2024-08-20,2024-08-29
新市,01F-282.7S,23.347469,120.322192,3,6,3117,2024-04-17,2024-06-17
新市,01F-282.7S,23.347469,120.322192,3,8,3293,2024-06-18,2024-08-18
新市,01F-282.7S,23.347469,120.322192,3,10,3232,2024-08-19,2024-10-17
新市,01F-282.7S,23.347469,120.322192,3,12,3159,2024-10-18,2024-12-17
新市,01F-286.6S,23.320994,120.298703,3,6,3413,2024-04-17,2024-06-17
新市,01F-286.6S,23.320994,120.298703,3,8,3397,2024-06-18,2024-08-18
新市,01F-286.6S,23.320994,120.298703,3,10,3374,2024-08-19,2024-10-17
新市,01F-286.6S,23.320994,120.298703,3,12,3229,2024-10-18,2024-12-17
新市,03F-325.9S,23.244994,120.367378,3,5,3424,2024-03-15,2024-05-16
新市,03F-325.9S,23.244994,120.367378,3,7,3240,2024-05-17,2024-07-15
新市,03F-325.9S,23.244994,120.367378,3,9,3425,2024-07-16,2024-09-17
新市,03F-325.9S,23.244994,120.367378,3,11,3237,2024-09-18,2024-11-17
新市,03F-330.7N,23.203275,120.355461,3,6,3408,2024-04-17,2024-06-17
新市,03F-330.7N,23.203275,120.355461,3,8,3464,2024-06-18,2024-08-18
新市,03F-330.7N,23.203275,120.355461,3,10,3302,2024-08-19,2024-10-17
新市,03F-330.7N,23.203275,120.355461,3,12,3241,2024-10-18,2024-12-17
新市,01F-308.3N,23.140751,120.23327,3,7,3468,2024-04-29,2024-06-26
新市,01F-308.3N,23.140751,120.23327,3,9,3675,2024-06-27,2024-08-28
新市,01F-308.3N,23.140751,120.23327,3,11,3476,2024-08-29,2024-10-29
新市,01F-308.3N,23.140751,120.23327,3,1,3184,2024-10-30,2024-12-26
新市,01F-301.9N,23.197286,120.236422,3,6,3495,2024-03-28,2024-05-28
新市,01F-301.9N,23.197286,120.236422,3,8,3716,2024-05-29,2024-08-01
新市,01F-301.9N,23.197286,120.236422,3,10,3611,2024-08-02,2024-10-01
新市,01F-301.9N,23.197286,120.236422,3,12,3486,2024-10-02,2024-12-02
新市,03F-318.7N,23.296692,120.404164,3,6,3148,2024-04-01,2024-05-29
新市,03F-318.7N,23.296692,120.404164,3,8,3340,2024-05-30,2024-08-04
新市,03F-318.7N,23.296692,120.404164,3,10,3244,2024-08-05,2024-10-02
新市,03F-318.7N,23.296692,120.404164,3,12,3141,2024-10-03,2024-12-03
新市,03F-321.1S,23.279281,120.390253,3,6,3492,2024-04-02,2024-06-03
新市,03F-321.1S,23.279281,120.390253,3,8,3409,2024-06-04,2024-08-05
新市,03F-321.1S,23.279281,120.390253,3,10,3233,2024-08-06,2024-10-03
新市,03F-321.1S,23.279281,120.390253,3,12,3279,2024-10-04,2024-12-04
新市,01F-293.0S,23.272589,120.265769,3,6,3428,2024-04-18,2024-06-18
新市,01F-293.0S,23.272589,120.265769,3,8,3539,2024-06-19,2024-08-19
新市,01F-293.0S,23.272589,120.265769,3,10,3255,2024-08-20,2024-10-20
新市,01F-293.0S,23.272589,120.265769,3,12,3225,2024-10-21,2024-12-18
新市,新營作業室,,,,5,743,2024-04-08,2024-05-08
新市,新營作業室,,,,6,781,2024-05-09,2024-06-05
新市,新營作業室,,,,7,892,2024-06-06,2024-07-07
新市,新營作業室,,,,8,848,2024-07-08,2024-08-07
新市,新營作業室,,,,9,725,2024-08-08,2024-09-08
新市,新營作業室,,,,10,876,2024-09-09,2024-10-07
新市,新營作業室,,,,11,773,2024-10-08,2024-11-07
新市,新營作業室,,,,12,643,2024-11-08,2024-12-08
新市,白河作業室,,,,6,1316,2024-03-26,2024-05-26
新市,白河作業室,,,,8,1522,2024-05-27,2024-07-28
新市,白河作業室,,,,10,1348,2024-07-29,2024-09-25
新市,白河作業室,,,,12,1311,2024-09-26,2024-11-26
新市,03F-310.1N,23.361253,120.436356,3,7,3448,2024-04-26,2024-06-25
新市,03F-310.1N,23.361253,120.436356,3,9,3448,2024-06-26,2024-08-27
新市,03F-310.1N,23.361253,120.436356,3,11,3448,2024-08-28,2024-10-28
新市,03F-310.1N,23.361253,120.436356,3,1,1540,2024-10-29,2024-12-25
后里,01F-112.3N,24.67931667,120.9042667,3,6,3245,2024-04-01,2024-05-29
后里,01F-112.3N,24.67931667,120.9042667,3,8,3889,2024-05-30,2024-08-04
后里,01F-112.3N,24.67931667,120.9042667,3,10,3266,2024-08-05,2024-10-02
后里,01F-112.3N,24.67931667,120.9042667,3,12,3298,2024-10-03,2024-12-03
后里,03F-116.1N,24.698006,120.860086,3,5,3299,2024-03-08,2024-05-09
后里,03F-116.1N,24.698006,120.860086,3,7,3255,2024-05-10,2024-07-08
后里,03F-116.1N,24.698006,120.860086,3,9,3469,2024-07-09,2024-09-09
后里,03F-116.1N,24.698006,120.860086,3,11,3310,2024-09-10,2024-11-10
后里,03F-112.8S,24.711383,120.889639,3,5,3223,2024-03-13,2024-05-14
后里,03F-112.8S,24.711383,120.889639,3,7,3177,2024-05-15,2024-07-11
后里,03F-112.8S,24.711383,120.889639,3,9,3460,2024-07-12,2024-09-12
后里,03F-112.8S,24.711383,120.889639,3,11,3247,2024-09-13,2024-11-13
后里,造橋作業室,,,,5,794,2024-04-17,2024-05-19
后里,造橋作業室,,,,6,891,2024-05-20,2024-06-17
后里,造橋作業室,,,,7,1194,2024-06-18,2024-07-16
后里,造橋作業室,,,,8,1390,2024-07-17,2024-08-18
后里,造橋作業室,,,,9,1242,2024-08-19,2024-09-18
后里,造橋作業室,,,,10,962,2024-09-19,2024-10-17
后里,造橋作業室,,,,11,808,2024-10-18,2024-11-18
后里,造橋作業室,,,,12,564,2024-11-19,2024-12-17
后里,01F-129.2S,24.550442,120.838925,3,6,3360,2024-04-11,2024-06-11
后里,01F-129.2S,24.550442,120.838925,3,8,3180,2024-06-12,2024-08-12
后里,01F-129.2S,24.550442,120.838925,3,10,3134,2024-08-13,2024-10-13
后里,01F-129.2S,24.550442,120.838925,3,12,3685,2024-10-14,2024-12-11
后里,01F-138.9S,24.485919,120.781903,3,5,3438,2024-03-06,2024-05-07
后里,01F-138.9S,24.485919,120.781903,3,7,3231,2024-05-08,2024-07-04
后里,01F-138.9S,24.485919,120.781903,3,9,3640,2024-07-05,2024-09-05
后里,01F-138.9S,24.485919,120.781903,3,11,3468,2024-09-06,2024-11-06
后里,03F-133.2N,24.579642,120.764417,3,6,3160,2024-04-03,2024-06-04
后里,03F-133.2N,24.579642,120.764417,3,8,3252,2024-06-05,2024-08-06
后里,03F-133.2N,24.579642,120.764417,3,10,2994,2024-08-07,2024-10-06
后里,03F-133.2N,24.579642,120.764417,3,12,3038,2024-10-07,2024-12-05
后里,01F-146.5N,24.420514,120.775731,3,6,3297,2024-03-26,2024-05-26
后里,01F-146.5N,24.420514,120.775731,3,8,3726,2024-05-27,2024-07-28
后里,01F-146.5N,24.420514,120.775731,3,10,3239,2024-07-29,2024-09-25
后里,01F-146.5N,24.420514,120.775731,3,12,3325,2024-09-26,2024-11-26
后里,03F-125.7N,24.627161,120.814006,3,6,3349,2024-04-10,2024-06-10
后里,03F-125.7N,24.627161,120.814006,3,8,3524,2024-06-11,2024-08-11
后里,03F-125.7N,24.627161,120.814006,3,10,3224,2024-08-12,2024-10-10
后里,03F-125.7N,24.627161,120.814006,3,12,3100,2024-10-11,2024-12-10
后里,後龍作業室,,,,5,1003,2024-04-10,2024-05-12
后里,後龍作業室,,,,6,927,2024-05-13,2024-06-10
后里,後龍作業室,,,,7,1291,2024-06-11,2024-07-09
后里,後龍作業室,,,,8,1512,2024-07-10,2024-08-11
后里,後龍作業室,,,,9,1205,2024-08-12,2024-09-10
后里,後龍作業室,,,,10,1086,2024-09-11,2024-10-10
后里,後龍作業室,,,,11,967,2024-10-11,2024-11-11
后里,後龍作業室,,,,12,710,2024-11-12,2024-12-10
后里,03F-121.5N,24.655964,120.838242,3,6,3117,2024-04-10,2024-06-10
后里,03F-121.5N,24.655964,120.838242,3,8,3478,2024-06-11,2024-08-11
后里,03F-121.5N,24.655964,120.838242,3,10,3357,2024-08-12,2024-10-10
后里,03F-121.5N,24.655964,120.838242,3,12,3300,2024-10-11,2024-12-10
后里,03F-139.5S,24.531125,120.733253,3,6,3645,2024-03-25,2024-05-23
后里,03F-139.5S,24.531125,120.733253,3,8,3729,2024-05-24,2024-07-25
后里,03F-139.5S,24.531125,120.733253,3,10,3414,2024-07-26,2024-09-24
后里,03F-139.5S,24.531125,120.733253,3,12,3218,2024-09-25,2024-11-25
后里,03F-148.5S,24.467308,120.681217,3,5,3458,2024-02-27,2024-05-02
后里,03F-148.5S,24.467308,120.681217,3,7,3240,2024-05-03,2024-07-01
后里,03F-148.5S,24.467308,120.681217,3,9,3371,2024-07-02,2024-09-02
后里,03F-148.5S,24.467308,120.681217,3,11,3315,2024-09-03,2024-11-03
后里,03F-148.5S,24.467308,120.681217,3,1,2969,2024-11-04,2024-12-29
后里,大甲作業室,,,,5,1080,2024-04-03,2024-05-07
后里,大甲作業室,,,,6,880,2024-05-08,2024-06-04
后里,大甲作業室,,,,7,1440,2024-06-05,2024-07-04
后里,大甲作業室,,,,8,1600,2024-07-05,2024-08-06
后里,大甲作業室,,,,9,1320,2024-08-07,2024-09-05
后里,大甲作業室,,,,10,1200,2024-09-06,2024-10-06
后里,大甲作業室,,,,11,880,2024-10-07,2024-11-06
后里,大甲作業室,,,,12,600,2024-11-07,2024-12-05
