,Latitude,Longitude,Lane Count,Month,ClimateType,Estimated Monthly Consumption (kWh)
0,24.727131,120.951897,3.0,5,-0.7376377947260095,1738.5
1,24.727131,120.951897,3.0,6,-0.4293548678471423,1738.5
2,24.727131,120.951897,3.0,7,-0.3130946011290729,1908.0
3,24.727131,120.951897,3.0,8,0.0861697310459738,1908.0
4,24.727131,120.951897,3.0,9,-0.3712525215904121,1796.0
5,24.727131,120.951897,3.0,10,-0.4265362130374684,1796.0
6,24.727131,120.951897,3.0,11,-0.2924261523940276,1745.5
7,24.727131,120.951897,3.0,12,-0.6779990847065911,1745.5
8,24.67931667,120.9042667,3.0,4,-0.6577695052957384,1622.5
9,24.67931667,120.9042667,3.0,5,-0.6595468997342978,1622.5
10,24.67931667,120.9042667,3.0,6,-0.3873541078237735,1944.5
11,24.67931667,120.9042667,3.0,7,-0.2812972922238807,1944.5
12,24.67931667,120.9042667,3.0,8,0.1322625805563138,1633.0
13,24.67931667,120.9042667,3.0,9,-0.3617007861382385,1633.0
14,24.67931667,120.9042667,3.0,10,-0.2190755406070217,1649.0
15,24.67931667,120.9042667,3.0,11,-0.1847805305439942,1649.0
16,24.550442,120.838925,3.0,4,-0.5032048323021477,1680.0
17,24.550442,120.838925,3.0,5,-0.6274370020966433,1680.0
18,24.550442,120.838925,3.0,6,-0.3605940927751748,1590.0
19,24.550442,120.838925,3.0,7,-0.2824178679502716,1590.0
20,24.550442,120.838925,3.0,8,0.2052245489708324,1567.0
21,24.550442,120.838925,3.0,9,-0.3959249881333569,1567.0
22,24.550442,120.838925,3.0,10,-0.0795043282937604,1842.5
23,24.550442,120.838925,3.0,11,-0.0911650522872155,1842.5
24,24.485919,120.781903,3.0,3,-0.5236220052548375,1719.0
25,24.485919,120.781903,3.0,4,-0.4164742495832323,1719.0
26,24.485919,120.781903,3.0,5,-0.5091360952148061,1615.5
27,24.485919,120.781903,3.0,6,-0.25502963992622,1615.5
28,24.485919,120.781903,3.0,7,-0.3091069482723614,1820.0
29,24.485919,120.781903,3.0,8,0.1557745079331643,1820.0
30,24.485919,120.781903,3.0,9,-0.4138729342167489,1734.0
31,24.485919,120.781903,3.0,10,0.0593639528086231,1734.0
32,24.420514,120.775731,3.0,4,-0.3575756025331396,1648.5
33,24.420514,120.775731,3.0,5,-0.4301389642321167,1648.5
34,24.420514,120.775731,3.0,6,-0.1793808789048434,1863.0
35,24.420514,120.775731,3.0,7,-0.2914525598951926,1863.0
36,24.420514,120.775731,3.0,8,0.1505775343406355,1619.5
37,24.420514,120.775731,3.0,9,-0.4064812503399009,1619.5
38,24.420514,120.775731,3.0,10,0.1596264024231509,1662.5
39,24.420514,120.775731,3.0,11,0.0749486406470488,1662.5
40,24.339147,120.72085,3.0,4,-0.2738955489870651,1669.5
41,24.339147,120.72085,3.0,5,-0.3317564015753194,1669.5
42,24.339147,120.72085,3.0,6,-0.0979675382804781,1731.5
43,24.339147,120.72085,3.0,7,-0.2630052991953916,1731.5
44,24.339147,120.72085,3.0,8,0.1478355972004307,1655.0
45,24.339147,120.72085,3.0,9,-0.4072217992121708,1655.0
46,24.339147,120.72085,3.0,10,0.2933323584555365,1507.0
47,24.339147,120.72085,3.0,11,0.1585268745833827,1507.0
48,24.301186,120.697325,3.0,3,-0.2788103669449064,1691.5
49,24.301186,120.697325,3.0,4,-0.2376599119666571,1691.5
50,24.301186,120.697325,3.0,5,-0.2911897255863404,1720.0
51,24.301186,120.697325,3.0,6,-0.0712147196237135,1720.0
52,24.301186,120.697325,3.0,7,-0.2496023247654312,1816.0
53,24.301186,120.697325,3.0,8,0.1424539411811448,1816.0
54,24.301186,120.697325,3.0,9,-0.4162158126069679,1759.0
55,24.301186,120.697325,3.0,10,0.349498506076232,1759.0
56,24.262647,120.691956,4.0,3,-0.24043489529183,2072.0
57,24.262647,120.691956,4.0,4,-0.2054657960696068,2072.0
58,24.262647,120.691956,4.0,5,-0.2556069521859934,2040.0
59,24.262647,120.691956,4.0,6,-0.056167721019978,2040.0
60,24.262647,120.691956,4.0,7,-0.2387194225191023,2151.0
61,24.262647,120.691956,4.0,8,0.1300069448684329,2151.0
62,24.262647,120.691956,4.0,9,-0.4354017020535872,2037.5
63,24.262647,120.691956,4.0,10,0.3979672255363134,2037.5
64,24.231536,120.686625,3.0,3,-0.1640759672069646,1900.0
65,24.231536,120.686625,3.0,4,-0.128631854799021,1900.0
66,24.231536,120.686625,3.0,5,-0.1950606694425818,1783.5
67,24.231536,120.686625,3.0,6,-0.0270541549382501,1783.5
68,24.231536,120.686625,3.0,7,-0.2605490109816036,1949.0
69,24.231536,120.686625,3.0,8,0.1098794863759969,1949.0
70,24.231536,120.686625,3.0,9,-0.4634034097864955,1812.5
71,24.231536,120.686625,3.0,10,0.4814677278901487,1812.5
72,24.711383,120.889639,3.0,3,-0.7322593823188074,1611.5
73,24.711383,120.889639,3.0,4,-0.6785501977478509,1611.5
74,24.711383,120.889639,3.0,5,-0.6673119816013273,1588.5
75,24.711383,120.889639,3.0,6,-0.3882073438627166,1588.5
76,24.711383,120.889639,3.0,7,-0.2871173443797707,1730.0
77,24.711383,120.889639,3.0,8,0.1157801452930998,1730.0
78,24.711383,120.889639,3.0,9,-0.3660289210931755,1623.5
79,24.711383,120.889639,3.0,10,-0.2421787287517648,1623.5
80,24.698006,120.860086,3.0,3,-0.7188476067545931,1649.5
81,24.698006,120.860086,3.0,4,-0.6464788080545825,1649.5
82,24.698006,120.860086,3.0,5,-0.655298535545152,1627.5
83,24.698006,120.860086,3.0,6,-0.3868920915648947,1627.5
84,24.698006,120.860086,3.0,7,-0.279218197638708,1734.5
85,24.698006,120.860086,3.0,8,0.1393324405746655,1734.5
86,24.698006,120.860086,3.0,9,-0.3612773214951269,1655.0
87,24.698006,120.860086,3.0,10,-0.2068747130213329,1655.0
88,24.655964,120.838242,3.0,4,-0.5979172513023339,1558.5
89,24.655964,120.838242,3.0,5,-0.644329105916345,1558.5
90,24.655964,120.838242,3.0,6,-0.390217616069397,1739.0
91,24.655964,120.838242,3.0,7,-0.2801231787444664,1739.0
92,24.655964,120.838242,3.0,8,0.1647599114085546,1678.5
93,24.655964,120.838242,3.0,9,-0.3689840647051761,1678.5
94,24.655964,120.838242,3.0,10,-0.1615300721164424,1650.0
95,24.655964,120.838242,3.0,11,-0.1540263195739317,1650.0
96,24.627161,120.814006,3.0,4,-0.5243260600739542,1674.5
97,24.627161,120.814006,3.0,5,-0.6106158499145462,1674.5
98,24.627161,120.814006,3.0,6,-0.3194471441754734,1762.0
99,24.627161,120.814006,3.0,7,-0.2523744389061442,1762.0
100,24.627161,120.814006,3.0,8,0.2003136315110912,1612.0
101,24.627161,120.814006,3.0,9,-0.3740136799402567,1612.0
102,24.627161,120.814006,3.0,10,-0.0808439430119898,1550.0
103,24.627161,120.814006,3.0,11,-0.085749761462079,1550.0
104,24.579642,120.764417,3.0,4,-0.4620100269400017,1580.0
105,24.579642,120.764417,3.0,5,-0.5718784134813208,1580.0
106,24.579642,120.764417,3.0,6,-0.3171616106119817,1626.0
107,24.579642,120.764417,3.0,7,-0.3225188818897641,1626.0
108,24.579642,120.764417,3.0,8,0.1598629346610036,1497.0
109,24.579642,120.764417,3.0,9,-0.421596840828036,1497.0
110,24.579642,120.764417,3.0,10,-0.0192948702793303,1519.0
111,24.579642,120.764417,3.0,11,-0.0450535387989374,1519.0
112,24.531125,120.733253,3.0,4,-0.4240857250059415,1822.5
113,24.531125,120.733253,3.0,5,-0.5159690710468519,1822.5
114,24.531125,120.733253,3.0,6,-0.259013364567306,1864.5
115,24.531125,120.733253,3.0,7,-0.3104404862619143,1864.5
116,24.531125,120.733253,3.0,8,0.1544253166458955,1707.0
117,24.531125,120.733253,3.0,9,-0.4137174786622553,1707.0
118,24.531125,120.733253,3.0,10,0.0487949265533469,1609.0
119,24.531125,120.733253,3.0,11,0.0021331737526913,1609.0
120,24.467308,120.681217,3.0,3,-0.4322798844441967,1729.0
121,24.467308,120.681217,3.0,4,-0.3585741878450321,1729.0
122,24.467308,120.681217,3.0,5,-0.4290781444064793,1620.0
123,24.467308,120.681217,3.0,6,-0.1726616571662375,1620.0
124,24.467308,120.681217,3.0,7,-0.2881872523304213,1685.5
125,24.467308,120.681217,3.0,8,0.1526743213565315,1685.5
126,24.467308,120.681217,3.0,9,-0.4015494686864841,1657.5
127,24.467308,120.681217,3.0,10,0.160616192751109,1657.5
128,24.467308,120.681217,3.0,11,0.0770755233859326,1484.5
129,24.467308,120.681217,3.0,12,-0.3459789946284827,1484.5
130,24.341119,120.651567,3.0,4,-0.2600507035773328,1656.5
131,24.341119,120.651567,3.0,5,-0.3157072721319413,1656.5
132,24.341119,120.651567,3.0,6,-0.0786374737344752,1752.5
133,24.341119,120.651567,3.0,7,-0.2532633077240193,1752.5
134,24.341119,120.651567,3.0,8,0.1529849300202731,1682.0
135,24.341119,120.651567,3.0,9,-0.400756553580487,1682.0
136,24.341119,120.651567,3.0,10,0.3169711234525478,1598.0
137,24.341119,120.651567,3.0,11,0.1744303975912397,1598.0
138,24.334719,120.635578,3.0,4,-0.2529784133946355,1672.5
139,24.334719,120.635578,3.0,5,-0.3076828294605924,1672.5
140,24.334719,120.635578,3.0,6,-0.0703720470332772,1807.5
141,24.334719,120.635578,3.0,7,-0.2495101903534811,1807.5
142,24.334719,120.635578,3.0,8,0.1545925146250093,1720.0
143,24.334719,120.635578,3.0,9,-0.3988588509172001,1720.0
144,24.334719,120.635578,3.0,10,0.328552193772081,1587.0
145,24.334719,120.635578,3.0,11,0.1819435725335454,1587.0
146,24.292881,120.601964,3.0,3,-0.1933258331695702,1800.5
147,24.292881,120.601964,3.0,4,-0.1503282182914211,1800.5
148,24.292881,120.601964,3.0,5,-0.2283781995615231,1686.5
149,24.292881,120.601964,3.0,6,-0.0055299925550536,1686.5
150,24.292881,120.601964,3.0,7,-0.2745264206404434,1863.0
151,24.292881,120.601964,3.0,8,0.1571453712392168,1863.0
152,24.292881,120.601964,3.0,9,-0.3974730560374374,1743.0
153,24.292881,120.601964,3.0,10,0.4432511353121667,1743.0
154,24.269464,120.590806,3.0,3,-0.1808417467507014,1717.5
155,24.269464,120.590806,3.0,4,-0.1417104573546489,1717.5
156,24.269464,120.590806,3.0,5,-0.2170162511716557,1086.5
157,24.269464,120.590806,3.0,6,0.0044404737180266,1086.5
158,24.269464,120.590806,3.0,7,-0.2685631217963051,2280.5
159,24.269464,120.590806,3.0,8,0.1556764222560236,2280.5
160,24.269464,120.590806,3.0,9,-0.3986325009283527,1764.5
161,24.269464,120.590806,3.0,10,0.4584583373412514,1764.5
162,24.234647,120.593306,3.0,3,-0.1646763644587222,1740.0
163,24.234647,120.593306,3.0,4,-0.1302813040157234,1740.0
164,24.234647,120.593306,3.0,5,-0.2010340362935192,1591.0
165,24.234647,120.593306,3.0,6,0.0107146573603925,1591.0
166,24.234647,120.593306,3.0,7,-0.2589569399544321,1763.5
167,24.234647,120.593306,3.0,8,0.147412662035918,1763.5
168,24.234647,120.593306,3.0,9,-0.4099406979664246,1685.5
169,24.234647,120.593306,3.0,10,0.4792911971027435,1685.5
170,24.177831,120.548244,3.0,3,-0.1467663529815673,1793.0
171,24.177831,120.548244,3.0,4,-0.1188343370848558,1793.0
172,24.177831,120.548244,3.0,5,-0.1888047281734719,1600.0
173,24.177831,120.548244,3.0,6,0.0589179479107749,1600.0
174,24.177831,120.548244,3.0,7,-0.2444143938695108,1908.5
175,24.177831,120.548244,3.0,8,0.1793811700297165,1908.5
176,24.177831,120.548244,3.0,9,-0.36480316404106,1656.5
177,24.177831,120.548244,3.0,10,0.5018435973849322,1656.5
178,24.120947,120.534547,3.0,4,-0.1086143595015763,1066.0
179,24.120947,120.534547,3.0,5,-0.1780916531647594,1066.0
180,24.120947,120.534547,3.0,6,0.1160687906136657,1316.5
181,24.120947,120.534547,3.0,7,-0.2204256628482128,1316.5
182,24.120947,120.534547,3.0,8,0.2223436360734851,1129.0
183,24.120947,120.534547,3.0,9,-0.3074323151269644,1129.0
184,24.120947,120.534547,3.0,10,0.5259472286893554,1132.0
185,24.120947,120.534547,3.0,11,0.3190704279863554,1132.0
186,24.119011,120.536692,3.0,4,-0.1080752941031545,1082.5
187,24.119011,120.536692,3.0,5,-0.1773463427351978,1082.5
188,24.119011,120.536692,3.0,6,0.1172592998840891,1217.0
189,24.119011,120.536692,3.0,7,-0.2192426244456395,1217.0
190,24.119011,120.536692,3.0,8,0.2230328041754074,1075.0
191,24.119011,120.536692,3.0,9,-0.3067430451695397,1075.0
192,24.119011,120.536692,3.0,10,0.5272329545475707,1130.5
193,24.119011,120.536692,3.0,11,0.3199772615709692,1130.5
194,24.184592,120.635611,3.0,4,-0.1114609797288811,606.0
195,24.184592,120.635611,3.0,5,-0.1696722868002365,606.0
196,24.184592,120.635611,3.0,6,-0.0238903681811678,257.5
197,24.184592,120.635611,3.0,7,-0.2395752638623014,257.5
198,24.184592,120.635611,3.0,8,0.0886185563308797,1662.0
199,24.184592,120.635611,3.0,9,-0.4935325204378096,1662.0
200,24.184592,120.635611,3.0,10,0.5142989786517953,1265.0
201,24.184592,120.635611,3.0,11,0.2778759230135958,1265.0
202,24.163706,120.621933,3.0,3,-0.1351181703385916,1760.5
203,24.163706,120.621933,3.0,4,-0.10846565364066,1760.5
204,24.163706,120.621933,3.0,5,-0.1668103891606641,1782.5
205,24.163706,120.621933,3.0,6,-0.0081941202043194,1782.5
206,24.163706,120.621933,3.0,7,-0.2359807559113299,1950.0
207,24.163706,120.621933,3.0,8,0.1008977860985493,1950.0
208,24.163706,120.621933,3.0,9,-0.4765330953803222,1795.5
209,24.163706,120.621933,3.0,10,0.5203635578912359,1795.5
210,24.130767,120.617247,3.0,4,-0.104099100231632,1817.5
211,24.130767,120.617247,3.0,5,-0.1633043677788455,1817.5
212,24.130767,120.617247,3.0,6,0.0208665198685182,1920.0
213,24.130767,120.617247,3.0,7,-0.2310436931497786,1920.0
214,24.130767,120.617247,3.0,8,0.1262642320528733,1892.5
215,24.130767,120.617247,3.0,9,-0.4417325772530721,1892.5
216,24.130767,120.617247,3.0,10,0.5294794352817636,1741.0
217,24.130767,120.617247,3.0,11,0.2966679617626747,1741.0
218,24.113572,120.568131,3.0,4,-0.1047996535510899,1761.5
219,24.113572,120.568131,3.0,5,-0.1712727372557044,1761.5
220,24.113572,120.568131,3.0,6,0.102866715309267,2001.0
221,24.113572,120.568131,3.0,7,-0.2182011705179078,2001.0
222,24.113572,120.568131,3.0,8,0.2075998124212092,1819.5
223,24.113572,120.568131,3.0,9,-0.3295910086135164,1819.5
224,24.113572,120.568131,3.0,10,0.5332258964221402,1881.5
225,24.113572,120.568131,3.0,11,0.3193200141095537,1881.5
226,24.085622,120.52785,4.0,3,-0.1199000975492939,2121.5
227,24.085622,120.52785,4.0,4,-0.1022038718019442,2121.5
228,24.085622,120.52785,4.0,5,-0.1715746059893066,1959.5
229,24.085622,120.52785,4.0,6,0.1654582090308736,1959.5
230,24.085622,120.52785,4.0,7,-0.1948058388408172,2207.5
231,24.085622,120.52785,4.0,8,0.2616606600078363,2207.5
232,24.085622,120.52785,4.0,9,-0.2564066071218739,2065.5
233,24.085622,120.52785,4.0,10,0.5445183734720728,2065.5
234,24.040639,120.522786,3.0,4,-0.0651224695511663,1819.5
235,24.040639,120.522786,3.0,5,-0.1366307767621225,1819.5
236,24.040639,120.522786,3.0,6,0.2785369451736969,1916.0
237,24.040639,120.522786,3.0,7,-0.1924638557290355,1916.0
238,24.040639,120.522786,3.0,8,0.3042949261188061,1906.0
239,24.040639,120.522786,3.0,9,-0.2108267445098066,1906.0
240,24.040639,120.522786,3.0,10,0.5884002807338601,1757.0
241,24.040639,120.522786,3.0,11,0.3841259514832532,1757.0
242,23.971794,120.506117,3.0,4,-0.062993805999143,1764.0
243,23.971794,120.506117,3.0,5,-0.134762273146809,1764.0
244,23.971794,120.506117,3.0,6,0.3692183068756746,1833.5
245,23.971794,120.506117,3.0,7,-0.1192662190839855,1833.5
246,23.971794,120.506117,3.0,8,0.379973222125974,1728.0
247,23.971794,120.506117,3.0,9,-0.117336267872848,1728.0
248,23.971794,120.506117,3.0,10,0.6146905956560366,1827.5
249,23.971794,120.506117,3.0,11,0.4175468063380761,1827.5
250,23.912769,120.49765,3.0,3,-0.0634056239943081,1634.0
251,23.912769,120.49765,3.0,4,-0.0675030002508411,1634.0
252,23.912769,120.49765,3.0,5,-0.1465312249429053,1663.0
253,23.912769,120.49765,3.0,6,0.3264530905043732,1663.0
254,23.912769,120.49765,3.0,7,-0.200668217103268,1736.5
255,23.912769,120.49765,3.0,8,0.3346750929909299,1736.5
256,23.912769,120.49765,3.0,9,-0.1618812003573024,1691.5
257,23.912769,120.49765,3.0,10,0.5758170613335313,1691.5
258,23.830569,120.484881,3.0,4,-0.0853734810011483,1675.0
259,23.830569,120.484881,3.0,5,-0.1840087250489376,1675.0
260,23.830569,120.484881,3.0,6,0.1913870118968296,1767.5
261,23.830569,120.484881,3.0,7,-0.4207885877325928,1767.5
262,23.830569,120.484881,3.0,8,0.1855810453834232,1733.0
263,23.830569,120.484881,3.0,9,-0.3131183192267682,1733.0
264,23.830569,120.484881,3.0,10,0.458578827605527,1573.0
265,23.830569,120.484881,3.0,11,0.2974181237392727,1573.0
266,23.766328,120.469342,3.0,3,-0.111515379098789,1689.0
267,23.766328,120.469342,3.0,4,-0.1095395130036894,1689.0
268,23.766328,120.469342,3.0,5,-0.2270355461950684,1522.5
269,23.766328,120.469342,3.0,6,0.1010109220718719,1522.5
270,23.766328,120.469342,3.0,7,-0.5826072508425039,1703.0
271,23.766328,120.469342,3.0,8,0.0619888932887954,1703.0
272,23.766328,120.469342,3.0,9,-0.4227184925165012,1666.0
273,23.766328,120.469342,3.0,10,0.3479640418155463,1666.0
274,23.702603,120.474917,3.0,4,-0.1517476905741325,1694.0
275,23.702603,120.474917,3.0,5,-0.2918050497984252,1694.0
276,23.702603,120.474917,3.0,6,-0.0060791209644889,1592.5
277,23.702603,120.474917,3.0,7,-0.7671289508488118,1592.5
278,23.702603,120.474917,3.0,8,-0.099914535531196,1595.0
279,23.702603,120.474917,3.0,9,-0.5267748356012631,1595.0
280,23.702603,120.474917,3.0,10,0.1997881693940868,1620.0
281,23.702603,120.474917,3.0,11,0.1180334249927844,1620.0
282,23.677375,120.462281,4.0,4,-0.1688337583219993,1936.0
283,23.677375,120.462281,4.0,5,-0.3160915438738343,1936.0
284,23.677375,120.462281,4.0,6,-0.0440267049148941,1954.0
285,23.677375,120.462281,4.0,7,-0.8275146543761359,1954.0
286,23.677375,120.462281,4.0,8,-0.1584906605171891,1836.0
287,23.677375,120.462281,4.0,9,-0.5560891416425449,1836.0
288,23.677375,120.462281,4.0,10,0.1470971547609278,1871.0
289,23.677375,120.462281,4.0,11,0.0827772940975567,1871.0
290,23.639556,120.443114,3.0,4,-0.1329087883523146,1660.5
291,23.639556,120.443114,3.0,5,-0.273182111882097,1660.5
292,23.639556,120.443114,3.0,6,0.0273518888014014,1738.5
293,23.639556,120.443114,3.0,7,-0.7448650948438293,1738.5
294,23.639556,120.443114,3.0,8,-0.0544671886867687,1640.0
295,23.639556,120.443114,3.0,9,-0.5395182868438915,1640.0
296,23.639556,120.443114,3.0,10,0.2309836232334693,1611.0
297,23.639556,120.443114,3.0,11,0.1383080906370202,1611.0
298,24.102525,120.578747,3.0,4,-0.1020325861035294,2408.0
299,24.102525,120.578747,3.0,5,-0.1676312658462627,2408.0
300,24.102525,120.578747,3.0,6,0.108995373611842,2549.5
301,24.102525,120.578747,3.0,7,-0.2137512523193388,2549.5
302,24.102525,120.578747,3.0,8,0.2115455895521301,2405.5
303,24.102525,120.578747,3.0,9,-0.3251982953458855,2405.5
304,24.102525,120.578747,3.0,10,0.5393685798851737,2415.5
305,24.102525,120.578747,3.0,11,0.3238318250644655,2415.5
306,24.070333,120.639711,3.0,4,-0.0942215841841565,1813.5
307,24.070333,120.639711,3.0,5,-0.1574944862737704,1813.5
308,24.070333,120.639711,3.0,6,0.0948784997635292,1845.0
309,24.070333,120.639711,3.0,7,-0.2313347024660011,1845.0
310,24.070333,120.639711,3.0,8,0.1990192096145642,1721.5
311,24.070333,120.639711,3.0,9,-0.3414718740117124,1721.5
312,24.070333,120.639711,3.0,10,0.5480214254279947,1761.0
313,24.070333,120.639711,3.0,11,0.3256222673961675,1761.0
314,24.067958,120.651433,4.0,4,-0.093938520005011,1247.0
315,24.067958,120.651433,4.0,5,-0.157197598463641,1247.0
316,24.067958,120.651433,4.0,6,0.085326030916149,1269.5
317,24.067958,120.651433,4.0,7,-0.2408984888816633,1269.5
318,24.067958,120.651433,4.0,8,0.1915893772439042,1179.5
319,24.067958,120.651433,4.0,9,-0.3503903823634921,1179.5
320,24.067958,120.651433,4.0,10,0.5457085342295528,1200.0
321,24.067958,120.651433,4.0,11,0.3224679500390867,1200.0
322,24.067778,120.652361,4.0,4,-0.0939234846380129,1280.5
323,24.067778,120.652361,4.0,5,-0.1571904412115312,1280.5
324,24.067778,120.652361,4.0,6,0.0846019608015154,1306.5
325,24.067778,120.652361,4.0,7,-0.2416821200309338,1306.5
326,24.067778,120.652361,4.0,8,0.1910450372352239,1211.0
327,24.067778,120.652361,4.0,9,-0.3510297639578631,1211.0
328,24.067778,120.652361,4.0,10,0.5455059995048129,1233.0
329,24.067778,120.652361,4.0,11,0.3222181770311625,1233.0
330,24.060428,120.671533,3.0,4,-0.0929919726545147,1173.5
331,24.060428,120.671533,3.0,5,-0.1572675033643147,1173.5
332,24.060428,120.671533,3.0,6,0.0775330401271784,1222.0
333,24.060428,120.671533,3.0,7,-0.2601782725836468,1222.0
334,24.060428,120.671533,3.0,8,0.188459213428617,1164.0
335,24.060428,120.671533,3.0,9,-0.3519057346406083,1164.0
336,24.060428,120.671533,3.0,10,0.5419482236607768,1131.0
337,24.060428,120.671533,3.0,11,0.3195865908800288,1131.0
338,24.060653,120.670964,3.0,4,-0.0930169563804815,1152.5
339,24.060653,120.670964,3.0,5,-0.1572523281315861,1152.5
340,24.060653,120.670964,3.0,6,0.077710259835093,1192.5
341,24.060653,120.670964,3.0,7,-0.2595767738679789,1192.5
342,24.060653,120.670964,3.0,8,0.1884864618819262,1133.0
343,24.060653,120.670964,3.0,9,-0.3519576421934988,1133.0
344,24.060653,120.670964,3.0,10,0.542072154130258,1100.5
345,24.060653,120.670964,3.0,11,0.3196626036910249,1100.5
346,24.040994,120.677853,4.0,4,-0.0883664979675682,1290.5
347,24.040994,120.677853,4.0,5,-0.155092474558781,1290.5
348,24.040994,120.677853,4.0,6,0.0980246625742565,1361.5
349,24.040994,120.677853,4.0,7,-0.278192499895843,1361.5
350,24.040994,120.677853,4.0,8,0.2129618151266094,1344.5
351,24.040994,120.677853,4.0,9,-0.3156285870750593,1344.5
352,24.040994,120.677853,4.0,10,0.5455244328245811,1228.5
353,24.040994,120.677853,4.0,11,0.3278345093382577,1228.5
354,24.037419,120.675925,4.0,4,-0.0872322674704635,1307.5
355,24.037419,120.675925,4.0,5,-0.1542409795727935,1307.5
356,24.037419,120.675925,4.0,6,0.1043293132117902,1393.0
357,24.037419,120.675925,4.0,7,-0.2786018679881731,1393.0
358,24.037419,120.675925,4.0,8,0.219222406562466,1374.5
359,24.037419,120.675925,4.0,9,-0.3070249602054286,1374.5
360,24.037419,120.675925,4.0,10,0.5475280566891183,1240.0
361,24.037419,120.675925,4.0,11,0.3305471956959999,1240.0
362,24.01894444,120.6631611,4.0,4,-0.0808177896233404,2406.0
363,24.01894444,120.6631611,4.0,5,-0.1487291766772364,2406.0
364,24.01894444,120.6631611,4.0,6,0.1420050977570563,2535.0
365,24.01894444,120.6631611,4.0,7,-0.2728749188556952,2535.0
366,24.01894444,120.6631611,4.0,8,0.2548697034638547,2501.0
367,24.01894444,120.6631611,4.0,9,-0.2594729624401861,2501.0
368,24.01894444,120.6631611,4.0,10,0.5611839346048393,2282.0
369,24.01894444,120.6631611,4.0,11,0.3471865713887206,2282.0
370,23.985844,120.652714,4.0,4,-0.0498895524690734,1934.0
371,23.985844,120.652714,4.0,5,-0.1210592638987757,1934.0
372,23.985844,120.652714,4.0,6,0.2062070636254185,2001.0
373,23.985844,120.652714,4.0,7,-0.3171337441987097,2001.0
374,23.985844,120.652714,4.0,8,0.2832349176964068,1892.0
375,23.985844,120.652714,4.0,9,-0.2246899764657748,1892.0
376,23.985844,120.652714,4.0,10,0.5886317479142221,1892.0
377,23.985844,120.652714,4.0,11,0.3754049436958763,1892.0
378,23.957103,120.657614,4.0,4,-0.0409170882693776,1240.5
379,23.957103,120.657614,4.0,5,-0.1151660599369856,1240.5
380,23.957103,120.657614,4.0,6,0.1475675380120547,1501.0
381,23.957103,120.657614,4.0,7,-0.4310756456433597,1501.0
382,23.957103,120.657614,4.0,8,0.2571818017570695,1315.0
383,23.957103,120.657614,4.0,9,-0.2447485962856312,1315.0
384,23.957103,120.657614,4.0,10,0.574592258893355,1310.0
385,23.957103,120.657614,4.0,11,0.3601387083088725,1310.0
386,23.955503,120.661267,4.0,4,-0.0395650341051162,1153.0
387,23.955503,120.661267,4.0,5,-0.1145340712613773,1153.0
388,23.955503,120.661267,4.0,6,0.1277058980881608,1355.5
389,23.955503,120.661267,4.0,7,-0.4605086706284486,1355.5
390,23.955503,120.661267,4.0,8,0.2445844962848043,1186.0
391,23.955503,120.661267,4.0,9,-0.2577933228595275,1186.0
392,23.955503,120.661267,4.0,10,0.568734283719693,1213.0
393,23.955503,120.661267,4.0,11,0.3536595547059157,1213.0
394,23.937928,120.676853,3.0,4,-0.0269633129041619,2160.5
395,23.937928,120.676853,3.0,5,-0.1060799419089896,2160.5
396,23.937928,120.676853,3.0,6,-0.001062079787518,2335.5
397,23.937928,120.676853,3.0,7,-0.6623815482417691,2335.5
398,23.937928,120.676853,3.0,8,0.1719444034602994,2175.5
399,23.937928,120.676853,3.0,9,-0.3292891744990506,2175.5
400,23.937928,120.676853,3.0,10,0.5370340647073254,2072.5
401,23.937928,120.676853,3.0,11,0.3163803886974653,2072.5
402,23.906781,120.702828,3.0,3,-0.0356534407956585,1655.0
403,23.906781,120.702828,3.0,4,-0.0254097121668841,1655.0
404,23.906781,120.702828,3.0,5,-0.106990908204364,1631.5
405,23.906781,120.702828,3.0,6,-0.0409367188763858,1631.5
406,23.906781,120.702828,3.0,7,-0.7247642827517451,1714.5
407,23.906781,120.702828,3.0,8,0.1435840513316957,1714.5
408,23.906781,120.702828,3.0,9,-0.3587767549483893,1643.0
409,23.906781,120.702828,3.0,10,0.5207849727328319,1643.0
410,23.882031,120.709186,3.0,3,-0.0445853671816794,1699.0
411,23.882031,120.709186,3.0,4,-0.0364831651189055,1699.0
412,23.882031,120.709186,3.0,5,-0.1190602881056688,1585.5
413,23.882031,120.709186,3.0,6,0.0192255003672839,1585.5
414,23.882031,120.709186,3.0,7,-0.6328527058124993,1726.5
415,23.882031,120.709186,3.0,8,0.164501009334948,1726.5
416,23.882031,120.709186,3.0,9,-0.341071635970218,1679.5
417,23.882031,120.709186,3.0,10,0.5204080842652928,1679.5
418,23.814836,120.700003,3.0,4,-0.0578378243578266,1612.0
419,23.814836,120.700003,3.0,5,-0.1467263940777354,1612.0
420,23.814836,120.700003,3.0,6,0.1006948344192509,1687.0
421,23.814836,120.700003,3.0,7,-0.5226335541992825,1687.0
422,23.814836,120.700003,3.0,8,0.1766004075228623,1628.0
423,23.814836,120.700003,3.0,9,-0.3340251131683433,1628.0
424,23.814836,120.700003,3.0,10,0.4971740036606381,1557.5
425,23.814836,120.700003,3.0,11,0.3058940755508749,1557.5
426,23.787486,120.704519,3.0,3,-0.0692362495693826,353.0
427,23.787486,120.704519,3.0,4,-0.0644149931869894,353.0
428,23.787486,120.704519,3.0,5,-0.1568080173249752,279.5
429,23.787486,120.704519,3.0,6,0.1087494380641335,279.5
430,23.787486,120.704519,3.0,7,-0.5162932178586368,44.0
431,23.787486,120.704519,3.0,8,0.1663576027484684,44.0
432,23.787486,120.704519,3.0,9,-0.3469781181278722,20.0
433,23.787486,120.704519,3.0,10,0.4807325956532488,20.0
434,23.775581,120.6259,3.0,4,-0.0750484038783091,1664.0
435,23.775581,120.6259,3.0,5,-0.1725130964831384,1664.0
436,23.775581,120.6259,3.0,6,0.135330660026985,1630.5
437,23.775581,120.6259,3.0,7,-0.4962817324825037,1630.5
438,23.775581,120.6259,3.0,8,0.1632384621846458,1591.5
439,23.775581,120.6259,3.0,9,-0.3434792171373544,1591.5
440,23.775581,120.6259,3.0,10,0.4596284763824234,1466.0
441,23.775581,120.6259,3.0,11,0.2890758173149667,1466.0
442,23.724425,120.601786,3.0,4,-0.0912566375085995,1656.5
443,23.724425,120.601786,3.0,5,-0.2006631616533442,1656.5
444,23.724425,120.601786,3.0,6,0.1108605066182195,1610.0
445,23.724425,120.601786,3.0,7,-0.5555925467545724,1610.0
446,23.724425,120.601786,3.0,8,0.1051415358729293,1648.5
447,23.724425,120.601786,3.0,9,-0.400580341884903,1648.5
448,23.724425,120.601786,3.0,10,0.3972654446007943,1626.5
449,23.724425,120.601786,3.0,11,0.2481900027814259,1626.5
450,23.601989,120.435417,3.0,4,-0.1161148053803812,1782.0
451,23.601989,120.435417,3.0,5,-0.2603783471890284,1782.0
452,23.601989,120.435417,3.0,6,0.0552012650224372,1768.5
453,23.601989,120.435417,3.0,7,-0.7444809364520747,1768.5
454,23.601989,120.435417,3.0,8,-0.0211040648032345,1681.5
455,23.601989,120.435417,3.0,9,-0.5689593769062563,1681.5
456,23.601989,120.435417,3.0,10,0.2467980188784027,1621.0
457,23.601989,120.435417,3.0,11,0.1485055198567356,1621.0
458,23.526739,120.405583,3.0,3,-0.0956968706382807,1738.0
459,23.526739,120.405583,3.0,4,-0.0795524641645572,1738.0
460,23.526739,120.405583,3.0,5,-0.2489308224618354,1659.0
461,23.526739,120.405583,3.0,6,0.0940829104845183,1659.0
462,23.526739,120.405583,3.0,7,-0.848335284517374,1754.0
463,23.526739,120.405583,3.0,8,-0.0176117569800417,1754.0
464,23.526739,120.405583,3.0,9,-0.6745268851503925,1681.5
465,23.526739,120.405583,3.0,10,0.1922699802125271,1681.5
466,23.469403,120.3777,3.0,4,-0.0672993219574608,1715.0
467,23.469403,120.3777,3.0,5,-0.2266653955704677,1715.0
468,23.469403,120.3777,3.0,6,0.1089633041017096,1752.5
469,23.469403,120.3777,3.0,7,-0.7964035309270039,1752.5
470,23.469403,120.3777,3.0,8,0.0037802821583867,1890.5
471,23.469403,120.3777,3.0,9,-0.6180721575061688,1890.5
472,23.469403,120.3777,3.0,10,0.2205976303825262,1492.5
473,23.469403,120.3777,3.0,11,0.1348983414466809,1492.5
474,23.436367,120.361561,4.0,3,-0.0662082466501277,1942.5
475,23.436367,120.361561,4.0,4,-0.0538937739717264,1942.5
476,23.436367,120.361561,4.0,5,-0.199717184045655,1745.0
477,23.436367,120.361561,4.0,6,0.1251799831658489,1745.0
478,23.436367,120.361561,4.0,7,-0.72823216813397,1895.5
479,23.436367,120.361561,4.0,8,0.028679871808334,1895.5
480,23.436367,120.361561,4.0,9,-0.5413487630565911,1850.0
481,23.436367,120.361561,4.0,10,0.2566537734285142,1850.0
482,23.347469,120.322192,3.0,4,0.0265050957163314,1558.5
483,23.347469,120.322192,3.0,5,-0.1102726541259227,1558.5
484,23.347469,120.322192,3.0,6,0.1911724945804708,1646.5
485,23.347469,120.322192,3.0,7,-0.5663715175021674,1646.5
486,23.347469,120.322192,3.0,8,-0.0481422254299186,1616.0
487,23.347469,120.322192,3.0,9,-0.4608239754640376,1616.0
488,23.347469,120.322192,3.0,10,0.2930536486339103,1579.5
489,23.347469,120.322192,3.0,11,0.2159017322765876,1579.5
490,23.320994,120.298703,3.0,4,0.0460297562514845,1706.5
491,23.320994,120.298703,3.0,5,-0.0843700196474367,1706.5
492,23.320994,120.298703,3.0,6,0.2022322641239071,1698.5
493,23.320994,120.298703,3.0,7,-0.5271604437259211,1698.5
494,23.320994,120.298703,3.0,8,-0.0499349961099175,1687.0
495,23.320994,120.298703,3.0,9,-0.4257934002361744,1687.0
496,23.320994,120.298703,3.0,10,0.3098249146860809,1614.5
497,23.320994,120.298703,3.0,11,0.2300639666193319,1614.5
498,23.272589,120.265769,3.0,4,0.2013575028559009,1714.0
499,23.272589,120.265769,3.0,5,0.0869378041143046,1714.0
500,23.272589,120.265769,3.0,6,0.2351689603454973,1769.5
501,23.272589,120.265769,3.0,7,-0.4073797322848228,1769.5
502,23.272589,120.265769,3.0,8,-0.0578274397171933,1627.5
503,23.272589,120.265769,3.0,9,-0.2936623775803621,1627.5
504,23.272589,120.265769,3.0,10,0.3549688668667397,1612.5
505,23.272589,120.265769,3.0,11,0.2940082038780422,1612.5
506,23.197286,120.236422,3.0,4,0.2521547330738008,1747.5
507,23.197286,120.236422,3.0,5,0.1556564876150518,1747.5
508,23.197286,120.236422,3.0,6,0.2695260466016709,1858.0
509,23.197286,120.236422,3.0,7,-0.3041104214870825,1858.0
510,23.197286,120.236422,3.0,8,-0.0393297201949079,1805.5
511,23.197286,120.236422,3.0,9,-0.1951426552423888,1805.5
512,23.197286,120.236422,3.0,10,0.4000889648173253,1743.0
513,23.197286,120.236422,3.0,11,0.3286299061292174,1743.0
514,23.140751,120.23327,3.0,5,0.2001459674557628,1734.0
515,23.140751,120.23327,3.0,6,0.2914776538290181,1734.0
516,23.140751,120.23327,3.0,7,-0.2330485291295108,1837.5
517,23.140751,120.23327,3.0,8,-0.0191658882292923,1837.5
518,23.140751,120.23327,3.0,9,-0.1218080025975128,1738.0
519,23.140751,120.23327,3.0,10,0.4309376392099034,1738.0
520,23.140751,120.23327,3.0,11,0.3475192031290333,1592.0
521,23.140751,120.23327,3.0,12,0.0454472120817595,1592.0
522,23.104817,120.247681,3.0,3,0.3035547360381646,1706.5
523,23.104817,120.247681,3.0,4,0.2975138606520395,1706.5
524,23.104817,120.247681,3.0,5,0.2247384392596611,1681.5
525,23.104817,120.247681,3.0,6,0.3036223764768669,1681.5
526,23.104817,120.247681,3.0,7,-0.1924094914385683,1799.0
527,23.104817,120.247681,3.0,8,-0.0052907148278146,1799.0
528,23.104817,120.247681,3.0,9,-0.0782474379517851,1719.0
529,23.104817,120.247681,3.0,10,0.4485209212351458,1719.0
530,23.051311,120.253025,3.0,4,0.3161341988874584,1851.0
531,23.051311,120.253025,3.0,5,0.2601388455443038,1851.0
532,23.051311,120.253025,3.0,6,0.320402479517224,1868.0
533,23.051311,120.253025,3.0,7,-0.1282586685471312,1868.0
534,23.051311,120.253025,3.0,8,0.0239176928409577,1734.5
535,23.051311,120.253025,3.0,9,-0.0031180910884018,1734.5
536,23.051311,120.253025,3.0,10,0.4758555894733631,1782.5
537,23.051311,120.253025,3.0,11,0.366663410638669,1782.5
538,23.014172,120.249997,3.0,3,0.3284453521278562,1875.0
539,23.014172,120.249997,3.0,4,0.3242568000051836,1875.0
540,23.014172,120.249997,3.0,5,0.280570796259227,1717.0
541,23.014172,120.249997,3.0,6,0.3296746437182956,1717.0
542,23.014172,120.249997,3.0,7,-0.0872618556885114,1885.5
543,23.014172,120.249997,3.0,8,0.0474153382857669,1885.5
544,23.014172,120.249997,3.0,9,0.0489600488300073,1835.0
545,23.014172,120.249997,3.0,10,0.4930655557755241,1835.0
546,22.991814,120.248175,3.0,3,0.332491371284852,1863.0
547,22.991814,120.248175,3.0,4,0.3281605311868662,1863.0
548,22.991814,120.248175,3.0,5,0.286847315212521,1734.0
549,22.991814,120.248175,3.0,6,0.3320874339116613,1734.0
550,22.991814,120.248175,3.0,7,-0.0774040385895805,1897.0
551,22.991814,120.248175,3.0,8,0.0490867470979956,1897.0
552,22.991814,120.248175,3.0,9,0.0592259468735917,1793.0
553,22.991814,120.248175,3.0,10,0.4973059425187237,1793.0
554,22.960903,120.249822,3.0,3,0.3438588277923671,1889.5
555,22.960903,120.249822,3.0,4,0.3364851549025923,1889.5
556,22.960903,120.249822,3.0,5,0.2846058950438029,1745.0
557,22.960903,120.249822,3.0,6,0.3290739472747391,1745.0
558,22.960903,120.249822,3.0,7,-0.0990179383396245,1909.5
559,22.960903,120.249822,3.0,8,0.0127929616829546,1909.5
560,22.960903,120.249822,3.0,9,0.0173776305797853,1856.0
561,22.960903,120.249822,3.0,10,0.4889316363660838,1856.0
562,23.649142,120.57295,3.0,3,-0.1119542534268595,1613.5
563,23.649142,120.57295,3.0,4,-0.1073205106028435,1613.5
564,23.649142,120.57295,3.0,5,-0.2317945952143119,1531.0
565,23.649142,120.57295,3.0,6,0.0763306214854008,1531.0
566,23.649142,120.57295,3.0,7,-0.6427111800075724,1604.5
567,23.649142,120.57295,3.0,8,0.0361096879935484,1604.5
568,23.649142,120.57295,3.0,9,-0.4743904006766875,1565.0
569,23.649142,120.57295,3.0,10,0.3229440595819599,1565.0
570,23.618203,120.558567,3.0,4,-0.1092445086510158,1582.5
571,23.618203,120.558567,3.0,5,-0.2388004420272912,1582.5
572,23.618203,120.558567,3.0,6,0.0705817578084838,1767.0
573,23.618203,120.558567,3.0,7,-0.6689932665386332,1767.0
574,23.618203,120.558567,3.0,8,0.0214123626934407,1687.5
575,23.618203,120.558567,3.0,9,-0.5002196335326876,1687.5
576,23.618203,120.558567,3.0,10,0.3037068281416692,1657.0
577,23.618203,120.558567,3.0,11,0.1857201532155331,1657.0
578,23.606792,120.532511,3.0,4,-0.1130360935368544,1640.0
579,23.606792,120.532511,3.0,5,-0.2474414295295349,1640.0
580,23.606792,120.532511,3.0,6,0.0626636356098637,1684.5
581,23.606792,120.532511,3.0,7,-0.6957966251953109,1684.5
582,23.606792,120.532511,3.0,8,0.003542316390886,1606.0
583,23.606792,120.532511,3.0,9,-0.5222213129384327,1606.0
584,23.606792,120.532511,3.0,10,0.2823247843761783,1591.5
585,23.606792,120.532511,3.0,11,0.1717100168160456,1591.5
586,23.558125,120.505061,3.0,4,-0.1060228263235333,1625.5
587,23.558125,120.505061,3.0,5,-0.2509948749549561,1625.5
588,23.558125,120.505061,3.0,6,0.0700529499012353,1669.0
589,23.558125,120.505061,3.0,7,-0.7392682851081344,1669.0
590,23.558125,120.505061,3.0,8,0.000381121740993,1666.0
591,23.558125,120.505061,3.0,9,-0.5793327626104611,1666.0
592,23.558125,120.505061,3.0,10,0.260900111883869,1562.5
593,23.558125,120.505061,3.0,11,0.1573600339496257,1562.5
594,23.511683,120.486328,3.0,3,-0.0870153292887597,1612.0
595,23.511683,120.486328,3.0,4,-0.0744089081809854,1612.0
596,23.511683,120.486328,3.0,5,-0.2291763455244961,1588.5
597,23.511683,120.486328,3.0,6,0.104418176538888,1588.5
598,23.511683,120.486328,3.0,7,-0.7787715924293619,1605.5
599,23.511683,120.486328,3.0,8,0.007002358584754,1605.5
600,23.511683,120.486328,3.0,9,-0.5899012008299822,1615.5
601,23.511683,120.486328,3.0,10,0.2317530701274606,1615.5
602,23.492078,120.494586,3.0,3,-0.0828607878446152,1762.0
603,23.492078,120.494586,3.0,4,-0.0704714816057901,1762.0
604,23.492078,120.494586,3.0,5,-0.2228500798885694,1492.0
605,23.492078,120.494586,3.0,6,0.1092758235271552,1492.0
606,23.492078,120.494586,3.0,7,-0.765853318046429,1577.5
607,23.492078,120.494586,3.0,8,0.0138711751964411,1577.5
608,23.492078,120.494586,3.0,9,-0.5766089249519288,1578.0
609,23.492078,120.494586,3.0,10,0.2396468866836923,1578.0
610,23.442486,120.4812,3.0,5,-0.2114809394388588,1538.0
611,23.442486,120.4812,3.0,6,0.1175565674424656,1538.0
612,23.442486,120.4812,3.0,7,-0.749287557920208,1624.5
613,23.442486,120.4812,3.0,8,0.022394117928063,1624.5
614,23.442486,120.4812,3.0,9,-0.5617641382663462,1612.0
615,23.442486,120.4812,3.0,10,0.2484238770504328,1612.0
616,23.442486,120.4812,3.0,11,0.1540711477878015,1404.0
617,23.442486,120.4812,3.0,12,-0.1950110740095523,1404.0
618,23.361253,120.436356,3.0,5,-0.1675020678201914,1724.0
619,23.361253,120.436356,3.0,6,0.1434727949971797,1724.0
620,23.361253,120.436356,3.0,7,-0.6564444599392727,1724.0
621,23.361253,120.436356,3.0,8,0.0557724239327174,1724.0
622,23.361253,120.436356,3.0,9,-0.4612242107238564,1724.0
623,23.361253,120.436356,3.0,10,0.2952053990055059,1724.0
624,23.361253,120.436356,3.0,11,0.1859684399700291,770.0
625,23.361253,120.436356,3.0,12,-0.1653791419978074,770.0
626,23.296692,120.404164,3.0,4,0.1564118214541117,1574.0
627,23.296692,120.404164,3.0,5,0.0264286611170912,1574.0
628,23.296692,120.404164,3.0,6,0.2069724379175121,1670.0
629,23.296692,120.404164,3.0,7,-0.4987356581464162,1670.0
630,23.296692,120.404164,3.0,8,-0.0680986712914637,1622.0
631,23.296692,120.404164,3.0,9,-0.3805255459669164,1622.0
632,23.296692,120.404164,3.0,10,0.3157002723451442,1570.5
633,23.296692,120.404164,3.0,11,0.2625612294129789,1570.5
634,23.279281,120.390253,3.0,4,0.1728532806790721,1746.0
635,23.279281,120.390253,3.0,5,0.0471233071814708,1746.0
636,23.279281,120.390253,3.0,6,0.2173804063083675,1704.5
637,23.279281,120.390253,3.0,7,-0.4687858257679819,1704.5
638,23.279281,120.390253,3.0,8,-0.0655627190082064,1616.5
639,23.279281,120.390253,3.0,9,-0.3537653918043913,1616.5
640,23.279281,120.390253,3.0,10,0.3287524704609351,1639.5
641,23.279281,120.390253,3.0,11,0.274574991818765,1639.5
642,23.244994,120.367378,3.0,3,0.2062759144369966,1712.0
643,23.244994,120.367378,3.0,4,0.203035801244099,1712.0
644,23.244994,120.367378,3.0,5,0.0854346302035244,1620.0
645,23.244994,120.367378,3.0,6,0.2366840226401132,1620.0
646,23.244994,120.367378,3.0,7,-0.4132879310064361,1712.5
647,23.244994,120.367378,3.0,8,-0.0601207887633182,1712.5
648,23.244994,120.367378,3.0,9,-0.3038870939736665,1618.5
649,23.244994,120.367378,3.0,10,0.3530056897214865,1618.5
650,23.203275,120.355461,3.0,4,0.2345323774175186,1704.0
651,23.203275,120.355461,3.0,5,0.1255605626845727,1704.0
652,23.203275,120.355461,3.0,6,0.2571089672579634,1732.0
653,23.203275,120.355461,3.0,7,-0.355336630241465,1732.0
654,23.203275,120.355461,3.0,8,-0.0536243885613479,1651.0
655,23.203275,120.355461,3.0,9,-0.2517734348905988,1651.0
656,23.203275,120.355461,3.0,10,0.378453500817653,1620.5
657,23.203275,120.355461,3.0,11,0.3187130757688106,1620.5
658,23.132064,120.333711,3.0,4,0.2803280045711162,1701.0
659,23.132064,120.333711,3.0,5,0.1863641259285129,1701.0
660,23.132064,120.333711,3.0,6,0.2873549756006757,1721.0
661,23.132064,120.333711,3.0,7,-0.2657539372698821,1721.0
662,23.132064,120.333711,3.0,8,-0.0403495234063634,1629.5
663,23.132064,120.333711,3.0,9,-0.1682621819616451,1629.5
664,23.132064,120.333711,3.0,10,0.4177427797253061,1661.0
665,23.132064,120.333711,3.0,11,0.3499153697630761,1661.0
666,25.036481,121.295531,5.0,3,-0.8195802215643893,2284.5
667,25.036481,121.295531,5.0,4,-0.7373166905779043,2284.5
668,25.036481,121.295531,5.0,5,-0.6548049510457333,2217.5
669,25.036481,121.295531,5.0,6,-0.369571989312993,2217.5
670,25.036481,121.295531,5.0,7,0.1306297674347107,2311.0
671,25.036481,121.295531,5.0,8,0.7344398382949711,2311.0
672,25.036481,121.295531,5.0,9,0.2409305490977995,2090.5
673,25.036481,121.295531,5.0,10,-0.2750358859320188,2090.5
674,25.025953,121.281731,5.0,4,-0.7360143183270785,2083.5
675,25.025953,121.281731,5.0,5,-0.6528696418074648,2083.5
676,25.025953,121.281731,5.0,6,-0.3610780489597095,2161.0
677,25.025953,121.281731,5.0,7,0.1410141744386317,2161.0
678,25.025953,121.281731,5.0,8,0.7476673806165646,2147.5
679,25.025953,121.281731,5.0,9,0.2536409332346093,2147.5
680,25.025953,121.281731,5.0,10,-0.2642055688470647,1942.0
681,25.025953,121.281731,5.0,11,-0.3438976477846237,1942.0
682,25.012944,121.266194,4.0,4,-0.7353520314639289,1913.5
683,25.012944,121.266194,4.0,5,-0.652934903349636,1913.5
684,25.012944,121.266194,4.0,6,-0.3628909956541584,2019.0
685,25.012944,121.266194,4.0,7,0.1378709282247405,2019.0
686,25.012944,121.266194,4.0,8,0.7431632932558314,1998.5
687,25.012944,121.266194,4.0,9,0.2537095900793019,1998.5
688,25.012944,121.266194,4.0,10,-0.2606707491609933,1823.0
689,25.012944,121.266194,4.0,11,-0.3462481577973915,1823.0
690,24.99858333,121.2477222,4.0,4,-0.7557764389895698,1895.5
691,24.99858333,121.2477222,4.0,5,-0.6629710697846903,1895.5
692,24.99858333,121.2477222,4.0,6,-0.3681152924365989,2030.5
693,24.99858333,121.2477222,4.0,7,0.1061678657963721,2030.5
694,24.99858333,121.2477222,4.0,8,0.6920446185076196,1988.5
695,24.99858333,121.2477222,4.0,9,0.1875355265729657,1988.5
696,24.99858333,121.2477222,4.0,10,-0.3120663675999622,1826.0
697,24.99858333,121.2477222,4.0,11,-0.2987903675846269,1826.0
698,24.980558,121.228944,3.0,3,-0.8193355262719989,2208.5
699,24.980558,121.228944,3.0,4,-0.7601908772241691,2208.5
700,24.980558,121.228944,3.0,5,-0.6675801794653273,2290.0
701,24.980558,121.228944,3.0,6,-0.3789366874754278,2290.0
702,24.980558,121.228944,3.0,7,0.0809471517309008,2519.0
703,24.980558,121.228944,3.0,8,0.6553858106724842,2519.0
704,24.980558,121.228944,3.0,9,0.1593154709707623,2395.5
705,24.980558,121.228944,3.0,10,-0.3234869519639374,2395.5
706,24.961693,121.2047523,4.0,4,-0.7662192963351305,250.5
707,24.961693,121.2047523,4.0,5,-0.673537655026351,250.5
708,24.961693,121.2047523,4.0,6,-0.3900494497834578,1273.0
709,24.961693,121.2047523,4.0,7,0.0500341771583052,1273.0
710,24.961693,121.2047523,4.0,8,0.6097596193086272,1476.0
711,24.961693,121.2047523,4.0,9,0.1230182093658847,1476.0
712,24.961693,121.2047523,4.0,10,-0.3376927514119194,1464.5
713,24.961693,121.2047523,4.0,11,-0.3052733671109471,1464.5
714,24.949281,121.195594,3.0,3,-0.8181250205865728,1760.0
715,24.949281,121.195594,3.0,4,-0.7690912796029351,1760.0
716,24.949281,121.195594,3.0,5,-0.6762162773522176,1765.5
717,24.949281,121.195594,3.0,6,-0.3938234738688734,1765.5
718,24.949281,121.195594,3.0,7,0.0366129848390938,1937.0
719,24.949281,121.195594,3.0,8,0.5895760020164369,1937.0
720,24.949281,121.195594,3.0,9,0.1069052421569399,1769.0
721,24.949281,121.195594,3.0,10,-0.3432994088449845,1769.0
722,24.929544,121.176919,3.0,4,-0.774966056018831,1775.5
723,24.929544,121.176919,3.0,5,-0.6815496920301449,1775.5
724,24.929544,121.176919,3.0,6,-0.3999484358148485,1870.0
725,24.929544,121.176919,3.0,7,0.0108031201055658,1870.0
726,24.929544,121.176919,3.0,8,0.5504190083329237,1805.0
727,24.929544,121.176919,3.0,9,0.0749009236836147,1805.0
728,24.929544,121.176919,3.0,10,-0.3543897901758508,1760.0
729,24.929544,121.176919,3.0,11,-0.3080008872404008,1760.0
730,24.917967,121.167586,3.0,4,-0.7783675087036807,1940.5
731,24.917967,121.167586,3.0,5,-0.6845534126405021,1940.5
732,24.917967,121.167586,3.0,6,-0.4026724240016468,2037.0
733,24.917967,121.167586,3.0,7,-0.0033616223707868,2037.0
734,24.917967,121.167586,3.0,8,0.5287208115029329,1912.5
735,24.917967,121.167586,3.0,9,0.0569774302017714,1912.5
736,24.917967,121.167586,3.0,10,-0.3603557511035413,1928.0
737,24.917967,121.167586,3.0,11,-0.3087759755650005,1928.0
738,24.903297,121.159761,3.0,4,-0.7820344143269292,1451.0
739,24.903297,121.159761,3.0,5,-0.6877411233465526,1451.0
740,24.903297,121.159761,3.0,6,-0.4051527770864983,1637.0
741,24.903297,121.159761,3.0,7,-0.0182258185431254,1637.0
742,24.903297,121.159761,3.0,8,0.5058217434719126,1537.0
743,24.903297,121.159761,3.0,9,0.0380375836662722,1537.0
744,24.903297,121.159761,3.0,10,-0.3664327558112887,1517.0
745,24.903297,121.159761,3.0,11,-0.3094361072846117,1517.0
746,24.893436,121.111731,3.0,3,-0.8193200769548733,1792.5
747,24.893436,121.111731,3.0,4,-0.7965524548101716,1792.5
748,24.893436,121.111731,3.0,5,-0.7000911905907123,1721.0
749,24.893436,121.111731,3.0,6,-0.4118661124905779,1721.0
750,24.893436,121.111731,3.0,7,-0.073358777462861,1929.0
751,24.893436,121.111731,3.0,8,0.4202554734878016,1929.0
752,24.893436,121.111731,3.0,9,-0.0352968167646884,1824.5
753,24.893436,121.111731,3.0,10,-0.390969539844296,1824.5
754,24.848719,121.019031,3.0,4,-0.8240297805229514,1872.0
755,24.848719,121.019031,3.0,5,-0.7446296657668282,1872.0
756,24.848719,121.019031,3.0,6,-0.4275707217855203,1982.0
757,24.848719,121.019031,3.0,7,-0.3035341566067548,1982.0
758,24.848719,121.019031,3.0,8,0.0833684266089768,1995.0
759,24.848719,121.019031,3.0,9,-0.3557872441743662,1995.0
760,24.848719,121.019031,3.0,10,-0.4610444026685696,1827.5
761,24.848719,121.019031,3.0,11,-0.3125996122988183,1827.5
762,24.808453,121.010306,3.0,3,-0.825713116597722,1131.0
763,24.808453,121.010306,3.0,4,-0.8527772573789795,1131.0
764,24.808453,121.010306,3.0,5,-0.7618661617932042,1114.0
765,24.808453,121.010306,3.0,6,-0.4282776311986543,1114.0
766,24.808453,121.010306,3.0,7,-0.3673979791803727,1251.0
767,24.808453,121.010306,3.0,8,-0.0252097655306485,1251.0
768,24.808453,121.010306,3.0,9,-0.4404119791203794,1190.0
769,24.808453,121.010306,3.0,10,-0.4932307353494656,1190.0
770,24.789622,121.005247,3.0,4,-0.8569650403893703,1984.0
771,24.789622,121.005247,3.0,5,-0.7647059182464386,1984.0
772,24.789622,121.005247,3.0,6,-0.4284485579595102,2056.5
773,24.789622,121.005247,3.0,7,-0.3788274411353195,2056.5
774,24.789622,121.005247,3.0,8,-0.0441524330235647,2028.0
775,24.789622,121.005247,3.0,9,-0.4556322245806358,2028.0
776,24.789622,121.005247,3.0,10,-0.4979892447701182,1864.0
777,24.789622,121.005247,3.0,11,-0.3142502815876312,1864.0
778,24.783944,121.003725,3.0,4,-0.8547596384688122,1102.5
779,24.783944,121.003725,3.0,5,-0.7637623780439547,1102.5
780,24.783944,121.003725,3.0,6,-0.428486682200272,1318.0
781,24.783944,121.003725,3.0,7,-0.376388847236118,1318.0
782,24.783944,121.003725,3.0,8,-0.0394365700820426,1239.0
783,24.783944,121.003725,3.0,9,-0.4524656649298264,1239.0
784,24.783944,121.003725,3.0,10,-0.4955919207715036,1188.0
785,24.783944,121.003725,3.0,11,-0.3135814399778093,1188.0
786,24.764414,120.999897,4.0,4,-0.8379279980009119,1334.5
787,24.764414,120.999897,4.0,5,-0.7559542788794362,1334.5
788,24.764414,120.999897,4.0,6,-0.4286279030958169,1358.5
789,24.764414,120.999897,4.0,7,-0.3538408858895067,1358.5
790,24.764414,120.999897,4.0,8,0.0023346418468546,1325.5
791,24.764414,120.999897,4.0,9,-0.4229673294031592,1325.5
792,24.764414,120.999897,4.0,10,-0.4771642907641954,1311.0
793,24.764414,120.999897,4.0,11,-0.3093147412792769,1311.0
794,24.763586,120.998861,3.0,4,-0.8375383268725994,1176.0
795,24.763586,120.998861,3.0,5,-0.7558287422601448,1176.0
796,24.763586,120.998861,3.0,6,-0.4286415802374532,1232.0
797,24.763586,120.998861,3.0,7,-0.3536736229625102,1232.0
798,24.763586,120.998861,3.0,8,0.0027800947947371,1200.5
799,24.763586,120.998861,3.0,9,-0.4227711885099788,1200.5
800,24.763586,120.998861,3.0,10,-0.4767531018667542,1177.0
801,24.763586,120.998861,3.0,11,-0.3091397831015621,1177.0
802,24.965878,121.211614,2.0,4,-0.7645453397872056,1092.0
803,24.965878,121.211614,2.0,5,-0.6719176523161745,1092.0
804,24.965878,121.211614,2.0,6,-0.3873415664174279,1106.5
805,24.965878,121.211614,2.0,7,0.0582465819061946,1106.5
806,24.965878,121.211614,2.0,8,0.6219577362885753,1089.0
807,24.965878,121.211614,2.0,9,0.1328724453607342,1089.0
808,24.965878,121.211614,2.0,10,-0.3338698752657564,1067.0
809,24.965878,121.211614,2.0,11,-0.3044207802338111,1067.0
810,24.96525,121.209867,2.0,4,-0.7649378667202259,1030.0
811,24.96525,121.209867,2.0,5,-0.672303451356157,1030.0
812,24.96525,121.209867,2.0,6,-0.3880258148104102,1144.5
813,24.96525,121.209867,2.0,7,0.0562859476674338,1144.5
814,24.96525,121.209867,2.0,8,0.6190605999895653,1117.0
815,24.96525,121.209867,2.0,9,0.1305138888139449,1117.0
816,24.96525,121.209867,2.0,10,-0.3348289834642982,1043.0
817,24.96525,121.209867,2.0,11,-0.3046525079267407,1043.0
818,24.856558,121.208581,3.0,5,-0.683136101990933,1666.0
819,24.856558,121.208581,3.0,6,-0.4043974197434298,1666.0
820,24.856558,121.208581,3.0,7,5.32550923805897e-05,1704.0
821,24.856558,121.208581,3.0,8,0.5344346906198092,1704.0
822,24.856558,121.208581,3.0,9,0.0657800673598094,1760.5
823,24.856558,121.208581,3.0,10,-0.3548780503308807,1760.5
824,24.856558,121.208581,3.0,11,-0.3073616347611806,1605.0
825,24.856558,121.208581,3.0,12,-0.6480895990035292,1605.0
826,24.816364,121.200339,3.0,5,-0.6883531044366835,2058.5
827,24.816364,121.200339,3.0,6,-0.4097117180863541,2058.5
828,24.816364,121.200339,3.0,7,-0.0248994650489583,2189.0
829,24.816364,121.200339,3.0,8,0.4963359778449195,2189.0
830,24.816364,121.200339,3.0,9,0.0344399888075556,2212.0
831,24.816364,121.200339,3.0,10,-0.3654408282915458,2212.0
832,24.816364,121.200339,3.0,11,-0.3087315817188323,1780.0
833,24.816364,121.200339,3.0,12,-0.6500278626072485,1780.0
834,24.797339,121.179128,3.0,3,-0.817450488833694,1758.5
835,24.797339,121.179128,3.0,4,-0.7888629742078463,1758.5
836,24.797339,121.179128,3.0,5,-0.693919591916015,1697.0
837,24.797339,121.179128,3.0,6,-0.412505272656884,1697.0
838,24.797339,121.179128,3.0,7,-0.0495396747546793,1869.0
839,24.797339,121.179128,3.0,8,0.4580255476639512,1869.0
840,24.797339,121.179128,3.0,9,0.0013022651457359,1781.5
841,24.797339,121.179128,3.0,10,-0.376657448044864,1781.5
842,24.791439,121.125997,3.0,4,-0.7815146701822243,1792.5
843,24.791439,121.125997,3.0,5,-0.7165808965653964,1792.5
844,24.791439,121.125997,3.0,6,-0.4250822322433654,1900.0
845,24.791439,121.125997,3.0,7,-0.1936276982600885,1900.0
846,24.791439,121.125997,3.0,8,0.2662118950667047,1842.5
847,24.791439,121.125997,3.0,9,-0.2079390170208191,1842.5
848,24.791439,121.125997,3.0,10,-0.4096564992360471,1719.0
849,24.791439,121.125997,3.0,11,-0.3117121411487298,1719.0
850,24.758442,121.030425,3.0,3,-0.8180012059888401,1789.5
851,24.758442,121.030425,3.0,4,-0.8149149787832868,1789.5
852,24.758442,121.030425,3.0,5,-0.7430589183899969,1857.5
853,24.758442,121.030425,3.0,6,-0.4283736010290373,1857.5
854,24.758442,121.030425,3.0,7,-0.3087789545042579,1897.0
855,24.758442,121.030425,3.0,8,0.0803604921763698,1897.0
856,24.758442,121.030425,3.0,9,-0.3630683844397075,1844.5
857,24.758442,121.030425,3.0,10,-0.4512658909045869,1844.5
858,24.758442,121.030425,3.0,11,-0.3064958351581448,1519.5
859,24.758442,121.030425,3.0,12,-0.6861348458773014,1519.5
860,24.755811,120.997269,4.0,4,-0.8294447667308475,1951.5
861,24.755811,120.997269,4.0,5,-0.7521511787245366,1951.5
862,24.755811,120.997269,4.0,6,-0.4287168971024615,1982.0
863,24.755811,120.997269,4.0,7,-0.3433263019256022,1982.0
864,24.755811,120.997269,4.0,8,0.022135574652595,2008.0
865,24.755811,120.997269,4.0,9,-0.4092664792424518,2008.0
866,24.755811,120.997269,4.0,10,-0.467904802704196,1844.0
867,24.755811,120.997269,4.0,11,-0.3069752065281063,1844.0
868,24.757914,120.972267,3.0,5,-0.7552166796790201,1607.0
869,24.757914,120.972267,3.0,6,-0.4288660387105816,1607.0
870,24.757914,120.972267,3.0,7,-0.3559338586469623,1818.0
871,24.757914,120.972267,3.0,8,0.0013909299400397,1818.0
872,24.757914,120.972267,3.0,9,-0.4262390092245531,1616.0
873,24.757914,120.972267,3.0,10,-0.4729448926170466,1616.0
874,24.757914,120.972267,3.0,11,-0.306597484921775,1554.5
875,24.757914,120.972267,3.0,12,-0.6888250520127488,1554.5
876,24.753094,120.945675,3.0,4,-0.8139732589999563,1652.5
877,24.753094,120.945675,3.0,5,-0.747153096206645,1652.5
878,24.753094,120.945675,3.0,6,-0.4291467446918555,1753.5
879,24.753094,120.945675,3.0,7,-0.3365134360667991,1753.5
880,24.753094,120.945675,3.0,8,0.0400442037940981,1724.5
881,24.753094,120.945675,3.0,9,-0.4014045716498163,1724.5
882,24.753094,120.945675,3.0,10,-0.4516233558688327,1575.0
883,24.753094,120.945675,3.0,11,-0.3000199659863637,1575.0
884,25.011819,121.562375,2.0,4,-0.7274367027566374,1420.0
885,25.011819,121.562375,2.0,5,-0.6950803073579974,1420.0
886,25.011819,121.562375,2.0,6,-0.4995002719481621,1434.5
887,25.011819,121.562375,2.0,7,-0.0235204953208452,1434.5
888,25.011819,121.562375,2.0,8,0.4707788615217718,1430.5
889,25.011819,121.562375,2.0,9,0.1285870920019101,1430.5
890,25.011819,121.562375,2.0,10,-0.1685266175427922,1337.5
891,25.011819,121.562375,2.0,11,-0.4929489304423169,1337.5
892,25.003864,121.586039,2.0,3,-0.8080115609126032,1548.0
893,25.003864,121.586039,2.0,4,-0.7241952487684378,1548.0
894,25.003864,121.586039,2.0,5,-0.7081705924802335,1405.0
895,25.003864,121.586039,2.0,6,-0.5102427233137017,1405.0
896,25.003864,121.586039,2.0,7,-0.1113505917747948,1638.5
897,25.003864,121.586039,2.0,8,0.346219255474637,1638.5
898,25.003864,121.586039,2.0,9,0.0685053887240951,1441.0
899,25.003864,121.586039,2.0,10,-0.136449865280169,1441.0
900,25.137106,121.708908,3.0,4,-0.91694470056971,1076.5
901,25.137106,121.708908,3.0,5,-0.9059913974261532,1076.5
902,25.137106,121.708908,3.0,6,-0.700136452339316,1126.5
903,25.137106,121.708908,3.0,7,0.1168591187790412,1126.5
904,25.137106,121.708908,3.0,8,0.3624028015708034,1068.5
905,25.137106,121.708908,3.0,9,-0.2697336310757969,1068.5
906,25.137106,121.708908,3.0,10,-0.2988633638169131,1039.0
907,25.137106,121.708908,3.0,11,-0.3079854595727868,1039.0
908,25.129514,121.698631,3.0,4,-0.8890287371181417,1033.5
909,25.129514,121.698631,3.0,5,-0.8747283702334502,1033.5
910,25.129514,121.698631,3.0,6,-0.6714898788098033,1149.0
911,25.129514,121.698631,3.0,7,0.0886249370225422,1149.0
912,25.129514,121.698631,3.0,8,0.3711164627948919,1100.5
913,25.129514,121.698631,3.0,9,-0.2167041044492892,1100.5
914,25.129514,121.698631,3.0,10,-0.2858678013679723,1044.0
915,25.129514,121.698631,3.0,11,-0.3434149289869637,1044.0
916,25.103747,121.681789,3.0,4,-0.8374856907967575,1072.5
917,25.103747,121.681789,3.0,5,-0.8185623338577032,1072.5
918,25.103747,121.681789,3.0,6,-0.6193102952515921,1191.5
919,25.103747,121.681789,3.0,7,0.0334244709291406,1191.5
920,25.103747,121.681789,3.0,8,0.3804242283590113,1150.0
921,25.103747,121.681789,3.0,9,-0.1213913559486142,1150.0
922,25.103747,121.681789,3.0,10,-0.2558127077949255,1179.5
923,25.103747,121.681789,3.0,11,-0.4158940472059419,1179.5
924,25.089994,121.653556,3.0,4,-0.7951616558031728,755.0
925,25.089994,121.653556,3.0,5,-0.7732584644244141,755.0
926,25.089994,121.653556,3.0,6,-0.5766511873737598,1685.5
927,25.089994,121.653556,3.0,7,-0.01151212733664,1685.5
928,25.089994,121.653556,3.0,8,0.3866889844228408,1034.5
929,25.089994,121.653556,3.0,9,-0.0434611570168156,1034.5
930,25.089994,121.653556,3.0,10,-0.2274780935205016,1052.0
931,25.089994,121.653556,3.0,11,-0.4769290859048942,1052.0
932,25.065611,121.643467,3.0,5,-0.7496584540400736,1627.5
933,25.065611,121.643467,3.0,6,-0.552870201806392,1627.5
934,25.065611,121.643467,3.0,7,-0.0526737188643561,1725.5
935,25.065611,121.643467,3.0,8,0.3665404868450719,1725.5
936,25.065611,121.643467,3.0,9,-0.0059937647449107,1669.0
937,25.065611,121.643467,3.0,10,-0.1957326989501911,1669.0
938,25.065611,121.643467,3.0,11,-0.5399257580350562,1486.0
939,25.065611,121.643467,3.0,12,-0.5428194345908578,1486.0
940,25.052742,121.631281,4.0,4,-0.751554914577674,1189.0
941,25.052742,121.631281,4.0,5,-0.7350976183384033,1189.0
942,25.052742,121.631281,4.0,6,-0.5377068551719373,1223.0
943,25.052742,121.631281,4.0,7,-0.083551476553126,1223.0
944,25.052742,121.631281,4.0,8,0.3468965779485545,1174.5
945,25.052742,121.631281,4.0,9,0.0159843221956103,1174.5
946,25.052742,121.631281,4.0,10,-0.1710870107281609,1136.5
947,25.052742,121.631281,4.0,11,-0.5886468558139585,1136.5
948,25.050319,121.628156,4.0,4,-0.7480339853973822,1088.5
949,25.050319,121.628156,4.0,5,-0.73226462619553,1088.5
950,25.050319,121.628156,4.0,6,-0.5347011386254705,1127.5
951,25.050319,121.628156,4.0,7,-0.0899936573167897,1127.5
952,25.050319,121.628156,4.0,8,0.342480607684493,1079.0
953,25.050319,121.628156,4.0,9,0.0202086072388327,1079.0
954,25.050319,121.628156,4.0,10,-0.1657713935432677,1055.5
955,25.050319,121.628156,4.0,11,-0.5989611328786353,1055.5
956,25.042389,121.624789,5.0,4,-0.7396417601791845,1184.0
957,25.042389,121.624789,5.0,5,-0.7271072727932114,1184.0
958,25.042389,121.624789,5.0,6,-0.5287187215146606,1231.5
959,25.042389,121.624789,5.0,7,-0.1121685124629884,1231.5
960,25.042389,121.624789,5.0,8,0.3212390212356306,1230.5
961,25.042389,121.624789,5.0,9,0.0249228188928736,1230.5
962,25.042389,121.624789,5.0,10,-0.1492784951314573,1109.0
963,25.042389,121.624789,5.0,11,-0.6349628979483317,1109.0
964,25.036533,121.621386,4.0,4,-0.73286943047947,1261.5
965,25.036533,121.621386,4.0,5,-0.7232579386022108,1261.5
966,25.036533,121.621386,4.0,6,-0.5241150765111273,1318.5
967,25.036533,121.621386,4.0,7,-0.1312568959469555,1318.5
968,25.036533,121.621386,4.0,8,0.3021649215779345,1294.5
969,25.036533,121.621386,4.0,9,0.0277095194682485,1294.5
970,25.036533,121.621386,4.0,10,-0.1352643106877481,1178.5
971,25.036533,121.621386,4.0,11,-0.666105757401437,1178.5
972,24.96255,121.530572,3.0,4,-0.7139263467533751,1732.5
973,24.96255,121.530572,3.0,5,-0.6601479101852527,1732.5
974,24.96255,121.530572,3.0,5,-0.6601479101852527,2268.0
975,24.96255,121.530572,3.0,5,-0.6601479101852527,2010.0
976,24.96255,121.530572,3.0,6,-0.44926429602274,1839.0
977,24.96255,121.530572,3.0,6,-0.44926429602274,2268.0
978,24.96255,121.530572,3.0,6,-0.44926429602274,2010.0
979,24.96255,121.530572,3.0,7,0.0091060103674439,1839.0
980,24.96255,121.530572,3.0,7,0.0091060103674439,2399.5
981,24.96255,121.530572,3.0,7,0.0091060103674439,2160.5
982,24.96255,121.530572,3.0,8,0.56374460848959,1763.5
983,24.96255,121.530572,3.0,8,0.56374460848959,2399.5
984,24.96255,121.530572,3.0,8,0.56374460848959,2160.5
985,24.96255,121.530572,3.0,9,0.2121481540102972,1763.5
986,24.96255,121.530572,3.0,9,0.2121481540102972,2310.5
987,24.96255,121.530572,3.0,9,0.2121481540102972,2090.0
988,24.96255,121.530572,3.0,10,-0.1884152992395805,1739.5
989,24.96255,121.530572,3.0,10,-0.1884152992395805,2310.5
990,24.96255,121.530572,3.0,10,-0.1884152992395805,2090.0
991,24.96255,121.530572,3.0,11,-0.441258836782982,1739.5
992,24.96255,121.530572,3.0,11,-0.441258836782982,2028.0
993,24.96255,121.530572,3.0,11,-0.441258836782982,1902.0
994,24.96255,121.530572,3.0,12,-0.5599181153686442,2028.0
995,24.96255,121.530572,3.0,12,-0.5599181153686442,1902.0
996,24.978881,121.502381,3.0,4,-0.7173361075182054,1129.0
997,24.978881,121.502381,3.0,5,-0.6552001304275773,1129.0
998,24.978881,121.502381,3.0,6,-0.4470995626703428,1156.5
999,24.978881,121.502381,3.0,7,0.0380939431953525,1156.5
1000,24.978881,121.502381,3.0,8,0.6059242152338247,1139.0
1001,24.978881,121.502381,3.0,9,0.2381087189375865,1139.0
1002,24.978881,121.502381,3.0,10,-0.1970748312783526,1044.0
1003,24.978881,121.502381,3.0,11,-0.383925263199946,1044.0
1004,24.978586,121.501744,3.0,4,-0.7176272683975865,1131.5
1005,24.978586,121.501744,3.0,5,-0.6553090381445825,1131.5
1006,24.978586,121.501744,3.0,6,-0.4472630689716731,1143.0
1007,24.978586,121.501744,3.0,7,0.0377809274351625,1143.0
1008,24.978586,121.501744,3.0,8,0.605556502672746,1129.0
1009,24.978586,121.501744,3.0,9,0.2377270148282951,1129.0
1010,24.978586,121.501744,3.0,10,-0.1976282385111543,1040.5
1011,24.978586,121.501744,3.0,11,-0.3837494483624346,1040.5
1012,24.975247,121.454925,4.0,3,-0.806102791653051,1969.5
1013,24.975247,121.454925,4.0,3,-0.806102791653051,2777.0
1014,24.975247,121.454925,4.0,4,-0.7376057199214496,1969.5
1015,24.975247,121.454925,4.0,4,-0.7376057199214496,2777.0
1016,24.975247,121.454925,4.0,5,-0.6619736117312954,1870.0
1017,24.975247,121.454925,4.0,5,-0.6619736117312954,2414.0
1018,24.975247,121.454925,4.0,6,-0.4593510374186271,1870.0
1019,24.975247,121.454925,4.0,6,-0.4593510374186271,2414.0
1020,24.975247,121.454925,4.0,7,0.01470229776167,2056.0
1021,24.975247,121.454925,4.0,7,0.01470229776167,2702.5
1022,24.975247,121.454925,4.0,8,0.5776715579247468,2056.0
1023,24.975247,121.454925,4.0,8,0.5776715579247468,2702.5
1024,24.975247,121.454925,4.0,9,0.2204248877080802,1992.5
1025,24.975247,121.454925,4.0,9,0.2204248877080802,2165.5
1026,24.975247,121.454925,4.0,10,-0.2231483042298815,1992.5
1027,24.975247,121.454925,4.0,10,-0.2231483042298815,2165.5
1028,24.943825,121.365275,4.0,3,-0.8140255366300906,1926.5
1029,24.943825,121.365275,4.0,4,-0.7365472628320603,1926.5
1030,24.943825,121.365275,4.0,5,-0.6584851587596879,1861.0
1031,24.943825,121.365275,4.0,6,-0.4049573614509194,1861.0
1032,24.943825,121.365275,4.0,7,0.0816927007748138,1977.0
1033,24.943825,121.365275,4.0,8,0.6679653343050055,1977.0
1034,24.943825,121.365275,4.0,9,0.22634125686549,1825.5
1035,24.943825,121.365275,4.0,10,-0.2572757674143364,1825.5
1036,24.936025,121.3419,4.0,4,-0.7352253395976769,2025.5
1037,24.936025,121.3419,4.0,5,-0.65594895713619,2025.5
1038,24.936025,121.3419,4.0,6,-0.388268171137368,2077.5
1039,24.936025,121.3419,4.0,7,0.1031080871234326,2077.5
1040,24.936025,121.3419,4.0,8,0.6962175173395204,1962.0
1041,24.936025,121.3419,4.0,9,0.2399473386127403,1962.0
1042,24.936025,121.3419,4.0,10,-0.2530033895945203,2069.0
1043,24.936025,121.3419,4.0,11,-0.3592842137546637,2069.0
1044,24.930225,121.312458,4.0,4,-0.7343328873470655,1885.0
1045,24.930225,121.312458,4.0,5,-0.6544398984745136,1885.0
1046,24.930225,121.312458,4.0,6,-0.3779951433752411,1982.0
1047,24.930225,121.312458,4.0,7,0.116121936897226,1982.0
1048,24.930225,121.312458,4.0,8,0.7133651164109712,1983.0
1049,24.930225,121.312458,4.0,9,0.2478535890407577,1983.0
1050,24.930225,121.312458,4.0,10,-0.2506363789241449,1884.0
1051,24.930225,121.312458,4.0,11,-0.3556549987430423,1884.0
1052,24.878792,121.250839,3.0,3,-0.8168386467733139,1795.5
1053,24.878792,121.250839,3.0,4,-0.7665756410084416,1795.5
1054,24.878792,121.250839,3.0,5,-0.6742504593726463,1782.0
1055,24.878792,121.250839,3.0,6,-0.3964290148079417,1782.0
1056,24.878792,121.250839,3.0,7,0.0408357738938025,908.5
1057,24.878792,121.250839,3.0,8,0.5967382295636459,908.5
1058,24.878792,121.250839,3.0,9,0.1195085008295755,20.0
1059,24.878792,121.250839,3.0,10,-0.3347407585030197,20.0
1060,25.035183,121.623019,3.0,4,-0.7319475507740906,1032.0
1061,25.035183,121.623019,3.0,5,-0.7233270925618733,1032.0
1062,25.035183,121.623019,3.0,6,-0.5239476132474092,1147.5
1063,25.035183,121.623019,3.0,7,-0.1365355449524804,1147.5
1064,25.035183,121.623019,3.0,8,0.295439943420896,1020.0
1065,25.035183,121.623019,3.0,9,0.0259774108305032,1020.0
1066,25.035183,121.623019,3.0,10,-0.1320564279562104,1009.5
1067,25.035183,121.623019,3.0,11,-0.6747578802941908,1009.5
1068,25.035036,121.624719,3.0,4,-0.7323609274338234,975.5
1069,25.035036,121.624719,3.0,5,-0.7239268931882715,975.5
1070,25.035036,121.624719,3.0,6,-0.5245115149176282,1047.0
1071,25.035036,121.624719,3.0,7,-0.1370316290579253,1047.0
1072,25.035036,121.624719,3.0,8,0.2940495214530267,1036.0
1073,25.035036,121.624719,3.0,9,0.0245073941638937,1036.0
1074,25.035036,121.624719,3.0,10,-0.1321051315823125,962.0
1075,25.035036,121.624719,3.0,11,-0.6755839096613838,962.0
1076,24.996503,121.652086,3.0,4,-0.7332020007268687,1576.5
1077,24.996503,121.652086,3.0,5,-0.7269983801364429,1576.5
1078,24.996503,121.652086,3.0,6,-0.5273736341275077,1621.5
1079,24.996503,121.652086,3.0,7,-0.1499847684365513,1621.5
1080,24.996503,121.652086,3.0,8,0.2743340437155385,1607.0
1081,24.996503,121.652086,3.0,9,0.0134591848580987,1607.0
1082,24.996503,121.652086,3.0,10,-0.1283035425988384,1460.0
1083,24.996503,121.652086,3.0,11,-0.6948658058639835,1460.0
1084,24.842714,121.789183,2.0,3,-0.8711725870380469,1581.5
1085,24.842714,121.789183,2.0,4,-0.846849192922218,1581.5
1086,24.842714,121.789183,2.0,5,-0.8687037676353853,1512.5
1087,24.842714,121.789183,2.0,6,-0.7867794289603464,1512.5
1088,24.842714,121.789183,2.0,7,-0.1515242752249129,1691.5
1089,24.842714,121.789183,2.0,8,-0.0325469296882083,1691.5
1090,24.842714,121.789183,2.0,9,-0.4601011519425673,1532.5
1091,24.842714,121.789183,2.0,10,-0.2913620713769738,1532.5
1092,24.823656,121.786347,2.0,4,-0.8508545007120376,1590.5
1093,24.823656,121.786347,2.0,5,-0.8759937561911226,1590.5
1094,24.823656,121.786347,2.0,6,-0.8067322976704057,1709.0
1095,24.823656,121.786347,2.0,7,-0.1621502583237558,1709.0
1096,24.823656,121.786347,2.0,8,-0.07246015176558,1727.5
1097,24.823656,121.786347,2.0,9,-0.4980152737425681,1727.5
1098,24.823656,121.786347,2.0,10,-0.3061002891116552,1603.0
1099,24.823656,121.786347,2.0,11,-0.406625306848375,1603.0
1100,24.711028,121.789478,2.0,4,-0.8746502291459906,981.0
1101,24.711028,121.789478,2.0,5,-0.8989339833588873,981.0
1102,24.711028,121.789478,2.0,6,-0.8502553831592292,1119.0
1103,24.711028,121.789478,2.0,7,-0.2108939402888897,1119.0
1104,24.711028,121.789478,2.0,8,-0.1399483004399317,1058.0
1105,24.711028,121.789478,2.0,9,-0.598116380546584,1058.0
1106,24.711028,121.789478,2.0,10,-0.3456491538997145,1006.0
1107,24.711028,121.789478,2.0,11,-0.3924140935853519,1006.0
1108,24.710683,121.789461,2.0,4,-0.8747669999885508,909.5
1109,24.710683,121.789461,2.0,5,-0.8989865038386141,909.5
1110,24.710683,121.789461,2.0,6,-0.8502553674050222,1058.0
1111,24.710683,121.789461,2.0,7,-0.2111107241525875,1058.0
1112,24.710683,121.789461,2.0,8,-0.1398004598818409,959.0
1113,24.710683,121.789461,2.0,9,-0.5982573673203483,959.0
1114,24.710683,121.789461,2.0,10,-0.3457077980330779,925.5
1115,24.710683,121.789461,2.0,11,-0.3924560411190917,925.5
1116,24.662581,121.799908,2.0,4,-0.9007270135909294,1032.0
1117,24.662581,121.799908,2.0,5,-0.9156955300404392,1032.0
1118,24.662581,121.799908,2.0,6,-0.8669507995962923,1087.5
1119,24.662581,121.799908,2.0,7,-0.2611551097714092,1087.5
1120,24.662581,121.799908,2.0,8,-0.1459087861512478,1048.0
1121,24.662581,121.799908,2.0,9,-0.6572773294746249,1048.0
1122,24.662581,121.799908,2.0,10,-0.3689228097042575,975.0
1123,24.662581,121.799908,2.0,11,-0.3952098584651695,975.0
1124,24.632728,121.806958,2.0,4,-0.9237352990554076,988.0
1125,24.632728,121.806958,2.0,5,-0.9339242980710696,988.0
1126,24.632728,121.806958,2.0,6,-0.8933606917723581,1053.5
1127,24.632728,121.806958,2.0,7,-0.3076591841778973,1053.5
1128,24.632728,121.806958,2.0,8,-0.1786781147233931,971.5
1129,24.632728,121.806958,2.0,9,-0.7291285067530414,971.5
1130,24.632728,121.806958,2.0,10,-0.396616658574408,979.0
1131,24.632728,121.806958,2.0,11,-0.3934694661051428,979.0
1132,24.733789,121.782022,1.0,3,-0.8805444583387774,1595.5
1133,24.733789,121.782022,1.0,4,-0.8667630400140443,1595.5
1134,24.733789,121.782022,1.0,5,-0.8970272661463228,1537.5
1135,24.733789,121.782022,1.0,6,-0.8560739670642297,1537.5
1136,24.733789,121.782022,1.0,7,-0.197431563458261,1702.5
1137,24.733789,121.782022,1.0,8,-0.1633973701016634,1702.5
1138,24.733789,121.782022,1.0,9,-0.5983712288062873,1592.5
1139,24.733789,121.782022,1.0,10,-0.3453340912520766,1592.5
1140,25.11831111,121.7316361,2.0,4,-0.9366525529468444,909.5
1141,25.11831111,121.7316361,2.0,5,-0.9285940728262452,909.5
1142,25.11831111,121.7316361,2.0,6,-0.720612448816846,1009.5
1143,25.11831111,121.7316361,2.0,7,0.13554428457924,1009.5
1144,25.11831111,121.7316361,2.0,8,0.3536986955413229,1428.5
1145,25.11831111,121.7316361,2.0,9,-0.3080917569424651,1428.5
1146,25.11831111,121.7316361,2.0,10,-0.3058849117604996,1011.5
1147,25.11831111,121.7316361,2.0,11,-0.2855886469237313,1011.5
1148,25.11878611,121.7317639,2.0,4,-0.9381491979459836,906.5
1149,25.11878611,121.7317639,2.0,5,-0.9302710830367458,906.5
1150,25.11878611,121.7317639,2.0,6,-0.7221459565448304,980.0
1151,25.11878611,121.7317639,2.0,7,0.1370874515799113,980.0
1152,25.11878611,121.7317639,2.0,8,0.3532619383464893,1403.5
1153,25.11878611,121.7317639,2.0,9,-0.3109215696750621,1403.5
1154,25.11878611,121.7317639,2.0,10,-0.306573027922454,971.0
1155,25.11878611,121.7317639,2.0,11,-0.2836594875739535,971.0
1156,25.10956667,121.7259056,2.0,4,-0.9090017527468404,1638.0
1157,25.10956667,121.7259056,2.0,5,-0.8977473952257542,1638.0
1158,25.10956667,121.7259056,2.0,6,-0.692339610187079,1517.5
1159,25.10956667,121.7259056,2.0,7,0.1068146066461051,1517.5
1160,25.10956667,121.7259056,2.0,8,0.3612302532311728,1723.5
1161,25.10956667,121.7259056,2.0,9,-0.2560213889857108,1723.5
1162,25.10956667,121.7259056,2.0,10,-0.2926454072157523,1467.0
1163,25.10956667,121.7259056,2.0,11,-0.3217967720761368,1467.0
1164,25.10283611,121.7178556,2.0,4,-0.8860981334044237,1593.0
1165,25.10283611,121.7178556,2.0,5,-0.8724132530594432,1593.0
1166,25.10283611,121.7178556,2.0,6,-0.6690151925938811,1634.5
1167,25.10283611,121.7178556,2.0,7,0.0826716002179443,1634.5
1168,25.10283611,121.7178556,2.0,8,0.3666197816538786,1629.0
1169,25.10283611,121.7178556,2.0,9,-0.2132313862073747,1629.0
1170,25.10283611,121.7178556,2.0,10,-0.2808552783653584,1495.0
1171,25.10283611,121.7178556,2.0,11,-0.352686999376274,1495.0
1172,25.0882722,121.6936444,4.0,4,-0.8354851171186851,1788.5
1173,25.0882722,121.6936444,4.0,5,-0.817446014781956,1788.5
1174,25.0882722,121.6936444,4.0,6,-0.6179325669452523,1902.0
1175,25.0882722,121.6936444,4.0,7,0.0275600135699592,1902.0
1176,25.0882722,121.6936444,4.0,8,0.3744051791751981,1810.5
1177,25.0882722,121.6936444,4.0,9,-0.1203738883954762,1810.5
1178,25.0882722,121.6936444,4.0,10,-0.2510277168531087,1799.0
1179,25.0882722,121.6936444,4.0,11,-0.4253216466166911,1799.0
1180,25.07604444,121.6594222,3.0,4,-0.7894026496020197,2477.0
1181,25.07604444,121.6594222,3.0,5,-0.7692580941613231,2477.0
1182,25.07604444,121.6594222,3.0,6,-0.5722062144470854,2663.5
1183,25.07604444,121.6594222,3.0,7,-0.0251979795157224,2663.5
1184,25.07604444,121.6594222,3.0,8,0.3746499170241308,2376.5
1185,25.07604444,121.6594222,3.0,9,-0.0386210193136338,2376.5
1186,25.07604444,121.6594222,3.0,10,-0.2168386413028949,2368.5
1187,25.07604444,121.6594222,3.0,11,-0.4987548834845743,2368.5
1188,25.06564444,121.6135194,2.0,4,-0.7535033069448819,1609.5
1189,25.06564444,121.6135194,2.0,5,-0.7306898520599193,1609.5
1190,25.06564444,121.6135194,2.0,6,-0.5349352541931635,1652.5
1191,25.06564444,121.6135194,2.0,7,-0.0538768910842065,1652.5
1192,25.06564444,121.6135194,2.0,8,0.3901878506177129,1530.5
1193,25.06564444,121.6135194,2.0,9,0.0336704734834146,1530.5
1194,25.06564444,121.6135194,2.0,10,-0.1888224742660859,1537.0
1195,25.06564444,121.6135194,2.0,11,-0.5396229597303144,1537.0
1196,25.064911,121.607778,3.0,4,-0.7510091657038941,2147.5
1197,25.064911,121.607778,3.0,5,-0.727159732951604,2147.5
1198,25.064911,121.607778,3.0,6,-0.5316160103619445,1674.5
1199,25.064911,121.607778,3.0,7,-0.0513257280289426,1674.5
1200,25.064911,121.607778,3.0,8,0.3979366629848012,1680.5
1201,25.064911,121.607778,3.0,9,0.0421259722918227,1680.5
1202,25.064911,121.607778,3.0,10,-0.1884880292256325,1536.5
1203,25.064911,121.607778,3.0,11,-0.5353603947352711,1536.5
1204,25.06898611,121.5802306,2.0,3,-0.8114907731208489,1119.5
1205,25.06898611,121.5802306,2.0,4,-0.7443794590900913,1119.5
1206,25.06898611,121.5802306,2.0,5,-0.712009080561223,1053.0
1207,25.06898611,121.5802306,2.0,6,-0.5180638438734811,1053.0
1208,25.06898611,121.5802306,2.0,7,-0.0149470537952727,1176.0
1209,25.06898611,121.5802306,2.0,8,0.4626601791007991,1176.0
1210,25.06898611,121.5802306,2.0,9,0.0864798491996104,1116.0
1211,25.06898611,121.5802306,2.0,10,-0.2002777035608659,1116.0
1212,25.073053,121.550358,2.0,5,-0.6927679236051104,1143.5
1213,25.073053,121.550358,2.0,6,-0.4996493492289923,1143.5
1214,25.073053,121.550358,2.0,7,0.0330448997684924,1214.0
1215,25.073053,121.550358,2.0,8,0.5455124312762337,1214.0
1216,25.073053,121.550358,2.0,9,0.1454925262682784,1203.0
1217,25.073053,121.550358,2.0,10,-0.2081907722727669,1203.0
1218,25.073053,121.550358,2.0,11,-0.4057326572824609,1043.5
1219,25.073053,121.550358,2.0,12,-0.5412935564228338,1043.5
1220,25.07301944,121.5307028,4.0,5,-0.678775263739058,1226.5
1221,25.07301944,121.5307028,4.0,6,-0.4852463519827128,1226.5
1222,25.07301944,121.5307028,4.0,7,0.0653081152950976,1336.0
1223,25.07301944,121.5307028,4.0,8,0.6013032993861844,1336.0
1224,25.07301944,121.5307028,4.0,9,0.1893244480314033,1302.5
1225,25.07301944,121.5307028,4.0,10,-0.2063616026007384,1302.5
1226,25.07301944,121.5307028,4.0,11,-0.3612246261912453,1147.0
1227,25.07301944,121.5307028,4.0,12,-0.5354954395974345,1147.0
1228,25.07763056,121.5166028,4.0,3,-0.774350385766732,1317.0
1229,25.07763056,121.5166028,4.0,4,-0.7052728617996343,1317.0
1230,25.07763056,121.5166028,4.0,5,-0.6473672276290607,1249.0
1231,25.07763056,121.5166028,4.0,6,-0.4402949503849469,1249.0
1232,25.07763056,121.5166028,4.0,7,0.0797728121188183,1348.5
1233,25.07763056,121.5166028,4.0,8,0.6637256030308009,1348.5
1234,25.07763056,121.5166028,4.0,9,0.2568140333303009,1328.0
1235,25.07763056,121.5166028,4.0,10,-0.2088032410985033,1328.0
1236,25.07806667,121.5091056,4.0,3,-0.7751886164318125,1322.5
1237,25.07806667,121.5091056,4.0,4,-0.7071362823865862,1322.5
1238,25.07806667,121.5091056,4.0,5,-0.648030975542956,1243.0
1239,25.07806667,121.5091056,4.0,6,-0.4421096279611794,1243.0
1240,25.07806667,121.5091056,4.0,7,0.0798003160322314,1325.5
1241,25.07806667,121.5091056,4.0,8,0.6646294198066314,1325.5
1242,25.07806667,121.5091056,4.0,9,0.2519951706252466,1279.0
1243,25.07806667,121.5091056,4.0,10,-0.2186667914375065,1279.0
1244,25.07806667,121.5091056,4.0,11,-0.3492298266587512,1107.5
1245,25.07806667,121.5091056,4.0,12,-0.5564221851024657,1107.5
1246,25.07746389,121.5013861,4.0,4,-0.7097023835862601,1199.5
1247,25.07746389,121.5013861,4.0,5,-0.6493526721517072,1199.5
1248,25.07746389,121.5013861,4.0,6,-0.4449258024645413,1428.0
1249,25.07746389,121.5013861,4.0,7,0.0772290689606983,1428.0
1250,25.07746389,121.5013861,4.0,8,0.6621169876609397,1234.0
1251,25.07746389,121.5013861,4.0,9,0.2438122245311535,1234.0
1252,25.07746389,121.5013861,4.0,10,-0.2309674234672561,1271.0
1253,25.07746389,121.5013861,4.0,11,-0.348406927631026,1271.0
1254,25.07479722,121.4729611,4.0,5,-0.6644970144516051,2044.0
1255,25.07479722,121.4729611,4.0,6,-0.4709664451540946,2044.0
1256,25.07479722,121.4729611,4.0,7,0.0308389801126813,2169.5
1257,25.07479722,121.4729611,4.0,8,0.6051563247546952,2169.5
1258,25.07479722,121.4729611,4.0,9,0.1574811308733234,1993.0
1259,25.07479722,121.4729611,4.0,10,-0.3239108041575118,1993.0
1260,25.07479722,121.4729611,4.0,11,-0.382979413034175,1940.5
1261,25.07479722,121.4729611,4.0,12,-0.6228265310743498,1940.5
1262,25.068239,121.428764,5.0,4,-0.7825015327840631,1412.5
1263,25.068239,121.428764,5.0,5,-0.7121538722154755,1412.5
1264,25.068239,121.428764,5.0,6,-0.5620606701124548,1462.0
1265,25.068239,121.428764,5.0,7,-0.1009389630538184,1462.0
1266,25.068239,121.428764,5.0,8,0.4482644667323927,1409.0
1267,25.068239,121.428764,5.0,9,-0.1567710817035405,1409.0
1268,25.068239,121.428764,5.0,10,-0.6811058421027207,1384.5
1269,25.068239,121.428764,5.0,11,-0.5108500991503626,1384.5
1270,25.068,121.428056,6.0,3,-0.8220923430536935,1376.5
1271,25.068,121.428056,6.0,4,-0.7833036885359758,1376.5
1272,25.068,121.428056,6.0,5,-0.7129585924667031,1296.0
1273,25.068,121.428056,6.0,6,-0.5636930699731985,1296.0
1274,25.068,121.428056,6.0,7,-0.1030339292772328,1434.5
1275,25.068,121.428056,6.0,8,0.4458255846264882,1434.5
1276,25.068,121.428056,6.0,9,-0.1624216449818007,1396.0
1277,25.068,121.428056,6.0,10,-0.6877213872398664,1396.0
1278,25.058667,121.397306,5.0,3,-0.8182865187982392,2065.0
1279,25.058667,121.397306,5.0,4,-0.7669100007943808,2065.0
1280,25.058667,121.397306,5.0,5,-0.6937033660579,1976.5
1281,25.058667,121.397306,5.0,6,-0.5146558494962153,1976.5
1282,25.058667,121.397306,5.0,7,-0.0465933032229507,2285.0
1283,25.058667,121.397306,5.0,8,0.5121749930879742,2285.0
1284,25.058667,121.397306,5.0,9,-0.021183772902008,2047.5
1285,25.058667,121.397306,5.0,10,-0.5252220741873523,2047.5
1286,25.064969,121.363561,5.0,3,-0.8158156888994982,2017.5
1287,25.064969,121.363561,5.0,4,-0.7528113496297039,2017.5
1288,25.064969,121.363561,5.0,5,-0.6779312301554036,1935.5
1289,25.064969,121.363561,5.0,6,-0.464740110597222,1935.5
1290,25.064969,121.363561,5.0,7,0.0131043390743097,2149.5
1291,25.064969,121.363561,5.0,8,0.5851832465872407,2149.5
1292,25.064969,121.363561,5.0,9,0.0871233560454373,1979.5
1293,25.064969,121.363561,5.0,10,-0.4100993531897997,1979.5
1294,25.047075,121.317761,4.0,3,-0.8181670737880966,2149.0
1295,25.047075,121.317761,4.0,4,-0.740426214661522,2149.0
1296,25.047075,121.317761,4.0,5,-0.6599597331030181,2021.5
1297,25.047075,121.317761,4.0,6,-0.3929135693703937,2021.5
1298,25.047075,121.317761,4.0,7,0.1015092961541895,2175.5
1299,25.047075,121.317761,4.0,8,0.6970696620177413,2175.5
1300,25.047075,121.317761,4.0,9,0.2074165363583749,2027.5
1301,25.047075,121.317761,4.0,10,-0.3016854657850282,2027.5
1302,25.064006,121.598733,2.0,4,-0.7476871929698516,1042.5
1303,25.064006,121.598733,2.0,5,-0.7217545662037093,1042.5
1304,25.064006,121.598733,2.0,6,-0.5265885731173491,1080.5
1305,25.064006,121.598733,2.0,7,-0.0441266414217767,1080.5
1306,25.064006,121.598733,2.0,8,0.4138224822595432,1065.0
1307,25.064006,121.598733,2.0,9,0.0562414550476473,1065.0
1308,25.064006,121.598733,2.0,10,-0.1893799768025294,969.0
1309,25.064006,121.598733,2.0,11,-0.5237639659746928,969.0
1310,25.065544,121.588044,2.0,5,-0.715914606638062,1066.0
1311,25.065544,121.588044,2.0,6,-0.5213839025618735,1066.0
1312,25.065544,121.588044,2.0,7,-0.0288695326841783,1133.5
1313,25.065544,121.588044,2.0,8,0.4402726453456583,1133.5
1314,25.065544,121.588044,2.0,9,0.0738054044561958,1090.0
1315,25.065544,121.588044,2.0,10,-0.1944068968569971,1090.0
1316,25.065544,121.588044,2.0,11,-0.4994863908898867,978.0
1317,25.065544,121.588044,2.0,12,-0.5435021028738248,978.0
1318,25.070994,121.562519,2.0,4,-0.7387765688136952,1045.5
1319,25.070994,121.562519,2.0,5,-0.7006682099364593,1045.5
1320,25.070994,121.562519,2.0,6,-0.50732337709438,1090.0
1321,25.070994,121.562519,2.0,7,0.0132968975593709,1090.0
1322,25.070994,121.562519,2.0,8,0.5115701605132001,1095.0
1323,25.070994,121.562519,2.0,9,0.1211444103920672,1095.0
1324,25.070994,121.562519,2.0,10,-0.2055331723668108,980.0
1325,25.070994,121.562519,2.0,11,-0.4346831865611976,980.0
1326,25.07275,121.557739,2.0,5,-0.6979527254818236,1036.5
1327,25.07275,121.557739,2.0,6,-0.5048224821726122,1036.5
1328,25.07275,121.557739,2.0,7,0.0209355874479037,1091.5
1329,25.07275,121.557739,2.0,8,0.5244494242123662,1091.5
1330,25.07275,121.557739,2.0,9,0.1294721797690003,1070.5
1331,25.07275,121.557739,2.0,10,-0.2077695509292143,1070.5
1332,25.07275,121.557739,2.0,11,-0.4230803124217644,951.0
1333,25.07275,121.557739,2.0,12,-0.5428578899361644,951.0
1334,25.072261,121.555014,2.0,4,-0.7362266273222895,1045.0
1335,25.072261,121.555014,2.0,5,-0.6957821836207758,1045.0
1336,25.072261,121.555014,2.0,6,-0.5025937175017893,1084.0
1337,25.072261,121.555014,2.0,7,0.0256003522304096,1084.0
1338,25.072261,121.555014,2.0,8,0.5326883243301338,1075.5
1339,25.072261,121.555014,2.0,9,0.1362258911738773,1075.5
1340,25.072261,121.555014,2.0,10,-0.207289160656813,957.0
1341,25.072261,121.555014,2.0,11,-0.4165663826112197,957.0
1342,25.075256,121.494019,3.0,4,-0.7124573391652802,1103.0
1343,25.075256,121.494019,3.0,5,-0.6508752573401403,1103.0
1344,25.075256,121.494019,3.0,6,-0.4481026918775425,1249.0
1345,25.075256,121.494019,3.0,7,0.0735878347934612,1249.0
1346,25.075256,121.494019,3.0,8,0.6581451235525593,1186.0
1347,25.075256,121.494019,3.0,9,0.2348014119217076,1186.0
1348,25.075256,121.494019,3.0,10,-0.243411073585954,1136.0
1349,25.075256,121.494019,3.0,11,-0.3485525352357673,1136.0
1350,25.075553,121.460661,4.0,4,-0.7428039566342982,1184.0
1351,25.075553,121.460661,4.0,5,-0.6749951508651995,1184.0
1352,25.075553,121.460661,4.0,6,-0.4893589786269837,1235.0
1353,25.075553,121.460661,4.0,7,-0.0003314992379533,1235.0
1354,25.075553,121.460661,4.0,8,0.5670828101290818,1167.0
1355,25.075553,121.460661,4.0,9,0.093573785281961,1167.0
1356,25.075553,121.460661,4.0,10,-0.3929892524879647,1186.0
1357,25.075553,121.460661,4.0,11,-0.4110090016364188,1186.0
1358,25.068147,121.435133,2.0,3,-0.8171046736139205,1097.0
1359,25.068147,121.435133,2.0,4,-0.7724140079491914,1097.0
1360,25.068147,121.435133,2.0,5,-0.701823969430177,1051.5
1361,25.068147,121.435133,2.0,6,-0.5411634317094094,1051.5
1362,25.068147,121.435133,2.0,7,-0.0742286511512263,1172.0
1363,25.068147,121.435133,2.0,8,0.4793253970271642,1172.0
1364,25.068147,121.435133,2.0,9,-0.0837411495297667,1072.5
1365,25.068147,121.435133,2.0,10,-0.5956299525024755,1072.5
1366,25.068728,121.433281,2.0,4,-0.7757319904720726,1044.0
1367,25.068728,121.433281,2.0,5,-0.7052587158205692,1044.0
1368,25.068728,121.433281,2.0,6,-0.5480600699640314,1159.5
1369,25.068728,121.433281,2.0,7,-0.0830515162405318,1159.5
1370,25.068728,121.433281,2.0,8,0.4690730926670414,1107.0
1371,25.068728,121.433281,2.0,9,-0.1081045727319596,1107.0
1372,25.068728,121.433281,2.0,10,-0.624140828180829,1094.5
1373,25.068728,121.433281,2.0,11,-0.4915262410137132,1094.5
1374,25.059242,121.332072,3.0,3,-0.816428758709197,1108.0
1375,25.059242,121.332072,3.0,4,-0.7441524542811326,1108.0
1376,25.059242,121.332072,3.0,5,-0.6664099322335832,1108.0
1377,25.059242,121.332072,3.0,6,-0.4211138850561106,1108.0
1378,25.059242,121.332072,3.0,7,0.0662197393415481,1159.0
1379,25.059242,121.332072,3.0,8,0.6518540790410224,1159.0
1380,25.059242,121.332072,3.0,9,0.1648071658621823,1066.5
1381,25.059242,121.332072,3.0,10,-0.3363389473851844,1066.5
1382,25.060125,121.331858,3.0,4,-0.7442163132614059,1088.0
1383,25.060125,121.331858,3.0,5,-0.6665803942835944,1088.0
1384,25.060125,121.331858,3.0,6,-0.4218527355552145,1120.0
1385,25.060125,121.331858,3.0,7,0.0652775262458961,1120.0
1386,25.060125,121.331858,3.0,8,0.6506394945266495,1140.0
1387,25.060125,121.331858,3.0,9,0.1636377857727748,1140.0
1388,25.060125,121.331858,3.0,10,-0.3372480693273673,1007.5
1389,25.060125,121.331858,3.0,11,-0.3865736814831197,1007.5
1390,24.984094,121.232531,3.0,4,-0.7593006161353324,2255.5
1391,24.984094,121.232531,3.0,5,-0.6666694685413376,2255.5
1392,24.984094,121.232531,3.0,6,-0.3769543754407721,2456.0
1393,24.984094,121.232531,3.0,7,0.0858452218582491,2456.0
1394,24.984094,121.232531,3.0,8,0.6625447410364546,2460.0
1395,24.984094,121.232531,3.0,9,0.1648788529913334,2460.0
1396,24.984094,121.232531,3.0,10,-0.321274244872973,2244.5
1397,24.984094,121.232531,3.0,11,-0.3013365231170735,2244.5
1398,22.892619,120.27215,3.0,4,0.3682082548316558,1856.5
1399,22.892619,120.27215,3.0,5,0.2745105321509091,1856.5
1400,22.892619,120.27215,3.0,6,0.3132776787576018,1918.0
1401,22.892619,120.27215,3.0,7,-0.1888198070812725,1918.0
1402,22.892619,120.27215,3.0,8,-0.1400383029897059,1752.5
1403,22.892619,120.27215,3.0,9,-0.1540116067269253,1752.5
1404,22.892619,120.27215,3.0,10,0.4538157821598741,1790.5
1405,22.892619,120.27215,3.0,11,0.4059620258873186,1790.5
1406,22.867419,120.284989,3.0,4,0.3814967851076766,1889.0
1407,22.867419,120.284989,3.0,5,0.2725791075132688,1889.0
1408,22.867419,120.284989,3.0,6,0.305026813854847,1926.5
1409,22.867419,120.284989,3.0,7,-0.2227086502705667,1926.5
1410,22.867419,120.284989,3.0,8,-0.2067297331995793,1871.5
1411,22.867419,120.284989,3.0,9,-0.2208735239130084,1871.5
1412,22.867419,120.284989,3.0,10,0.4404854312354243,1780.0
1413,22.867419,120.284989,3.0,11,0.4153887762315698,1780.0
1414,22.818039,120.312731,3.0,4,0.4036731862740977,1756.0
1415,22.818039,120.312731,3.0,5,0.2644600624114553,1756.0
1416,22.818039,120.312731,3.0,6,0.2784487394333637,1789.5
1417,22.818039,120.312731,3.0,7,-0.3017036125965017,1789.5
1418,22.818039,120.312731,3.0,8,-0.3613518091362099,1735.0
1419,22.818039,120.312731,3.0,9,-0.3683197590666943,1735.0
1420,22.818039,120.312731,3.0,10,0.4085297945122407,1673.0
1421,22.818039,120.312731,3.0,11,0.427126749576563,1673.0
1422,22.752806,120.334056,3.0,4,0.4248796029432243,1804.0
1423,22.752806,120.334056,3.0,5,0.2467329304410928,1804.0
1424,22.752806,120.334056,3.0,6,0.2211928836524046,1979.0
1425,22.752806,120.334056,3.0,7,-0.4422163172713634,1979.0
1426,22.752806,120.334056,3.0,8,-0.6260652337259467,1830.5
1427,22.752806,120.334056,3.0,9,-0.615741783950993,1830.5
1428,22.752806,120.334056,3.0,10,0.3622402941755838,1759.0
1429,22.752806,120.334056,3.0,11,0.4368750283236949,1759.0
1430,22.730903,120.334286,3.0,5,0.2348983556693673,1124.5
1431,22.730903,120.334286,3.0,6,0.2052315712368058,1124.5
1432,22.730903,120.334286,3.0,7,-0.4747741569403848,1177.0
1433,22.730903,120.334286,3.0,8,-0.6724206824174014,1177.0
1434,22.730903,120.334286,3.0,9,-0.6619017376754743,1153.5
1435,22.730903,120.334286,3.0,10,0.3467719353296637,1153.5
1436,22.730903,120.334286,3.0,11,0.4298717339527839,1034.5
1437,22.730903,120.334286,3.0,12,0.1798637631820047,1034.5
1438,22.728956,120.333764,3.0,5,0.2339835745196515,1162.5
1439,22.728956,120.333764,3.0,6,0.2040442533926482,1162.5
1440,22.728956,120.333764,3.0,7,-0.47715753465802,1222.0
1441,22.728956,120.333764,3.0,8,-0.6756727868462624,1222.0
1442,22.728956,120.333764,3.0,9,-0.6651888437644837,1190.0
1443,22.728956,120.333764,3.0,10,0.3456504964496431,1190.0
1444,22.728956,120.333764,3.0,11,0.4293037454070478,1061.0
1445,22.728956,120.333764,3.0,12,0.1791740075842167,1061.0
1446,22.703364,120.328181,4.0,3,0.4948725624299929,2224.0
1447,22.703364,120.328181,4.0,4,0.433649645520943,2224.0
1448,22.703364,120.328181,4.0,5,0.2563206251477073,2072.5
1449,22.703364,120.328181,4.0,6,0.2301501608279777,2072.5
1450,22.703364,120.328181,4.0,7,-0.4280919429493434,2262.5
1451,22.703364,120.328181,4.0,8,-0.6169399216077563,2262.5
1452,22.703364,120.328181,4.0,9,-0.603587953661973,2200.0
1453,22.703364,120.328181,4.0,10,0.3697396852975421,2200.0
1454,22.658892,120.332081,5.0,5,0.3448784726867333,2193.0
1455,22.658892,120.332081,5.0,6,0.3335153251575792,2193.0
1456,22.658892,120.332081,5.0,7,-0.2335429387352023,2296.0
1457,22.658892,120.332081,5.0,8,-0.3846351263246603,2296.0
1458,22.658892,120.332081,5.0,9,-0.35944036655123,2259.5
1459,22.658892,120.332081,5.0,10,0.4648226677864777,2259.5
1460,22.658892,120.332081,5.0,11,0.5122328582670178,2052.5
1461,22.658892,120.332081,5.0,12,0.2870253867675339,2052.5
1462,22.627819,120.336222,3.0,4,0.5131811140124241,1765.5
1463,22.627819,120.336222,3.0,5,0.389368284032454,1765.5
1464,22.627819,120.336222,3.0,6,0.3844994463908535,1926.0
1465,22.627819,120.336222,3.0,7,-0.1390502398510648,1926.0
1466,22.627819,120.336222,3.0,8,-0.2747132430087387,1765.5
1467,22.627819,120.336222,3.0,9,-0.2432500108154903,1765.5
1468,22.627819,120.336222,3.0,10,0.5119283548961275,1749.5
1469,22.627819,120.336222,3.0,11,0.5468030724047217,1749.5
1470,22.619119,120.336647,4.0,4,0.5185523611550565,1270.0
1471,22.619119,120.336647,4.0,5,0.3982927532409046,1270.0
1472,22.619119,120.336647,4.0,6,0.3947817460544194,1351.5
1473,22.619119,120.336647,4.0,7,-0.120154150567387,1351.5
1474,22.619119,120.336647,4.0,8,-0.2524256813239525,1334.5
1475,22.619119,120.336647,4.0,9,-0.2199729765940913,1334.5
1476,22.619119,120.336647,4.0,10,0.5216497123403669,1275.5
1477,22.619119,120.336647,4.0,11,0.5539468856870774,1275.5
1478,22.609428,120.339608,4.0,3,0.5717041727953279,1361.0
1479,22.609428,120.339608,4.0,4,0.5260019131305435,1361.0
1480,22.609428,120.339608,4.0,5,0.4099877722791495,1309.5
1481,22.609428,120.339608,4.0,6,0.4079521677989639,1309.5
1482,22.609428,120.339608,4.0,7,-0.0960581672602124,1379.5
1483,22.609428,120.339608,4.0,8,-0.2251258343274279,1379.5
1484,22.609428,120.339608,4.0,9,-0.1909137628345419,1334.5
1485,22.609428,120.339608,4.0,10,0.5338620578497774,1334.5
1486,22.581933,120.32315,2.0,4,0.5230156581927679,1394.5
1487,22.581933,120.32315,2.0,5,0.4112359153454694,1394.5
1488,22.581933,120.32315,2.0,6,0.4119487202292708,1486.5
1489,22.581933,120.32315,2.0,7,-0.0890499692583767,1486.5
1490,22.581933,120.32315,2.0,8,-0.206696026723884,1387.0
1491,22.581933,120.32315,2.0,9,-0.1775205754606144,1387.0
1492,22.581933,120.32315,2.0,10,0.5408922323566511,1378.5
1493,22.581933,120.32315,2.0,11,0.5656871898640764,1378.5
1494,23.085272,120.329033,3.0,3,0.3125674462735542,1684.5
1495,23.085272,120.329033,3.0,4,0.3041790844143197,1684.5
1496,23.085272,120.329033,3.0,5,0.2184724160412964,1598.5
1497,23.085272,120.329033,3.0,6,0.3029761503570394,1598.5
1498,23.085272,120.329033,3.0,7,-0.218532011710068,1691.0
1499,23.085272,120.329033,3.0,8,-0.0334984937000665,1691.0
1500,23.085272,120.329033,3.0,9,-0.1240260722195991,1649.0
1501,23.085272,120.329033,3.0,10,0.4384828668720038,1649.0
1502,23.085272,120.329033,3.0,11,0.3656868744788922,1377.0
1503,23.085272,120.329033,3.0,12,0.0697058994224417,1377.0
1504,23.040203,120.325172,3.0,3,0.3328416546672688,1703.5
1505,23.040203,120.325172,3.0,4,0.323303473137037,1703.5
1506,23.040203,120.325172,3.0,5,0.2434934593752497,1642.5
1507,23.040203,120.325172,3.0,6,0.3145278731325086,1642.5
1508,23.040203,120.325172,3.0,7,-0.1833012357536664,1743.5
1509,23.040203,120.325172,3.0,8,-0.0316845322400922,1743.5
1510,23.040203,120.325172,3.0,9,-0.0926363284367555,1620.5
1511,23.040203,120.325172,3.0,10,0.4540324987839938,1620.5
1512,22.969758,120.340164,3.0,4,0.3536462932421009,1577.5
1513,22.969758,120.340164,3.0,5,0.2670875488772297,1577.5
1514,22.969758,120.340164,3.0,6,0.3247535740858512,1620.0
1515,22.969758,120.340164,3.0,7,-0.1713418711155904,1620.0
1516,22.969758,120.340164,3.0,8,-0.0690482739593645,1578.5
1517,22.969758,120.340164,3.0,9,-0.1084700344659997,1578.5
1518,22.969758,120.340164,3.0,10,0.4608264887585647,1536.5
1519,22.969758,120.340164,3.0,11,0.4010495876420998,1536.5
1520,22.901969,120.354767,3.0,4,0.38845648052773,1541.5
1521,22.901969,120.354767,3.0,5,0.2853907510103443,1541.5
1522,22.901969,120.354767,3.0,6,0.3294185668465537,1574.5
1523,22.901969,120.354767,3.0,7,-0.1839127362928828,1574.5
1524,22.901969,120.354767,3.0,8,-0.1418126009844904,1615.5
1525,22.901969,120.354767,3.0,9,-0.1665146271732854,1615.5
1526,22.901969,120.354767,3.0,10,0.4577843747599158,1460.0
1527,22.901969,120.354767,3.0,11,0.4278314170671584,1460.0
1528,22.845122,120.385428,3.0,3,0.4556394809955994,1636.0
1529,22.845122,120.385428,3.0,4,0.4280503031629197,1636.0
1530,22.845122,120.385428,3.0,5,0.3112261117946595,1577.0
1531,22.845122,120.385428,3.0,6,0.3429043460799402,1577.0
1532,22.845122,120.385428,3.0,7,-0.1797866998021415,1807.0
1533,22.845122,120.385428,3.0,8,-0.1951151095902032,1807.0
1534,22.845122,120.385428,3.0,9,-0.2037480318400029,1793.0
1535,22.845122,120.385428,3.0,10,0.4621842204042344,1793.0
1536,22.769197,120.441839,3.0,4,0.5608483482657696,1586.0
1537,22.769197,120.441839,3.0,5,0.4620406811304409,1586.0
1538,22.769197,120.441839,3.0,6,0.46814251835202,1560.0
1539,22.769197,120.441839,3.0,7,0.0209368475423291,1560.0
1540,22.769197,120.441839,3.0,8,-0.0934600107682141,1594.5
1541,22.769197,120.441839,3.0,9,-0.0453906810109186,1594.5
1542,22.769197,120.441839,3.0,10,0.5806036807101409,1620.0
1543,22.769197,120.441839,3.0,11,0.5955071648626176,1620.0
1544,22.749792,120.496839,3.0,3,0.6759903292478858,1698.5
1545,22.749792,120.496839,3.0,4,0.6467604488192018,1698.5
1546,22.749792,120.496839,3.0,5,0.5726229969493282,1606.5
1547,22.749792,120.496839,3.0,6,0.5820076089387837,1606.5
1548,22.749792,120.496839,3.0,7,0.2277345650168475,1721.0
1549,22.749792,120.496839,3.0,8,0.0983861047701378,1721.0
1550,22.749792,120.496839,3.0,9,0.1821674149311705,1674.5
1551,22.749792,120.496839,3.0,10,0.6743589261524908,1674.5
1552,22.7058,120.539336,2.0,4,0.7625869729173019,842.0
1553,22.7058,120.539336,2.0,5,0.714596730589048,842.0
1554,22.7058,120.539336,2.0,6,0.7220464618666724,912.5
1555,22.7058,120.539336,2.0,7,0.4840954092259652,912.5
1556,22.7058,120.539336,2.0,8,0.3140782597022132,853.0
1557,22.7058,120.539336,2.0,9,0.4545187161700457,853.0
1558,22.7058,120.539336,2.0,10,0.7861494042725474,833.5
1559,22.7058,120.539336,2.0,11,0.7898477291602756,833.5
1560,22.704642,120.541133,2.0,4,0.7644265400392588,938.0
1561,22.704642,120.541133,2.0,5,0.7168947034362191,938.0
1562,22.704642,120.541133,2.0,6,0.7243437421500424,983.5
1563,22.704642,120.541133,2.0,7,0.4882765282452985,983.5
1564,22.704642,120.541133,2.0,8,0.3177202200018387,901.5
1565,22.704642,120.541133,2.0,9,0.459006010258291,901.5
1566,22.704642,120.541133,2.0,10,0.7880230591406767,889.0
1567,22.704642,120.541133,2.0,11,0.7916325932156268,889.0
1568,22.682775,120.563086,2.0,3,0.8015149662264573,1100.5
1569,22.682775,120.563086,2.0,4,0.7823914666355395,1100.5
1570,22.682775,120.563086,2.0,5,0.7394123463880511,1031.5
1571,22.682775,120.563086,2.0,6,0.7467556884700067,1031.5
1572,22.682775,120.563086,2.0,7,0.5287739378891181,1102.5
1573,22.682775,120.563086,2.0,8,0.3528313382209649,1102.5
1574,22.682775,120.563086,2.0,9,0.5021771610076564,1057.5
1575,22.682775,120.563086,2.0,10,0.8066987598590271,1057.5
1576,22.680347,120.563311,2.0,3,0.8048218497514456,1048.5
1577,22.680347,120.563311,2.0,4,0.7859625001296433,1048.5
1578,22.680347,120.563311,2.0,5,0.7436988524308716,972.5
1579,22.680347,120.563311,2.0,6,0.7508925075381996,972.5
1580,22.680347,120.563311,2.0,7,0.5364124387904762,1057.5
1581,22.680347,120.563311,2.0,8,0.3589319144584901,1057.5
1582,22.680347,120.563311,2.0,9,0.5101713028476637,1016.5
1583,22.680347,120.563311,2.0,10,0.8099394806781033,1016.5
1584,22.579586,120.526161,2.0,4,0.7393920851397885,1565.5
1585,22.579586,120.526161,2.0,5,0.6876028974943047,1565.5
1586,22.579586,120.526161,2.0,6,0.6940554946767485,1644.5
1587,22.579586,120.526161,2.0,7,0.4287398667181218,1644.5
1588,22.579586,120.526161,2.0,8,0.2655163679005686,1454.5
1589,22.579586,120.526161,2.0,9,0.3917624965988632,1454.5
1590,22.579586,120.526161,2.0,10,0.7698720845099032,1508.5
1591,22.579586,120.526161,2.0,11,0.7754109598939898,1508.5
1592,22.557408,120.524761,2.0,5,0.6411883628029487,988.5
1593,22.557408,120.524761,2.0,6,0.6485139797379335,988.5
1594,22.557408,120.524761,2.0,7,0.342832864850835,1099.5
1595,22.557408,120.524761,2.0,8,0.1956843166462639,1099.5
1596,22.557408,120.524761,2.0,9,0.2999294871497536,1048.5
1597,22.557408,120.524761,2.0,10,0.7372153761026935,1048.5
1598,22.557408,120.524761,2.0,11,0.7434623837301706,956.5
1599,22.557408,120.524761,2.0,12,0.5816494583544186,956.5
1600,22.557186,120.524558,2.0,5,0.6407460170664256,1000.5
1601,22.557186,120.524558,2.0,6,0.6480740446179066,1000.5
1602,22.557186,120.524558,2.0,7,0.3420081250652952,1083.5
1603,22.557186,120.524558,2.0,8,0.194990508005002,1083.5
1604,22.557186,120.524558,2.0,9,0.2990395239597541,1040.0
1605,22.557186,120.524558,2.0,10,0.7368925509494837,1040.0
1606,22.557186,120.524558,2.0,11,0.7431526857105784,970.0
1607,22.557186,120.524558,2.0,12,0.5813110169229383,970.0
1608,22.501367,120.525775,2.0,3,0.6717306583249757,1553.5
1609,22.501367,120.525775,2.0,4,0.6328810552425471,1553.5
1610,22.501367,120.525775,2.0,5,0.5634229734700571,1411.0
1611,22.501367,120.525775,2.0,6,0.5721688788214857,1411.0
1612,22.501367,120.525775,2.0,7,0.1969001343066295,1525.5
1613,22.501367,120.525775,2.0,8,0.0787486321533232,1525.5
1614,22.501367,120.525775,2.0,9,0.1434139820062518,1459.5
1615,22.501367,120.525775,2.0,10,0.6860549644857471,1459.5
1616,22.477464,120.531386,2.0,4,0.694135351581072,990.0
1617,22.477464,120.531386,2.0,5,0.6373371938168507,990.0
1618,22.477464,120.531386,2.0,6,0.6195842224174242,1007.5
1619,22.477464,120.531386,2.0,7,0.2831556355379484,1007.5
1620,22.477464,120.531386,2.0,8,0.1252498732492229,950.0
1621,22.477464,120.531386,2.0,9,0.2157376967522981,950.0
1622,22.477464,120.531386,2.0,10,0.739521383006248,957.5
1623,22.477464,120.531386,2.0,11,0.7503888439056824,957.5
1624,22.474661,120.530844,2.0,4,0.6924303301194473,968.0
1625,22.474661,120.530844,2.0,5,0.6354369403424095,968.0
1626,22.474661,120.530844,2.0,6,0.6175587608094513,962.5
1627,22.474661,120.530844,2.0,7,0.2791317902520649,962.5
1628,22.474661,120.530844,2.0,8,0.1219642421722014,973.5
1629,22.474661,120.530844,2.0,9,0.211248838324133,973.5
1630,22.474661,120.530844,2.0,10,0.7384457640380588,939.5
1631,22.474661,120.530844,2.0,11,0.7493626720933272,939.5
