Station,gantry,Latitude,Longitude,Lane Count,Month,ClimateType,Estimated Monthly Consumption (kWh)
后里,01F-104.5N,24.727131,120.951897,3.0,5,-1,1738.5
后里,01F-104.5N,24.727131,120.951897,3.0,6,-1,1738.5
后里,01F-104.5N,24.727131,120.951897,3.0,7,-1,1908.0
后里,01F-104.5N,24.727131,120.951897,3.0,8,-1,1908.0
后里,01F-104.5N,24.727131,120.951897,3.0,9,-1,1796.0
后里,01F-104.5N,24.727131,120.951897,3.0,10,-1,1796.0
后里,01F-104.5N,24.727131,120.951897,3.0,11,-1,1745.5
后里,01F-104.5N,24.727131,120.951897,3.0,12,-1,1745.5
后里,01F-112.3N,24.67931667,120.9042667,3.0,4,-1,1622.5
后里,01F-112.3N,24.67931667,120.9042667,3.0,5,-1,1622.5
后里,01F-112.3N,24.67931667,120.9042667,3.0,6,-1,1944.5
后里,01F-112.3N,24.67931667,120.9042667,3.0,7,-1,1944.5
后里,01F-112.3N,24.67931667,120.9042667,3.0,8,-1,1633.0
后里,01F-112.3N,24.67931667,120.9042667,3.0,9,-1,1633.0
后里,01F-112.3N,24.67931667,120.9042667,3.0,10,-1,1649.0
后里,01F-112.3N,24.67931667,120.9042667,3.0,11,-1,1649.0
后里,01F-129.2S,24.550442,120.838925,3.0,4,-1,1680.0
后里,01F-129.2S,24.550442,120.838925,3.0,5,-1,1680.0
后里,01F-129.2S,24.550442,120.838925,3.0,6,-1,1590.0
后里,01F-129.2S,24.550442,120.838925,3.0,7,-1,1590.0
后里,01F-129.2S,24.550442,120.838925,3.0,8,-1,1567.0
后里,01F-129.2S,24.550442,120.838925,3.0,9,-1,1567.0
后里,01F-129.2S,24.550442,120.838925,3.0,10,-1,1842.5
后里,01F-129.2S,24.550442,120.838925,3.0,11,-1,1842.5
后里,01F-138.9S,24.485919,120.781903,3.0,3,-1,1719.0
后里,01F-138.9S,24.485919,120.781903,3.0,4,-1,1719.0
后里,01F-138.9S,24.485919,120.781903,3.0,5,-1,1615.5
后里,01F-138.9S,24.485919,120.781903,3.0,6,-1,1615.5
后里,01F-138.9S,24.485919,120.781903,3.0,7,-1,1820.0
后里,01F-138.9S,24.485919,120.781903,3.0,8,-1,1820.0
后里,01F-138.9S,24.485919,120.781903,3.0,9,-1,1734.0
后里,01F-138.9S,24.485919,120.781903,3.0,10,-1,1734.0
后里,01F-146.5N,24.420514,120.775731,3.0,4,-1,1648.5
后里,01F-146.5N,24.420514,120.775731,3.0,5,-1,1648.5
后里,01F-146.5N,24.420514,120.775731,3.0,6,-1,1863.0
后里,01F-146.5N,24.420514,120.775731,3.0,7,-1,1863.0
后里,01F-146.5N,24.420514,120.775731,3.0,8,-1,1619.5
后里,01F-146.5N,24.420514,120.775731,3.0,9,-1,1619.5
后里,01F-146.5N,24.420514,120.775731,3.0,10,-1,1662.5
后里,01F-146.5N,24.420514,120.775731,3.0,11,-1,1662.5
后里,01F-157.2S,24.339147,120.72085,3.0,4,1,1669.5
后里,01F-157.2S,24.339147,120.72085,3.0,5,1,1669.5
后里,01F-157.2S,24.339147,120.72085,3.0,6,1,1731.5
后里,01F-157.2S,24.339147,120.72085,3.0,7,1,1731.5
后里,01F-157.2S,24.339147,120.72085,3.0,8,1,1655.0
后里,01F-157.2S,24.339147,120.72085,3.0,9,1,1655.0
后里,01F-157.2S,24.339147,120.72085,3.0,10,1,1507.0
后里,01F-157.2S,24.339147,120.72085,3.0,11,1,1507.0
后里,01F-162.1N,24.301186,120.697325,3.0,3,1,1691.5
后里,01F-162.1N,24.301186,120.697325,3.0,4,1,1691.5
后里,01F-162.1N,24.301186,120.697325,3.0,5,1,1720.0
后里,01F-162.1N,24.301186,120.697325,3.0,6,1,1720.0
后里,01F-162.1N,24.301186,120.697325,3.0,7,1,1816.0
后里,01F-162.1N,24.301186,120.697325,3.0,8,1,1816.0
后里,01F-162.1N,24.301186,120.697325,3.0,9,1,1759.0
后里,01F-162.1N,24.301186,120.697325,3.0,10,1,1759.0
后里,01F-166.4S,24.262647,120.691956,4.0,3,1,2072.0
后里,01F-166.4S,24.262647,120.691956,4.0,4,1,2072.0
后里,01F-166.4S,24.262647,120.691956,4.0,5,1,2040.0
后里,01F-166.4S,24.262647,120.691956,4.0,6,1,2040.0
后里,01F-166.4S,24.262647,120.691956,4.0,7,1,2151.0
后里,01F-166.4S,24.262647,120.691956,4.0,8,1,2151.0
后里,01F-166.4S,24.262647,120.691956,4.0,9,1,2037.5
后里,01F-166.4S,24.262647,120.691956,4.0,10,1,2037.5
后里,01F-169.9S,24.231536,120.686625,3.0,3,1,1900.0
后里,01F-169.9S,24.231536,120.686625,3.0,4,1,1900.0
后里,01F-169.9S,24.231536,120.686625,3.0,5,1,1783.5
后里,01F-169.9S,24.231536,120.686625,3.0,6,1,1783.5
后里,01F-169.9S,24.231536,120.686625,3.0,7,1,1949.0
后里,01F-169.9S,24.231536,120.686625,3.0,8,1,1949.0
后里,01F-169.9S,24.231536,120.686625,3.0,9,1,1812.5
后里,01F-169.9S,24.231536,120.686625,3.0,10,1,1812.5
后里,03F-112.8S,24.711383,120.889639,3.0,3,-1,1611.5
后里,03F-112.8S,24.711383,120.889639,3.0,4,-1,1611.5
后里,03F-112.8S,24.711383,120.889639,3.0,5,-1,1588.5
后里,03F-112.8S,24.711383,120.889639,3.0,6,-1,1588.5
后里,03F-112.8S,24.711383,120.889639,3.0,7,-1,1730.0
后里,03F-112.8S,24.711383,120.889639,3.0,8,-1,1730.0
后里,03F-112.8S,24.711383,120.889639,3.0,9,-1,1623.5
后里,03F-112.8S,24.711383,120.889639,3.0,10,-1,1623.5
后里,03F-116.1N,24.698006,120.860086,3.0,3,-1,1649.5
后里,03F-116.1N,24.698006,120.860086,3.0,4,-1,1649.5
后里,03F-116.1N,24.698006,120.860086,3.0,5,-1,1627.5
后里,03F-116.1N,24.698006,120.860086,3.0,6,-1,1627.5
后里,03F-116.1N,24.698006,120.860086,3.0,7,-1,1734.5
后里,03F-116.1N,24.698006,120.860086,3.0,8,-1,1734.5
后里,03F-116.1N,24.698006,120.860086,3.0,9,-1,1655.0
后里,03F-116.1N,24.698006,120.860086,3.0,10,-1,1655.0
后里,03F-121.5N,24.655964,120.838242,3.0,4,-1,1558.5
后里,03F-121.5N,24.655964,120.838242,3.0,5,-1,1558.5
后里,03F-121.5N,24.655964,120.838242,3.0,6,-1,1739.0
后里,03F-121.5N,24.655964,120.838242,3.0,7,-1,1739.0
后里,03F-121.5N,24.655964,120.838242,3.0,8,-1,1678.5
后里,03F-121.5N,24.655964,120.838242,3.0,9,-1,1678.5
后里,03F-121.5N,24.655964,120.838242,3.0,10,-1,1650.0
后里,03F-121.5N,24.655964,120.838242,3.0,11,-1,1650.0
后里,03F-125.7N,24.627161,120.814006,3.0,4,-1,1674.5
后里,03F-125.7N,24.627161,120.814006,3.0,5,-1,1674.5
后里,03F-125.7N,24.627161,120.814006,3.0,6,-1,1762.0
后里,03F-125.7N,24.627161,120.814006,3.0,7,-1,1762.0
后里,03F-125.7N,24.627161,120.814006,3.0,8,-1,1612.0
后里,03F-125.7N,24.627161,120.814006,3.0,9,-1,1612.0
后里,03F-125.7N,24.627161,120.814006,3.0,10,-1,1550.0
后里,03F-125.7N,24.627161,120.814006,3.0,11,-1,1550.0
后里,03F-133.2N,24.579642,120.764417,3.0,4,-1,1580.0
后里,03F-133.2N,24.579642,120.764417,3.0,5,-1,1580.0
后里,03F-133.2N,24.579642,120.764417,3.0,6,-1,1626.0
后里,03F-133.2N,24.579642,120.764417,3.0,7,-1,1626.0
后里,03F-133.2N,24.579642,120.764417,3.0,8,-1,1497.0
后里,03F-133.2N,24.579642,120.764417,3.0,9,-1,1497.0
后里,03F-133.2N,24.579642,120.764417,3.0,10,-1,1519.0
后里,03F-133.2N,24.579642,120.764417,3.0,11,-1,1519.0
后里,03F-139.5S,24.531125,120.733253,3.0,4,-1,1822.5
后里,03F-139.5S,24.531125,120.733253,3.0,5,-1,1822.5
后里,03F-139.5S,24.531125,120.733253,3.0,6,-1,1864.5
后里,03F-139.5S,24.531125,120.733253,3.0,7,-1,1864.5
后里,03F-139.5S,24.531125,120.733253,3.0,8,-1,1707.0
后里,03F-139.5S,24.531125,120.733253,3.0,9,-1,1707.0
后里,03F-139.5S,24.531125,120.733253,3.0,10,-1,1609.0
后里,03F-139.5S,24.531125,120.733253,3.0,11,-1,1609.0
后里,03F-148.5S,24.467308,120.681217,3.0,3,-1,1729.0
后里,03F-148.5S,24.467308,120.681217,3.0,4,-1,1729.0
后里,03F-148.5S,24.467308,120.681217,3.0,5,-1,1620.0
后里,03F-148.5S,24.467308,120.681217,3.0,6,-1,1620.0
后里,03F-148.5S,24.467308,120.681217,3.0,7,-1,1685.5
后里,03F-148.5S,24.467308,120.681217,3.0,8,-1,1685.5
后里,03F-148.5S,24.467308,120.681217,3.0,9,-1,1657.5
后里,03F-148.5S,24.467308,120.681217,3.0,10,-1,1657.5
后里,03F-148.5S,24.467308,120.681217,3.0,11,-1,1484.5
后里,03F-148.5S,24.467308,120.681217,3.0,12,-1,1484.5
后里,03F-163.3N,24.341119,120.651567,3.0,4,1,1656.5
后里,03F-163.3N,24.341119,120.651567,3.0,5,1,1656.5
后里,03F-163.3N,24.341119,120.651567,3.0,6,1,1752.5
后里,03F-163.3N,24.341119,120.651567,3.0,7,1,1752.5
后里,03F-163.3N,24.341119,120.651567,3.0,8,1,1682.0
后里,03F-163.3N,24.341119,120.651567,3.0,9,1,1682.0
后里,03F-163.3N,24.341119,120.651567,3.0,10,1,1598.0
后里,03F-163.3N,24.341119,120.651567,3.0,11,1,1598.0
后里,03F-165.1S,24.334719,120.635578,3.0,4,1,1672.5
后里,03F-165.1S,24.334719,120.635578,3.0,5,1,1672.5
后里,03F-165.1S,24.334719,120.635578,3.0,6,1,1807.5
后里,03F-165.1S,24.334719,120.635578,3.0,7,1,1807.5
后里,03F-165.1S,24.334719,120.635578,3.0,8,1,1720.0
后里,03F-165.1S,24.334719,120.635578,3.0,9,1,1720.0
后里,03F-165.1S,24.334719,120.635578,3.0,10,1,1587.0
后里,03F-165.1S,24.334719,120.635578,3.0,11,1,1587.0
后里,03F-171.0N,24.292881,120.601964,3.0,3,1,1800.5
后里,03F-171.0N,24.292881,120.601964,3.0,4,1,1800.5
后里,03F-171.0N,24.292881,120.601964,3.0,5,1,1686.5
后里,03F-171.0N,24.292881,120.601964,3.0,6,1,1686.5
后里,03F-171.0N,24.292881,120.601964,3.0,7,1,1863.0
后里,03F-171.0N,24.292881,120.601964,3.0,8,1,1863.0
后里,03F-171.0N,24.292881,120.601964,3.0,9,1,1743.0
后里,03F-171.0N,24.292881,120.601964,3.0,10,1,1743.0
后里,03F-173.9S,24.269464,120.590806,3.0,3,1,1717.5
后里,03F-173.9S,24.269464,120.590806,3.0,4,1,1717.5
后里,03F-173.9S,24.269464,120.590806,3.0,5,1,1086.5
后里,03F-173.9S,24.269464,120.590806,3.0,6,1,1086.5
后里,03F-173.9S,24.269464,120.590806,3.0,7,1,2280.5
后里,03F-173.9S,24.269464,120.590806,3.0,8,1,2280.5
后里,03F-173.9S,24.269464,120.590806,3.0,9,1,1764.5
后里,03F-173.9S,24.269464,120.590806,3.0,10,1,1764.5
后里,03F-177.9N,24.234647,120.593306,3.0,3,1,1740.0
后里,03F-177.9N,24.234647,120.593306,3.0,4,1,1740.0
后里,03F-177.9N,24.234647,120.593306,3.0,5,1,1591.0
后里,03F-177.9N,24.234647,120.593306,3.0,6,1,1591.0
后里,03F-177.9N,24.234647,120.593306,3.0,7,1,1763.5
后里,03F-177.9N,24.234647,120.593306,3.0,8,1,1763.5
后里,03F-177.9N,24.234647,120.593306,3.0,9,1,1685.5
后里,03F-177.9N,24.234647,120.593306,3.0,10,1,1685.5
后里,03F-186.0N,24.177831,120.548244,3.0,3,1,1793.0
后里,03F-186.0N,24.177831,120.548244,3.0,4,1,1793.0
后里,03F-186.0N,24.177831,120.548244,3.0,5,1,1600.0
后里,03F-186.0N,24.177831,120.548244,3.0,6,1,1600.0
后里,03F-186.0N,24.177831,120.548244,3.0,7,1,1908.5
后里,03F-186.0N,24.177831,120.548244,3.0,8,1,1908.5
后里,03F-186.0N,24.177831,120.548244,3.0,9,1,1656.5
后里,03F-186.0N,24.177831,120.548244,3.0,10,1,1656.5
后里,03F-194.1N,24.120947,120.534547,3.0,4,1,1066.0
后里,03F-194.1N,24.120947,120.534547,3.0,5,1,1066.0
后里,03F-194.1N,24.120947,120.534547,3.0,6,1,1316.5
后里,03F-194.1N,24.120947,120.534547,3.0,7,1,1316.5
后里,03F-194.1N,24.120947,120.534547,3.0,8,1,1129.0
后里,03F-194.1N,24.120947,120.534547,3.0,9,1,1129.0
后里,03F-194.1N,24.120947,120.534547,3.0,10,1,1132.0
后里,03F-194.1N,24.120947,120.534547,3.0,11,1,1132.0
后里,03F-194.4S,24.119011,120.536692,3.0,4,1,1082.5
后里,03F-194.4S,24.119011,120.536692,3.0,5,1,1082.5
后里,03F-194.4S,24.119011,120.536692,3.0,6,1,1217.0
后里,03F-194.4S,24.119011,120.536692,3.0,7,1,1217.0
后里,03F-194.4S,24.119011,120.536692,3.0,8,1,1075.0
后里,03F-194.4S,24.119011,120.536692,3.0,9,1,1075.0
后里,03F-194.4S,24.119011,120.536692,3.0,10,1,1130.5
后里,03F-194.4S,24.119011,120.536692,3.0,11,1,1130.5
員林,01F-177.4SN,24.184592,120.635611,3.0,4,1,606.0
員林,01F-177.4SN,24.184592,120.635611,3.0,5,1,606.0
員林,01F-177.4SN,24.184592,120.635611,3.0,6,1,257.5
員林,01F-177.4SN,24.184592,120.635611,3.0,7,1,257.5
員林,01F-177.4SN,24.184592,120.635611,3.0,8,1,1662.0
員林,01F-177.4SN,24.184592,120.635611,3.0,9,1,1662.0
員林,01F-177.4SN,24.184592,120.635611,3.0,10,1,1265.0
員林,01F-177.4SN,24.184592,120.635611,3.0,11,1,1265.0
員林,01F-180.2SN,24.163706,120.621933,3.0,3,1,1760.5
員林,01F-180.2SN,24.163706,120.621933,3.0,4,1,1760.5
員林,01F-180.2SN,24.163706,120.621933,3.0,5,1,1782.5
員林,01F-180.2SN,24.163706,120.621933,3.0,6,1,1782.5
員林,01F-180.2SN,24.163706,120.621933,3.0,7,1,1950.0
員林,01F-180.2SN,24.163706,120.621933,3.0,8,1,1950.0
員林,01F-180.2SN,24.163706,120.621933,3.0,9,1,1795.5
員林,01F-180.2SN,24.163706,120.621933,3.0,10,1,1795.5
員林,01F-183.9SN,24.130767,120.617247,3.0,4,1,1817.5
員林,01F-183.9SN,24.130767,120.617247,3.0,5,1,1817.5
員林,01F-183.9SN,24.130767,120.617247,3.0,6,1,1920.0
員林,01F-183.9SN,24.130767,120.617247,3.0,7,1,1920.0
員林,01F-183.9SN,24.130767,120.617247,3.0,8,1,1892.5
員林,01F-183.9SN,24.130767,120.617247,3.0,9,1,1892.5
員林,01F-183.9SN,24.130767,120.617247,3.0,10,1,1741.0
員林,01F-183.9SN,24.130767,120.617247,3.0,11,1,1741.0
員林,01F-190.6SN,24.113572,120.568131,3.0,4,1,1761.5
員林,01F-190.6SN,24.113572,120.568131,3.0,5,1,1761.5
員林,01F-190.6SN,24.113572,120.568131,3.0,6,1,2001.0
員林,01F-190.6SN,24.113572,120.568131,3.0,7,1,2001.0
員林,01F-190.6SN,24.113572,120.568131,3.0,8,1,1819.5
員林,01F-190.6SN,24.113572,120.568131,3.0,9,1,1819.5
員林,01F-190.6SN,24.113572,120.568131,3.0,10,1,1881.5
員林,01F-190.6SN,24.113572,120.568131,3.0,11,1,1881.5
員林,01F-196.0SN,24.085622,120.52785,4.0,3,1,2121.5
員林,01F-196.0SN,24.085622,120.52785,4.0,4,1,2121.5
員林,01F-196.0SN,24.085622,120.52785,4.0,5,1,1959.5
員林,01F-196.0SN,24.085622,120.52785,4.0,6,1,1959.5
員林,01F-196.0SN,24.085622,120.52785,4.0,7,1,2207.5
員林,01F-196.0SN,24.085622,120.52785,4.0,8,1,2207.5
員林,01F-196.0SN,24.085622,120.52785,4.0,9,1,2065.5
員林,01F-196.0SN,24.085622,120.52785,4.0,10,1,2065.5
員林,01F-201.1SN,24.040639,120.522786,3.0,4,1,1819.5
員林,01F-201.1SN,24.040639,120.522786,3.0,5,1,1819.5
員林,01F-201.1SN,24.040639,120.522786,3.0,6,1,1916.0
員林,01F-201.1SN,24.040639,120.522786,3.0,7,1,1916.0
員林,01F-201.1SN,24.040639,120.522786,3.0,8,1,1906.0
員林,01F-201.1SN,24.040639,120.522786,3.0,9,1,1906.0
員林,01F-201.1SN,24.040639,120.522786,3.0,10,1,1757.0
員林,01F-201.1SN,24.040639,120.522786,3.0,11,1,1757.0
員林,01F-208.9SN,23.971794,120.506117,3.0,4,1,1764.0
員林,01F-208.9SN,23.971794,120.506117,3.0,5,1,1764.0
員林,01F-208.9SN,23.971794,120.506117,3.0,6,1,1833.5
員林,01F-208.9SN,23.971794,120.506117,3.0,7,1,1833.5
員林,01F-208.9SN,23.971794,120.506117,3.0,8,1,1728.0
員林,01F-208.9SN,23.971794,120.506117,3.0,9,1,1728.0
員林,01F-208.9SN,23.971794,120.506117,3.0,10,1,1827.5
員林,01F-208.9SN,23.971794,120.506117,3.0,11,1,1827.5
員林,01F-215.6SN,23.912769,120.49765,3.0,3,1,1634.0
員林,01F-215.6SN,23.912769,120.49765,3.0,4,1,1634.0
員林,01F-215.6SN,23.912769,120.49765,3.0,5,1,1663.0
員林,01F-215.6SN,23.912769,120.49765,3.0,6,1,1663.0
員林,01F-215.6SN,23.912769,120.49765,3.0,7,1,1736.5
員林,01F-215.6SN,23.912769,120.49765,3.0,8,1,1736.5
員林,01F-215.6SN,23.912769,120.49765,3.0,9,1,1691.5
員林,01F-215.6SN,23.912769,120.49765,3.0,10,1,1691.5
員林,01F-224.9SN,23.830569,120.484881,3.0,4,1,1675.0
員林,01F-224.9SN,23.830569,120.484881,3.0,5,1,1675.0
員林,01F-224.9SN,23.830569,120.484881,3.0,6,1,1767.5
員林,01F-224.9SN,23.830569,120.484881,3.0,7,1,1767.5
員林,01F-224.9SN,23.830569,120.484881,3.0,8,1,1733.0
員林,01F-224.9SN,23.830569,120.484881,3.0,9,1,1733.0
員林,01F-224.9SN,23.830569,120.484881,3.0,10,1,1573.0
員林,01F-224.9SN,23.830569,120.484881,3.0,11,1,1573.0
員林,01F-232.2SN,23.766328,120.469342,3.0,3,0,1689.0
員林,01F-232.2SN,23.766328,120.469342,3.0,4,0,1689.0
員林,01F-232.2SN,23.766328,120.469342,3.0,5,0,1522.5
員林,01F-232.2SN,23.766328,120.469342,3.0,6,0,1522.5
員林,01F-232.2SN,23.766328,120.469342,3.0,7,0,1703.0
員林,01F-232.2SN,23.766328,120.469342,3.0,8,0,1703.0
員林,01F-232.2SN,23.766328,120.469342,3.0,9,0,1666.0
員林,01F-232.2SN,23.766328,120.469342,3.0,10,0,1666.0
員林,01F-239.4SN,23.702603,120.474917,3.0,4,0,1694.0
員林,01F-239.4SN,23.702603,120.474917,3.0,5,0,1694.0
員林,01F-239.4SN,23.702603,120.474917,3.0,6,0,1592.5
員林,01F-239.4SN,23.702603,120.474917,3.0,7,0,1592.5
員林,01F-239.4SN,23.702603,120.474917,3.0,8,0,1595.0
員林,01F-239.4SN,23.702603,120.474917,3.0,9,0,1595.0
員林,01F-239.4SN,23.702603,120.474917,3.0,10,0,1620.0
員林,01F-239.4SN,23.702603,120.474917,3.0,11,0,1620.0
員林,01F-242.5SN,23.677375,120.462281,4.0,4,0,1936.0
員林,01F-242.5SN,23.677375,120.462281,4.0,5,0,1936.0
員林,01F-242.5SN,23.677375,120.462281,4.0,6,0,1954.0
員林,01F-242.5SN,23.677375,120.462281,4.0,7,0,1954.0
員林,01F-242.5SN,23.677375,120.462281,4.0,8,0,1836.0
員林,01F-242.5SN,23.677375,120.462281,4.0,9,0,1836.0
員林,01F-242.5SN,23.677375,120.462281,4.0,10,0,1871.0
員林,01F-242.5SN,23.677375,120.462281,4.0,11,0,1871.0
員林,01F-247.2S,23.639556,120.443114,3.0,4,0,1660.5
員林,01F-247.2S,23.639556,120.443114,3.0,5,0,1660.5
員林,01F-247.2S,23.639556,120.443114,3.0,6,0,1738.5
員林,01F-247.2S,23.639556,120.443114,3.0,7,0,1738.5
員林,01F-247.2S,23.639556,120.443114,3.0,8,0,1640.0
員林,01F-247.2S,23.639556,120.443114,3.0,9,0,1640.0
員林,01F-247.2S,23.639556,120.443114,3.0,10,0,1611.0
員林,01F-247.2S,23.639556,120.443114,3.0,11,0,1611.0
員林,03F-199.2N,24.102525,120.578747,3.0,4,1,2408.0
員林,03F-199.2N,24.102525,120.578747,3.0,5,1,2408.0
員林,03F-199.2N,24.102525,120.578747,3.0,6,1,2549.5
員林,03F-199.2N,24.102525,120.578747,3.0,7,1,2549.5
員林,03F-199.2N,24.102525,120.578747,3.0,8,1,2405.5
員林,03F-199.2N,24.102525,120.578747,3.0,9,1,2405.5
員林,03F-199.2N,24.102525,120.578747,3.0,10,1,2415.5
員林,03F-199.2N,24.102525,120.578747,3.0,11,1,2415.5
員林,03F-206.6SN,24.070333,120.639711,3.0,4,1,1813.5
員林,03F-206.6SN,24.070333,120.639711,3.0,5,1,1813.5
員林,03F-206.6SN,24.070333,120.639711,3.0,6,1,1845.0
員林,03F-206.6SN,24.070333,120.639711,3.0,7,1,1845.0
員林,03F-206.6SN,24.070333,120.639711,3.0,8,1,1721.5
員林,03F-206.6SN,24.070333,120.639711,3.0,9,1,1721.5
員林,03F-206.6SN,24.070333,120.639711,3.0,10,1,1761.0
員林,03F-206.6SN,24.070333,120.639711,3.0,11,1,1761.0
員林,03F-207.8N,24.067958,120.651433,4.0,4,1,1247.0
員林,03F-207.8N,24.067958,120.651433,4.0,5,1,1247.0
員林,03F-207.8N,24.067958,120.651433,4.0,6,1,1269.5
員林,03F-207.8N,24.067958,120.651433,4.0,7,1,1269.5
員林,03F-207.8N,24.067958,120.651433,4.0,8,1,1179.5
員林,03F-207.8N,24.067958,120.651433,4.0,9,1,1179.5
員林,03F-207.8N,24.067958,120.651433,4.0,10,1,1200.0
員林,03F-207.8N,24.067958,120.651433,4.0,11,1,1200.0
員林,03F-207.9S,24.067778,120.652361,4.0,4,1,1280.5
員林,03F-207.9S,24.067778,120.652361,4.0,5,1,1280.5
員林,03F-207.9S,24.067778,120.652361,4.0,6,1,1306.5
員林,03F-207.9S,24.067778,120.652361,4.0,7,1,1306.5
員林,03F-207.9S,24.067778,120.652361,4.0,8,1,1211.0
員林,03F-207.9S,24.067778,120.652361,4.0,9,1,1211.0
員林,03F-207.9S,24.067778,120.652361,4.0,10,1,1233.0
員林,03F-207.9S,24.067778,120.652361,4.0,11,1,1233.0
員林,03F-210.0N,24.060428,120.671533,3.0,4,1,1173.5
員林,03F-210.0N,24.060428,120.671533,3.0,5,1,1173.5
員林,03F-210.0N,24.060428,120.671533,3.0,6,1,1222.0
員林,03F-210.0N,24.060428,120.671533,3.0,7,1,1222.0
員林,03F-210.0N,24.060428,120.671533,3.0,8,1,1164.0
員林,03F-210.0N,24.060428,120.671533,3.0,9,1,1164.0
員林,03F-210.0N,24.060428,120.671533,3.0,10,1,1131.0
員林,03F-210.0N,24.060428,120.671533,3.0,11,1,1131.0
員林,03F-210.0S,24.060653,120.670964,3.0,4,1,1152.5
員林,03F-210.0S,24.060653,120.670964,3.0,5,1,1152.5
員林,03F-210.0S,24.060653,120.670964,3.0,6,1,1192.5
員林,03F-210.0S,24.060653,120.670964,3.0,7,1,1192.5
員林,03F-210.0S,24.060653,120.670964,3.0,8,1,1133.0
員林,03F-210.0S,24.060653,120.670964,3.0,9,1,1133.0
員林,03F-210.0S,24.060653,120.670964,3.0,10,1,1100.5
員林,03F-210.0S,24.060653,120.670964,3.0,11,1,1100.5
員林,03F-212.5N,24.040994,120.677853,4.0,4,1,1290.5
員林,03F-212.5N,24.040994,120.677853,4.0,5,1,1290.5
員林,03F-212.5N,24.040994,120.677853,4.0,6,1,1361.5
員林,03F-212.5N,24.040994,120.677853,4.0,7,1,1361.5
員林,03F-212.5N,24.040994,120.677853,4.0,8,1,1344.5
員林,03F-212.5N,24.040994,120.677853,4.0,9,1,1344.5
員林,03F-212.5N,24.040994,120.677853,4.0,10,1,1228.5
員林,03F-212.5N,24.040994,120.677853,4.0,11,1,1228.5
員林,03F-212.9S,24.037419,120.675925,4.0,4,1,1307.5
員林,03F-212.9S,24.037419,120.675925,4.0,5,1,1307.5
員林,03F-212.9S,24.037419,120.675925,4.0,6,1,1393.0
員林,03F-212.9S,24.037419,120.675925,4.0,7,1,1393.0
員林,03F-212.9S,24.037419,120.675925,4.0,8,1,1374.5
員林,03F-212.9S,24.037419,120.675925,4.0,9,1,1374.5
員林,03F-212.9S,24.037419,120.675925,4.0,10,1,1240.0
員林,03F-212.9S,24.037419,120.675925,4.0,11,1,1240.0
員林,03F-215.3N,24.01894444,120.6631611,4.0,4,1,2406.0
員林,03F-215.3N,24.01894444,120.6631611,4.0,5,1,2406.0
員林,03F-215.3N,24.01894444,120.6631611,4.0,6,1,2535.0
員林,03F-215.3N,24.01894444,120.6631611,4.0,7,1,2535.0
員林,03F-215.3N,24.01894444,120.6631611,4.0,8,1,2501.0
員林,03F-215.3N,24.01894444,120.6631611,4.0,9,1,2501.0
員林,03F-215.3N,24.01894444,120.6631611,4.0,10,1,2282.0
員林,03F-215.3N,24.01894444,120.6631611,4.0,11,1,2282.0
員林,03F-219.4SN,23.985844,120.652714,4.0,4,1,1934.0
員林,03F-219.4SN,23.985844,120.652714,4.0,5,1,1934.0
員林,03F-219.4SN,23.985844,120.652714,4.0,6,1,2001.0
員林,03F-219.4SN,23.985844,120.652714,4.0,7,1,2001.0
員林,03F-219.4SN,23.985844,120.652714,4.0,8,1,1892.0
員林,03F-219.4SN,23.985844,120.652714,4.0,9,1,1892.0
員林,03F-219.4SN,23.985844,120.652714,4.0,10,1,1892.0
員林,03F-219.4SN,23.985844,120.652714,4.0,11,1,1892.0
員林,03F-223.1N,23.957103,120.657614,4.0,4,1,1240.5
員林,03F-223.1N,23.957103,120.657614,4.0,5,1,1240.5
員林,03F-223.1N,23.957103,120.657614,4.0,6,1,1501.0
員林,03F-223.1N,23.957103,120.657614,4.0,7,1,1501.0
員林,03F-223.1N,23.957103,120.657614,4.0,8,1,1315.0
員林,03F-223.1N,23.957103,120.657614,4.0,9,1,1315.0
員林,03F-223.1N,23.957103,120.657614,4.0,10,1,1310.0
員林,03F-223.1N,23.957103,120.657614,4.0,11,1,1310.0
員林,03F-223.5S,23.955503,120.661267,4.0,4,1,1153.0
員林,03F-223.5S,23.955503,120.661267,4.0,5,1,1153.0
員林,03F-223.5S,23.955503,120.661267,4.0,6,1,1355.5
員林,03F-223.5S,23.955503,120.661267,4.0,7,1,1355.5
員林,03F-223.5S,23.955503,120.661267,4.0,8,1,1186.0
員林,03F-223.5S,23.955503,120.661267,4.0,9,1,1186.0
員林,03F-223.5S,23.955503,120.661267,4.0,10,1,1213.0
員林,03F-223.5S,23.955503,120.661267,4.0,11,1,1213.0
員林,03F-226.0N,23.937928,120.676853,3.0,4,1,2160.5
員林,03F-226.0N,23.937928,120.676853,3.0,5,1,2160.5
員林,03F-226.0N,23.937928,120.676853,3.0,6,1,2335.5
員林,03F-226.0N,23.937928,120.676853,3.0,7,1,2335.5
員林,03F-226.0N,23.937928,120.676853,3.0,8,1,2175.5
員林,03F-226.0N,23.937928,120.676853,3.0,9,1,2175.5
員林,03F-226.0N,23.937928,120.676853,3.0,10,1,2072.5
員林,03F-226.0N,23.937928,120.676853,3.0,11,1,2072.5
員林,03F-230.6SN,23.906781,120.702828,3.0,3,1,1655.0
員林,03F-230.6SN,23.906781,120.702828,3.0,4,1,1655.0
員林,03F-230.6SN,23.906781,120.702828,3.0,5,1,1631.5
員林,03F-230.6SN,23.906781,120.702828,3.0,6,1,1631.5
員林,03F-230.6SN,23.906781,120.702828,3.0,7,1,1714.5
員林,03F-230.6SN,23.906781,120.702828,3.0,8,1,1714.5
員林,03F-230.6SN,23.906781,120.702828,3.0,9,1,1643.0
員林,03F-230.6SN,23.906781,120.702828,3.0,10,1,1643.0
員林,03F-233.6SN,23.882031,120.709186,3.0,3,1,1699.0
員林,03F-233.6SN,23.882031,120.709186,3.0,4,1,1699.0
員林,03F-233.6SN,23.882031,120.709186,3.0,5,1,1585.5
員林,03F-233.6SN,23.882031,120.709186,3.0,6,1,1585.5
員林,03F-233.6SN,23.882031,120.709186,3.0,7,1,1726.5
員林,03F-233.6SN,23.882031,120.709186,3.0,8,1,1726.5
員林,03F-233.6SN,23.882031,120.709186,3.0,9,1,1679.5
員林,03F-233.6SN,23.882031,120.709186,3.0,10,1,1679.5
員林,03F-241.5SN,23.814836,120.700003,3.0,4,1,1612.0
員林,03F-241.5SN,23.814836,120.700003,3.0,5,1,1612.0
員林,03F-241.5SN,23.814836,120.700003,3.0,6,1,1687.0
員林,03F-241.5SN,23.814836,120.700003,3.0,7,1,1687.0
員林,03F-241.5SN,23.814836,120.700003,3.0,8,1,1628.0
員林,03F-241.5SN,23.814836,120.700003,3.0,9,1,1628.0
員林,03F-241.5SN,23.814836,120.700003,3.0,10,1,1557.5
員林,03F-241.5SN,23.814836,120.700003,3.0,11,1,1557.5
員林,03F-244.7SN,23.787486,120.704519,3.0,3,1,353.0
員林,03F-244.7SN,23.787486,120.704519,3.0,4,1,353.0
員林,03F-244.7SN,23.787486,120.704519,3.0,5,1,279.5
員林,03F-244.7SN,23.787486,120.704519,3.0,6,1,279.5
員林,03F-244.7SN,23.787486,120.704519,3.0,7,1,44.0
員林,03F-244.7SN,23.787486,120.704519,3.0,8,1,44.0
員林,03F-244.7SN,23.787486,120.704519,3.0,9,1,20.0
員林,03F-244.7SN,23.787486,120.704519,3.0,10,1,20.0
員林,03F-253.5SN,23.775581,120.6259,3.0,4,1,1664.0
員林,03F-253.5SN,23.775581,120.6259,3.0,5,1,1664.0
員林,03F-253.5SN,23.775581,120.6259,3.0,6,1,1630.5
員林,03F-253.5SN,23.775581,120.6259,3.0,7,1,1630.5
員林,03F-253.5SN,23.775581,120.6259,3.0,8,1,1591.5
員林,03F-253.5SN,23.775581,120.6259,3.0,9,1,1591.5
員林,03F-253.5SN,23.775581,120.6259,3.0,10,1,1466.0
員林,03F-253.5SN,23.775581,120.6259,3.0,11,1,1466.0
員林,03F-261.4SN,23.724425,120.601786,3.0,4,1,1656.5
員林,03F-261.4SN,23.724425,120.601786,3.0,5,1,1656.5
員林,03F-261.4SN,23.724425,120.601786,3.0,6,1,1610.0
員林,03F-261.4SN,23.724425,120.601786,3.0,7,1,1610.0
員林,03F-261.4SN,23.724425,120.601786,3.0,8,1,1648.5
員林,03F-261.4SN,23.724425,120.601786,3.0,9,1,1648.5
員林,03F-261.4SN,23.724425,120.601786,3.0,10,1,1626.5
員林,03F-261.4SN,23.724425,120.601786,3.0,11,1,1626.5
新市,01F-251.4N,23.601989,120.435417,3.0,4,0,1782.0
新市,01F-251.4N,23.601989,120.435417,3.0,5,0,1782.0
新市,01F-251.4N,23.601989,120.435417,3.0,6,0,1768.5
新市,01F-251.4N,23.601989,120.435417,3.0,7,0,1768.5
新市,01F-251.4N,23.601989,120.435417,3.0,8,0,1681.5
新市,01F-251.4N,23.601989,120.435417,3.0,9,0,1681.5
新市,01F-251.4N,23.601989,120.435417,3.0,10,0,1621.0
新市,01F-251.4N,23.601989,120.435417,3.0,11,0,1621.0
新市,01F-260.3N,23.526739,120.405583,3.0,3,0,1738.0
新市,01F-260.3N,23.526739,120.405583,3.0,4,0,1738.0
新市,01F-260.3N,23.526739,120.405583,3.0,5,0,1659.0
新市,01F-260.3N,23.526739,120.405583,3.0,6,0,1659.0
新市,01F-260.3N,23.526739,120.405583,3.0,7,0,1754.0
新市,01F-260.3N,23.526739,120.405583,3.0,8,0,1754.0
新市,01F-260.3N,23.526739,120.405583,3.0,9,0,1681.5
新市,01F-260.3N,23.526739,120.405583,3.0,10,0,1681.5
新市,01F-267.4S,23.469403,120.3777,3.0,4,0,1715.0
新市,01F-267.4S,23.469403,120.3777,3.0,5,0,1715.0
新市,01F-267.4S,23.469403,120.3777,3.0,6,0,1752.5
新市,01F-267.4S,23.469403,120.3777,3.0,7,0,1752.5
新市,01F-267.4S,23.469403,120.3777,3.0,8,0,1890.5
新市,01F-267.4S,23.469403,120.3777,3.0,9,0,1890.5
新市,01F-267.4S,23.469403,120.3777,3.0,10,0,1492.5
新市,01F-267.4S,23.469403,120.3777,3.0,11,0,1492.5
新市,01F-271.4S,23.436367,120.361561,4.0,3,0,1942.5
新市,01F-271.4S,23.436367,120.361561,4.0,4,0,1942.5
新市,01F-271.4S,23.436367,120.361561,4.0,5,0,1745.0
新市,01F-271.4S,23.436367,120.361561,4.0,6,0,1745.0
新市,01F-271.4S,23.436367,120.361561,4.0,7,0,1895.5
新市,01F-271.4S,23.436367,120.361561,4.0,8,0,1895.5
新市,01F-271.4S,23.436367,120.361561,4.0,9,0,1850.0
新市,01F-271.4S,23.436367,120.361561,4.0,10,0,1850.0
新市,01F-282.7S,23.347469,120.322192,3.0,4,0,1558.5
新市,01F-282.7S,23.347469,120.322192,3.0,5,0,1558.5
新市,01F-282.7S,23.347469,120.322192,3.0,6,0,1646.5
新市,01F-282.7S,23.347469,120.322192,3.0,7,0,1646.5
新市,01F-282.7S,23.347469,120.322192,3.0,8,0,1616.0
新市,01F-282.7S,23.347469,120.322192,3.0,9,0,1616.0
新市,01F-282.7S,23.347469,120.322192,3.0,10,0,1579.5
新市,01F-282.7S,23.347469,120.322192,3.0,11,0,1579.5
新市,01F-286.6S,23.320994,120.298703,3.0,4,0,1706.5
新市,01F-286.6S,23.320994,120.298703,3.0,5,0,1706.5
新市,01F-286.6S,23.320994,120.298703,3.0,6,0,1698.5
新市,01F-286.6S,23.320994,120.298703,3.0,7,0,1698.5
新市,01F-286.6S,23.320994,120.298703,3.0,8,0,1687.0
新市,01F-286.6S,23.320994,120.298703,3.0,9,0,1687.0
新市,01F-286.6S,23.320994,120.298703,3.0,10,0,1614.5
新市,01F-286.6S,23.320994,120.298703,3.0,11,0,1614.5
新市,01F-293.0S,23.272589,120.265769,3.0,4,0,1714.0
新市,01F-293.0S,23.272589,120.265769,3.0,5,0,1714.0
新市,01F-293.0S,23.272589,120.265769,3.0,6,0,1769.5
新市,01F-293.0S,23.272589,120.265769,3.0,7,0,1769.5
新市,01F-293.0S,23.272589,120.265769,3.0,8,0,1627.5
新市,01F-293.0S,23.272589,120.265769,3.0,9,0,1627.5
新市,01F-293.0S,23.272589,120.265769,3.0,10,0,1612.5
新市,01F-293.0S,23.272589,120.265769,3.0,11,0,1612.5
新市,01F-301.9N,23.197286,120.236422,3.0,4,1,1747.5
新市,01F-301.9N,23.197286,120.236422,3.0,5,1,1747.5
新市,01F-301.9N,23.197286,120.236422,3.0,6,1,1858.0
新市,01F-301.9N,23.197286,120.236422,3.0,7,1,1858.0
新市,01F-301.9N,23.197286,120.236422,3.0,8,1,1805.5
新市,01F-301.9N,23.197286,120.236422,3.0,9,1,1805.5
新市,01F-301.9N,23.197286,120.236422,3.0,10,1,1743.0
新市,01F-301.9N,23.197286,120.236422,3.0,11,1,1743.0
新市,01F-308.3N,23.140751,120.23327,3.0,5,1,1734.0
新市,01F-308.3N,23.140751,120.23327,3.0,6,1,1734.0
新市,01F-308.3N,23.140751,120.23327,3.0,7,1,1837.5
新市,01F-308.3N,23.140751,120.23327,3.0,8,1,1837.5
新市,01F-308.3N,23.140751,120.23327,3.0,9,1,1738.0
新市,01F-308.3N,23.140751,120.23327,3.0,10,1,1738.0
新市,01F-308.3N,23.140751,120.23327,3.0,11,1,1592.0
新市,01F-308.3N,23.140751,120.23327,3.0,12,1,1592.0
新市,01F-312.6S,23.104817,120.247681,3.0,3,1,1706.5
新市,01F-312.6S,23.104817,120.247681,3.0,4,1,1706.5
新市,01F-312.6S,23.104817,120.247681,3.0,5,1,1681.5
新市,01F-312.6S,23.104817,120.247681,3.0,6,1,1681.5
新市,01F-312.6S,23.104817,120.247681,3.0,7,1,1799.0
新市,01F-312.6S,23.104817,120.247681,3.0,8,1,1799.0
新市,01F-312.6S,23.104817,120.247681,3.0,9,1,1719.0
新市,01F-312.6S,23.104817,120.247681,3.0,10,1,1719.0
新市,01F-318.5N,23.051311,120.253025,3.0,4,1,1851.0
新市,01F-318.5N,23.051311,120.253025,3.0,5,1,1851.0
新市,01F-318.5N,23.051311,120.253025,3.0,6,1,1868.0
新市,01F-318.5N,23.051311,120.253025,3.0,7,1,1868.0
新市,01F-318.5N,23.051311,120.253025,3.0,8,1,1734.5
新市,01F-318.5N,23.051311,120.253025,3.0,9,1,1734.5
新市,01F-318.5N,23.051311,120.253025,3.0,10,1,1782.5
新市,01F-318.5N,23.051311,120.253025,3.0,11,1,1782.5
新市,01F-322.7N,23.014172,120.249997,3.0,3,1,1875.0
新市,01F-322.7N,23.014172,120.249997,3.0,4,1,1875.0
新市,01F-322.7N,23.014172,120.249997,3.0,5,1,1717.0
新市,01F-322.7N,23.014172,120.249997,3.0,6,1,1717.0
新市,01F-322.7N,23.014172,120.249997,3.0,7,1,1885.5
新市,01F-322.7N,23.014172,120.249997,3.0,8,1,1885.5
新市,01F-322.7N,23.014172,120.249997,3.0,9,1,1835.0
新市,01F-322.7N,23.014172,120.249997,3.0,10,1,1835.0
新市,01F-325.2N,22.991814,120.248175,3.0,3,1,1863.0
新市,01F-325.2N,22.991814,120.248175,3.0,4,1,1863.0
新市,01F-325.2N,22.991814,120.248175,3.0,5,1,1734.0
新市,01F-325.2N,22.991814,120.248175,3.0,6,1,1734.0
新市,01F-325.2N,22.991814,120.248175,3.0,7,1,1897.0
新市,01F-325.2N,22.991814,120.248175,3.0,8,1,1897.0
新市,01F-325.2N,22.991814,120.248175,3.0,9,1,1793.0
新市,01F-325.2N,22.991814,120.248175,3.0,10,1,1793.0
新市,01F-328.6N,22.960903,120.249822,3.0,3,1,1889.5
新市,01F-328.6N,22.960903,120.249822,3.0,4,1,1889.5
新市,01F-328.6N,22.960903,120.249822,3.0,5,1,1745.0
新市,01F-328.6N,22.960903,120.249822,3.0,6,1,1745.0
新市,01F-328.6N,22.960903,120.249822,3.0,7,1,1909.5
新市,01F-328.6N,22.960903,120.249822,3.0,8,1,1909.5
新市,01F-328.6N,22.960903,120.249822,3.0,9,1,1856.0
新市,01F-328.6N,22.960903,120.249822,3.0,10,1,1856.0
新市,03F-270.9S,23.649142,120.57295,3.0,3,0,1613.5
新市,03F-270.9S,23.649142,120.57295,3.0,4,0,1613.5
新市,03F-270.9S,23.649142,120.57295,3.0,5,0,1531.0
新市,03F-270.9S,23.649142,120.57295,3.0,6,0,1531.0
新市,03F-270.9S,23.649142,120.57295,3.0,7,0,1604.5
新市,03F-270.9S,23.649142,120.57295,3.0,8,0,1604.5
新市,03F-270.9S,23.649142,120.57295,3.0,9,0,1565.0
新市,03F-270.9S,23.649142,120.57295,3.0,10,0,1565.0
新市,03F-274.7N,23.618203,120.558567,3.0,4,0,1582.5
新市,03F-274.7N,23.618203,120.558567,3.0,5,0,1582.5
新市,03F-274.7N,23.618203,120.558567,3.0,6,0,1767.0
新市,03F-274.7N,23.618203,120.558567,3.0,7,0,1767.0
新市,03F-274.7N,23.618203,120.558567,3.0,8,0,1687.5
新市,03F-274.7N,23.618203,120.558567,3.0,9,0,1687.5
新市,03F-274.7N,23.618203,120.558567,3.0,10,0,1657.0
新市,03F-274.7N,23.618203,120.558567,3.0,11,0,1657.0
新市,03F-277.7N,23.606792,120.532511,3.0,4,0,1640.0
新市,03F-277.7N,23.606792,120.532511,3.0,5,0,1640.0
新市,03F-277.7N,23.606792,120.532511,3.0,6,0,1684.5
新市,03F-277.7N,23.606792,120.532511,3.0,7,0,1684.5
新市,03F-277.7N,23.606792,120.532511,3.0,8,0,1606.0
新市,03F-277.7N,23.606792,120.532511,3.0,9,0,1606.0
新市,03F-277.7N,23.606792,120.532511,3.0,10,0,1591.5
新市,03F-277.7N,23.606792,120.532511,3.0,11,0,1591.5
新市,03F-284.0S,23.558125,120.505061,3.0,4,0,1625.5
新市,03F-284.0S,23.558125,120.505061,3.0,5,0,1625.5
新市,03F-284.0S,23.558125,120.505061,3.0,6,0,1669.0
新市,03F-284.0S,23.558125,120.505061,3.0,7,0,1669.0
新市,03F-284.0S,23.558125,120.505061,3.0,8,0,1666.0
新市,03F-284.0S,23.558125,120.505061,3.0,9,0,1666.0
新市,03F-284.0S,23.558125,120.505061,3.0,10,0,1562.5
新市,03F-284.0S,23.558125,120.505061,3.0,11,0,1562.5
新市,03F-289.9S,23.511683,120.486328,3.0,3,0,1612.0
新市,03F-289.9S,23.511683,120.486328,3.0,4,0,1612.0
新市,03F-289.9S,23.511683,120.486328,3.0,5,0,1588.5
新市,03F-289.9S,23.511683,120.486328,3.0,6,0,1588.5
新市,03F-289.9S,23.511683,120.486328,3.0,7,0,1605.5
新市,03F-289.9S,23.511683,120.486328,3.0,8,0,1605.5
新市,03F-289.9S,23.511683,120.486328,3.0,9,0,1615.5
新市,03F-289.9S,23.511683,120.486328,3.0,10,0,1615.5
新市,03F-292.3S,23.492078,120.494586,3.0,3,0,1762.0
新市,03F-292.3S,23.492078,120.494586,3.0,4,0,1762.0
新市,03F-292.3S,23.492078,120.494586,3.0,5,0,1492.0
新市,03F-292.3S,23.492078,120.494586,3.0,6,0,1492.0
新市,03F-292.3S,23.492078,120.494586,3.0,7,0,1577.5
新市,03F-292.3S,23.492078,120.494586,3.0,8,0,1577.5
新市,03F-292.3S,23.492078,120.494586,3.0,9,0,1578.0
新市,03F-292.3S,23.492078,120.494586,3.0,10,0,1578.0
新市,03F-298.5N,23.442486,120.4812,3.0,5,0,1538.0
新市,03F-298.5N,23.442486,120.4812,3.0,6,0,1538.0
新市,03F-298.5N,23.442486,120.4812,3.0,7,0,1624.5
新市,03F-298.5N,23.442486,120.4812,3.0,8,0,1624.5
新市,03F-298.5N,23.442486,120.4812,3.0,9,0,1612.0
新市,03F-298.5N,23.442486,120.4812,3.0,10,0,1612.0
新市,03F-298.5N,23.442486,120.4812,3.0,11,0,1404.0
新市,03F-298.5N,23.442486,120.4812,3.0,12,0,1404.0
新市,03F-310.1N,23.361253,120.436356,3.0,5,0,1724.0
新市,03F-310.1N,23.361253,120.436356,3.0,6,0,1724.0
新市,03F-310.1N,23.361253,120.436356,3.0,7,0,1724.0
新市,03F-310.1N,23.361253,120.436356,3.0,8,0,1724.0
新市,03F-310.1N,23.361253,120.436356,3.0,9,0,1724.0
新市,03F-310.1N,23.361253,120.436356,3.0,10,0,1724.0
新市,03F-310.1N,23.361253,120.436356,3.0,11,0,770.0
新市,03F-310.1N,23.361253,120.436356,3.0,12,0,770.0
新市,03F-318.7N,23.296692,120.404164,3.0,4,0,1574.0
新市,03F-318.7N,23.296692,120.404164,3.0,5,0,1574.0
新市,03F-318.7N,23.296692,120.404164,3.0,6,0,1670.0
新市,03F-318.7N,23.296692,120.404164,3.0,7,0,1670.0
新市,03F-318.7N,23.296692,120.404164,3.0,8,0,1622.0
新市,03F-318.7N,23.296692,120.404164,3.0,9,0,1622.0
新市,03F-318.7N,23.296692,120.404164,3.0,10,0,1570.5
新市,03F-318.7N,23.296692,120.404164,3.0,11,0,1570.5
新市,03F-321.1S,23.279281,120.390253,3.0,4,0,1746.0
新市,03F-321.1S,23.279281,120.390253,3.0,5,0,1746.0
新市,03F-321.1S,23.279281,120.390253,3.0,6,0,1704.5
新市,03F-321.1S,23.279281,120.390253,3.0,7,0,1704.5
新市,03F-321.1S,23.279281,120.390253,3.0,8,0,1616.5
新市,03F-321.1S,23.279281,120.390253,3.0,9,0,1616.5
新市,03F-321.1S,23.279281,120.390253,3.0,10,0,1639.5
新市,03F-321.1S,23.279281,120.390253,3.0,11,0,1639.5
新市,03F-325.9S,23.244994,120.367378,3.0,3,0,1712.0
新市,03F-325.9S,23.244994,120.367378,3.0,4,0,1712.0
新市,03F-325.9S,23.244994,120.367378,3.0,5,0,1620.0
新市,03F-325.9S,23.244994,120.367378,3.0,6,0,1620.0
新市,03F-325.9S,23.244994,120.367378,3.0,7,0,1712.5
新市,03F-325.9S,23.244994,120.367378,3.0,8,0,1712.5
新市,03F-325.9S,23.244994,120.367378,3.0,9,0,1618.5
新市,03F-325.9S,23.244994,120.367378,3.0,10,0,1618.5
新市,03F-330.7N,23.203275,120.355461,3.0,4,1,1704.0
新市,03F-330.7N,23.203275,120.355461,3.0,5,1,1704.0
新市,03F-330.7N,23.203275,120.355461,3.0,6,1,1732.0
新市,03F-330.7N,23.203275,120.355461,3.0,7,1,1732.0
新市,03F-330.7N,23.203275,120.355461,3.0,8,1,1651.0
新市,03F-330.7N,23.203275,120.355461,3.0,9,1,1651.0
新市,03F-330.7N,23.203275,120.355461,3.0,10,1,1620.5
新市,03F-330.7N,23.203275,120.355461,3.0,11,1,1620.5
新市,03F-339.2N,23.132064,120.333711,3.0,4,1,1701.0
新市,03F-339.2N,23.132064,120.333711,3.0,5,1,1701.0
新市,03F-339.2N,23.132064,120.333711,3.0,6,1,1721.0
新市,03F-339.2N,23.132064,120.333711,3.0,7,1,1721.0
新市,03F-339.2N,23.132064,120.333711,3.0,8,1,1629.5
新市,03F-339.2N,23.132064,120.333711,3.0,9,1,1629.5
新市,03F-339.2N,23.132064,120.333711,3.0,10,1,1661.0
新市,03F-339.2N,23.132064,120.333711,3.0,11,1,1661.0
楊梅,01F-049.2SN,25.036481,121.295531,5.0,3,-1,2284.5
楊梅,01F-049.2SN,25.036481,121.295531,5.0,4,-1,2284.5
楊梅,01F-049.2SN,25.036481,121.295531,5.0,5,-1,2217.5
楊梅,01F-049.2SN,25.036481,121.295531,5.0,6,-1,2217.5
楊梅,01F-049.2SN,25.036481,121.295531,5.0,7,-1,2311.0
楊梅,01F-049.2SN,25.036481,121.295531,5.0,8,-1,2311.0
楊梅,01F-049.2SN,25.036481,121.295531,5.0,9,-1,2090.5
楊梅,01F-049.2SN,25.036481,121.295531,5.0,10,-1,2090.5
楊梅,01F-051.1SN,25.025953,121.281731,5.0,4,-1,2083.5
楊梅,01F-051.1SN,25.025953,121.281731,5.0,5,-1,2083.5
楊梅,01F-051.1SN,25.025953,121.281731,5.0,6,-1,2161.0
楊梅,01F-051.1SN,25.025953,121.281731,5.0,7,-1,2161.0
楊梅,01F-051.1SN,25.025953,121.281731,5.0,8,-1,2147.5
楊梅,01F-051.1SN,25.025953,121.281731,5.0,9,-1,2147.5
楊梅,01F-051.1SN,25.025953,121.281731,5.0,10,-1,1942.0
楊梅,01F-051.1SN,25.025953,121.281731,5.0,11,-1,1942.0
楊梅,01F-053.2SN,25.012944,121.266194,4.0,4,-1,1913.5
楊梅,01F-053.2SN,25.012944,121.266194,4.0,5,-1,1913.5
楊梅,01F-053.2SN,25.012944,121.266194,4.0,6,-1,2019.0
楊梅,01F-053.2SN,25.012944,121.266194,4.0,7,-1,2019.0
楊梅,01F-053.2SN,25.012944,121.266194,4.0,8,-1,1998.5
楊梅,01F-053.2SN,25.012944,121.266194,4.0,9,-1,1998.5
楊梅,01F-053.2SN,25.012944,121.266194,4.0,10,-1,1823.0
楊梅,01F-053.2SN,25.012944,121.266194,4.0,11,-1,1823.0
楊梅,01F-055.7SN,24.99858333,121.2477222,4.0,4,-1,1895.5
楊梅,01F-055.7SN,24.99858333,121.2477222,4.0,5,-1,1895.5
楊梅,01F-055.7SN,24.99858333,121.2477222,4.0,6,-1,2030.5
楊梅,01F-055.7SN,24.99858333,121.2477222,4.0,7,-1,2030.5
楊梅,01F-055.7SN,24.99858333,121.2477222,4.0,8,-1,1988.5
楊梅,01F-055.7SN,24.99858333,121.2477222,4.0,9,-1,1988.5
楊梅,01F-055.7SN,24.99858333,121.2477222,4.0,10,-1,1826.0
楊梅,01F-055.7SN,24.99858333,121.2477222,4.0,11,-1,1826.0
楊梅,01F-058.4N、01H-057.9N,24.980558,121.228944,3.0,3,-1,2208.5
楊梅,01F-058.4N、01H-057.9N,24.980558,121.228944,3.0,4,-1,2208.5
楊梅,01F-058.4N、01H-057.9N,24.980558,121.228944,3.0,5,-1,2290.0
楊梅,01F-058.4N、01H-057.9N,24.980558,121.228944,3.0,6,-1,2290.0
楊梅,01F-058.4N、01H-057.9N,24.980558,121.228944,3.0,7,-1,2519.0
楊梅,01F-058.4N、01H-057.9N,24.980558,121.228944,3.0,8,-1,2519.0
楊梅,01F-058.4N、01H-057.9N,24.980558,121.228944,3.0,9,-1,2395.5
楊梅,01F-058.4N、01H-057.9N,24.980558,121.228944,3.0,10,-1,2395.5
楊梅,01F-061.6S,24.961693,121.2047523,4.0,4,-1,250.5
楊梅,01F-061.6S,24.961693,121.2047523,4.0,5,-1,250.5
楊梅,01F-061.6S,24.961693,121.2047523,4.0,6,-1,1273.0
楊梅,01F-061.6S,24.961693,121.2047523,4.0,7,-1,1273.0
楊梅,01F-061.6S,24.961693,121.2047523,4.0,8,-1,1476.0
楊梅,01F-061.6S,24.961693,121.2047523,4.0,9,-1,1476.0
楊梅,01F-061.6S,24.961693,121.2047523,4.0,10,-1,1464.5
楊梅,01F-061.6S,24.961693,121.2047523,4.0,11,-1,1464.5
楊梅,01F-063.3SN,24.949281,121.195594,3.0,3,-1,1760.0
楊梅,01F-063.3SN,24.949281,121.195594,3.0,4,-1,1760.0
楊梅,01F-063.3SN,24.949281,121.195594,3.0,5,-1,1765.5
楊梅,01F-063.3SN,24.949281,121.195594,3.0,6,-1,1765.5
楊梅,01F-063.3SN,24.949281,121.195594,3.0,7,-1,1937.0
楊梅,01F-063.3SN,24.949281,121.195594,3.0,8,-1,1937.0
楊梅,01F-063.3SN,24.949281,121.195594,3.0,9,-1,1769.0
楊梅,01F-063.3SN,24.949281,121.195594,3.0,10,-1,1769.0
楊梅,01F-066.4SN,24.929544,121.176919,3.0,4,-1,1775.5
楊梅,01F-066.4SN,24.929544,121.176919,3.0,5,-1,1775.5
楊梅,01F-066.4SN,24.929544,121.176919,3.0,6,-1,1870.0
楊梅,01F-066.4SN,24.929544,121.176919,3.0,7,-1,1870.0
楊梅,01F-066.4SN,24.929544,121.176919,3.0,8,-1,1805.0
楊梅,01F-066.4SN,24.929544,121.176919,3.0,9,-1,1805.0
楊梅,01F-066.4SN,24.929544,121.176919,3.0,10,-1,1760.0
楊梅,01F-066.4SN,24.929544,121.176919,3.0,11,-1,1760.0
楊梅,01F-068.1SN,24.917967,121.167586,3.0,4,-1,1940.5
楊梅,01F-068.1SN,24.917967,121.167586,3.0,5,-1,1940.5
楊梅,01F-068.1SN,24.917967,121.167586,3.0,6,-1,2037.0
楊梅,01F-068.1SN,24.917967,121.167586,3.0,7,-1,2037.0
楊梅,01F-068.1SN,24.917967,121.167586,3.0,8,-1,1912.5
楊梅,01F-068.1SN,24.917967,121.167586,3.0,9,-1,1912.5
楊梅,01F-068.1SN,24.917967,121.167586,3.0,10,-1,1928.0
楊梅,01F-068.1SN,24.917967,121.167586,3.0,11,-1,1928.0
楊梅,01F-069.9SN,24.903297,121.159761,3.0,4,-1,1451.0
楊梅,01F-069.9SN,24.903297,121.159761,3.0,5,-1,1451.0
楊梅,01F-069.9SN,24.903297,121.159761,3.0,6,-1,1637.0
楊梅,01F-069.9SN,24.903297,121.159761,3.0,7,-1,1637.0
楊梅,01F-069.9SN,24.903297,121.159761,3.0,8,-1,1537.0
楊梅,01F-069.9SN,24.903297,121.159761,3.0,9,-1,1537.0
楊梅,01F-069.9SN,24.903297,121.159761,3.0,10,-1,1517.0
楊梅,01F-069.9SN,24.903297,121.159761,3.0,11,-1,1517.0
楊梅,01F-075.0SN,24.893436,121.111731,3.0,3,-1,1792.5
楊梅,01F-075.0SN,24.893436,121.111731,3.0,4,-1,1792.5
楊梅,01F-075.0SN,24.893436,121.111731,3.0,5,-1,1721.0
楊梅,01F-075.0SN,24.893436,121.111731,3.0,6,-1,1721.0
楊梅,01F-075.0SN,24.893436,121.111731,3.0,7,-1,1929.0
楊梅,01F-075.0SN,24.893436,121.111731,3.0,8,-1,1929.0
楊梅,01F-075.0SN,24.893436,121.111731,3.0,9,-1,1824.5
楊梅,01F-075.0SN,24.893436,121.111731,3.0,10,-1,1824.5
楊梅,01F-088.0SN,24.848719,121.019031,3.0,4,-1,1872.0
楊梅,01F-088.0SN,24.848719,121.019031,3.0,5,-1,1872.0
楊梅,01F-088.0SN,24.848719,121.019031,3.0,6,-1,1982.0
楊梅,01F-088.0SN,24.848719,121.019031,3.0,7,-1,1982.0
楊梅,01F-088.0SN,24.848719,121.019031,3.0,8,-1,1995.0
楊梅,01F-088.0SN,24.848719,121.019031,3.0,9,-1,1995.0
楊梅,01F-088.0SN,24.848719,121.019031,3.0,10,-1,1827.5
楊梅,01F-088.0SN,24.848719,121.019031,3.0,11,-1,1827.5
楊梅,01F-092.8SN,24.808453,121.010306,3.0,3,-1,1131.0
楊梅,01F-092.8SN,24.808453,121.010306,3.0,4,-1,1131.0
楊梅,01F-092.8SN,24.808453,121.010306,3.0,5,-1,1114.0
楊梅,01F-092.8SN,24.808453,121.010306,3.0,6,-1,1114.0
楊梅,01F-092.8SN,24.808453,121.010306,3.0,7,-1,1251.0
楊梅,01F-092.8SN,24.808453,121.010306,3.0,8,-1,1251.0
楊梅,01F-092.8SN,24.808453,121.010306,3.0,9,-1,1190.0
楊梅,01F-092.8SN,24.808453,121.010306,3.0,10,-1,1190.0
楊梅,01F-095.0S,24.789622,121.005247,3.0,4,-1,1984.0
楊梅,01F-095.0S,24.789622,121.005247,3.0,5,-1,1984.0
楊梅,01F-095.0S,24.789622,121.005247,3.0,6,-1,2056.5
楊梅,01F-095.0S,24.789622,121.005247,3.0,7,-1,2056.5
楊梅,01F-095.0S,24.789622,121.005247,3.0,8,-1,2028.0
楊梅,01F-095.0S,24.789622,121.005247,3.0,9,-1,2028.0
楊梅,01F-095.0S,24.789622,121.005247,3.0,10,-1,1864.0
楊梅,01F-095.0S,24.789622,121.005247,3.0,11,-1,1864.0
楊梅,01F-095.6N,24.783944,121.003725,3.0,4,-1,1102.5
楊梅,01F-095.6N,24.783944,121.003725,3.0,5,-1,1102.5
楊梅,01F-095.6N,24.783944,121.003725,3.0,6,-1,1318.0
楊梅,01F-095.6N,24.783944,121.003725,3.0,7,-1,1318.0
楊梅,01F-095.6N,24.783944,121.003725,3.0,8,-1,1239.0
楊梅,01F-095.6N,24.783944,121.003725,3.0,9,-1,1239.0
楊梅,01F-095.6N,24.783944,121.003725,3.0,10,-1,1188.0
楊梅,01F-095.6N,24.783944,121.003725,3.0,11,-1,1188.0
楊梅,01F-097.9N,24.764414,120.999897,4.0,4,-1,1334.5
楊梅,01F-097.9N,24.764414,120.999897,4.0,5,-1,1334.5
楊梅,01F-097.9N,24.764414,120.999897,4.0,6,-1,1358.5
楊梅,01F-097.9N,24.764414,120.999897,4.0,7,-1,1358.5
楊梅,01F-097.9N,24.764414,120.999897,4.0,8,-1,1325.5
楊梅,01F-097.9N,24.764414,120.999897,4.0,9,-1,1325.5
楊梅,01F-097.9N,24.764414,120.999897,4.0,10,-1,1311.0
楊梅,01F-097.9N,24.764414,120.999897,4.0,11,-1,1311.0
楊梅,01F-098.0S,24.763586,120.998861,3.0,4,-1,1176.0
楊梅,01F-098.0S,24.763586,120.998861,3.0,5,-1,1176.0
楊梅,01F-098.0S,24.763586,120.998861,3.0,6,-1,1232.0
楊梅,01F-098.0S,24.763586,120.998861,3.0,7,-1,1232.0
楊梅,01F-098.0S,24.763586,120.998861,3.0,8,-1,1200.5
楊梅,01F-098.0S,24.763586,120.998861,3.0,9,-1,1200.5
楊梅,01F-098.0S,24.763586,120.998861,3.0,10,-1,1177.0
楊梅,01F-098.0S,24.763586,120.998861,3.0,11,-1,1177.0
楊梅,01H-060.8N,24.965878,121.211614,2.0,4,-1,1092.0
楊梅,01H-060.8N,24.965878,121.211614,2.0,5,-1,1092.0
楊梅,01H-060.8N,24.965878,121.211614,2.0,6,-1,1106.5
楊梅,01H-060.8N,24.965878,121.211614,2.0,7,-1,1106.5
楊梅,01H-060.8N,24.965878,121.211614,2.0,8,-1,1089.0
楊梅,01H-060.8N,24.965878,121.211614,2.0,9,-1,1089.0
楊梅,01H-060.8N,24.965878,121.211614,2.0,10,-1,1067.0
楊梅,01H-060.8N,24.965878,121.211614,2.0,11,-1,1067.0
楊梅,01H-061.0S,24.96525,121.209867,2.0,4,-1,1030.0
楊梅,01H-061.0S,24.96525,121.209867,2.0,5,-1,1030.0
楊梅,01H-061.0S,24.96525,121.209867,2.0,6,-1,1144.5
楊梅,01H-061.0S,24.96525,121.209867,2.0,7,-1,1144.5
楊梅,01H-061.0S,24.96525,121.209867,2.0,8,-1,1117.0
楊梅,01H-061.0S,24.96525,121.209867,2.0,9,-1,1117.0
楊梅,01H-061.0S,24.96525,121.209867,2.0,10,-1,1043.0
楊梅,01H-061.0S,24.96525,121.209867,2.0,11,-1,1043.0
楊梅,03F-069.8SN,24.856558,121.208581,3.0,5,-1,1666.0
楊梅,03F-069.8SN,24.856558,121.208581,3.0,6,-1,1666.0
楊梅,03F-069.8SN,24.856558,121.208581,3.0,7,-1,1704.0
楊梅,03F-069.8SN,24.856558,121.208581,3.0,8,-1,1704.0
楊梅,03F-069.8SN,24.856558,121.208581,3.0,9,-1,1760.5
楊梅,03F-069.8SN,24.856558,121.208581,3.0,10,-1,1760.5
楊梅,03F-069.8SN,24.856558,121.208581,3.0,11,-1,1605.0
楊梅,03F-069.8SN,24.856558,121.208581,3.0,12,-1,1605.0
楊梅,03F-074.6SN,24.816364,121.200339,3.0,5,-1,2058.5
楊梅,03F-074.6SN,24.816364,121.200339,3.0,6,-1,2058.5
楊梅,03F-074.6SN,24.816364,121.200339,3.0,7,-1,2189.0
楊梅,03F-074.6SN,24.816364,121.200339,3.0,8,-1,2189.0
楊梅,03F-074.6SN,24.816364,121.200339,3.0,9,-1,2212.0
楊梅,03F-074.6SN,24.816364,121.200339,3.0,10,-1,2212.0
楊梅,03F-074.6SN,24.816364,121.200339,3.0,11,-1,1780.0
楊梅,03F-074.6SN,24.816364,121.200339,3.0,12,-1,1780.0
楊梅,03F-078.3SN,24.797339,121.179128,3.0,3,-1,1758.5
楊梅,03F-078.3SN,24.797339,121.179128,3.0,4,-1,1758.5
楊梅,03F-078.3SN,24.797339,121.179128,3.0,5,-1,1697.0
楊梅,03F-078.3SN,24.797339,121.179128,3.0,6,-1,1697.0
楊梅,03F-078.3SN,24.797339,121.179128,3.0,7,-1,1869.0
楊梅,03F-078.3SN,24.797339,121.179128,3.0,8,-1,1869.0
楊梅,03F-078.3SN,24.797339,121.179128,3.0,9,-1,1781.5
楊梅,03F-078.3SN,24.797339,121.179128,3.0,10,-1,1781.5
楊梅,03F-084.6SN,24.791439,121.125997,3.0,4,-1,1792.5
楊梅,03F-084.6SN,24.791439,121.125997,3.0,5,-1,1792.5
楊梅,03F-084.6SN,24.791439,121.125997,3.0,6,-1,1900.0
楊梅,03F-084.6SN,24.791439,121.125997,3.0,7,-1,1900.0
楊梅,03F-084.6SN,24.791439,121.125997,3.0,8,-1,1842.5
楊梅,03F-084.6SN,24.791439,121.125997,3.0,9,-1,1842.5
楊梅,03F-084.6SN,24.791439,121.125997,3.0,10,-1,1719.0
楊梅,03F-084.6SN,24.791439,121.125997,3.0,11,-1,1719.0
楊梅,03F-096.1SN,24.758442,121.030425,3.0,3,-1,1789.5
楊梅,03F-096.1SN,24.758442,121.030425,3.0,4,-1,1789.5
楊梅,03F-096.1SN,24.758442,121.030425,3.0,5,-1,1857.5
楊梅,03F-096.1SN,24.758442,121.030425,3.0,6,-1,1857.5
楊梅,03F-096.1SN,24.758442,121.030425,3.0,7,-1,1897.0
楊梅,03F-096.1SN,24.758442,121.030425,3.0,8,-1,1897.0
楊梅,03F-096.1SN,24.758442,121.030425,3.0,9,-1,1844.5
楊梅,03F-096.1SN,24.758442,121.030425,3.0,10,-1,1844.5
楊梅,03F-096.1SN,24.758442,121.030425,3.0,11,-1,1519.5
楊梅,03F-096.1SN,24.758442,121.030425,3.0,12,-1,1519.5
楊梅,03F-099.6SN,24.755811,120.997269,4.0,4,-1,1951.5
楊梅,03F-099.6SN,24.755811,120.997269,4.0,5,-1,1951.5
楊梅,03F-099.6SN,24.755811,120.997269,4.0,6,-1,1982.0
楊梅,03F-099.6SN,24.755811,120.997269,4.0,7,-1,1982.0
楊梅,03F-099.6SN,24.755811,120.997269,4.0,8,-1,2008.0
楊梅,03F-099.6SN,24.755811,120.997269,4.0,9,-1,2008.0
楊梅,03F-099.6SN,24.755811,120.997269,4.0,10,-1,1844.0
楊梅,03F-099.6SN,24.755811,120.997269,4.0,11,-1,1844.0
楊梅,03F-102.2N,24.757914,120.972267,3.0,5,-1,1607.0
楊梅,03F-102.2N,24.757914,120.972267,3.0,6,-1,1607.0
楊梅,03F-102.2N,24.757914,120.972267,3.0,7,-1,1818.0
楊梅,03F-102.2N,24.757914,120.972267,3.0,8,-1,1818.0
楊梅,03F-102.2N,24.757914,120.972267,3.0,9,-1,1616.0
楊梅,03F-102.2N,24.757914,120.972267,3.0,10,-1,1616.0
楊梅,03F-102.2N,24.757914,120.972267,3.0,11,-1,1554.5
楊梅,03F-102.2N,24.757914,120.972267,3.0,12,-1,1554.5
楊梅,03F-105.1SN,24.753094,120.945675,3.0,4,-1,1652.5
楊梅,03F-105.1SN,24.753094,120.945675,3.0,5,-1,1652.5
楊梅,03F-105.1SN,24.753094,120.945675,3.0,6,-1,1753.5
楊梅,03F-105.1SN,24.753094,120.945675,3.0,7,-1,1753.5
楊梅,03F-105.1SN,24.753094,120.945675,3.0,8,-1,1724.5
楊梅,03F-105.1SN,24.753094,120.945675,3.0,9,-1,1724.5
楊梅,03F-105.1SN,24.753094,120.945675,3.0,10,-1,1575.0
楊梅,03F-105.1SN,24.753094,120.945675,3.0,11,-1,1575.0
樹林,03A-001.5SN,25.011819,121.562375,2.0,4,0,1420.0
樹林,03A-001.5SN,25.011819,121.562375,2.0,5,0,1420.0
樹林,03A-001.5SN,25.011819,121.562375,2.0,6,0,1434.5
樹林,03A-001.5SN,25.011819,121.562375,2.0,7,0,1434.5
樹林,03A-001.5SN,25.011819,121.562375,2.0,8,0,1430.5
樹林,03A-001.5SN,25.011819,121.562375,2.0,9,0,1430.5
樹林,03A-001.5SN,25.011819,121.562375,2.0,10,0,1337.5
樹林,03A-001.5SN,25.011819,121.562375,2.0,11,0,1337.5
樹林,03A-004.1SN,25.003864,121.586039,2.0,3,0,1548.0
樹林,03A-004.1SN,25.003864,121.586039,2.0,4,0,1548.0
樹林,03A-004.1SN,25.003864,121.586039,2.0,5,0,1405.0
樹林,03A-004.1SN,25.003864,121.586039,2.0,6,0,1405.0
樹林,03A-004.1SN,25.003864,121.586039,2.0,7,0,1638.5
樹林,03A-004.1SN,25.003864,121.586039,2.0,8,0,1638.5
樹林,03A-004.1SN,25.003864,121.586039,2.0,9,0,1441.0
樹林,03A-004.1SN,25.003864,121.586039,2.0,10,0,1441.0
樹林,03F-000.6S,25.137106,121.708908,3.0,4,0,1076.5
樹林,03F-000.6S,25.137106,121.708908,3.0,5,0,1076.5
樹林,03F-000.6S,25.137106,121.708908,3.0,6,0,1126.5
樹林,03F-000.6S,25.137106,121.708908,3.0,7,0,1126.5
樹林,03F-000.6S,25.137106,121.708908,3.0,8,0,1068.5
樹林,03F-000.6S,25.137106,121.708908,3.0,9,0,1068.5
樹林,03F-000.6S,25.137106,121.708908,3.0,10,0,1039.0
樹林,03F-000.6S,25.137106,121.708908,3.0,11,0,1039.0
樹林,03F-002.1N,25.129514,121.698631,3.0,4,0,1033.5
樹林,03F-002.1N,25.129514,121.698631,3.0,5,0,1033.5
樹林,03F-002.1N,25.129514,121.698631,3.0,6,0,1149.0
樹林,03F-002.1N,25.129514,121.698631,3.0,7,0,1149.0
樹林,03F-002.1N,25.129514,121.698631,3.0,8,0,1100.5
樹林,03F-002.1N,25.129514,121.698631,3.0,9,0,1100.5
樹林,03F-002.1N,25.129514,121.698631,3.0,10,0,1044.0
樹林,03F-002.1N,25.129514,121.698631,3.0,11,0,1044.0
樹林,03F-005.4N,25.103747,121.681789,3.0,4,0,1072.5
樹林,03F-005.4N,25.103747,121.681789,3.0,5,0,1072.5
樹林,03F-005.4N,25.103747,121.681789,3.0,6,0,1191.5
樹林,03F-005.4N,25.103747,121.681789,3.0,7,0,1191.5
樹林,03F-005.4N,25.103747,121.681789,3.0,8,0,1150.0
樹林,03F-005.4N,25.103747,121.681789,3.0,9,0,1150.0
樹林,03F-005.4N,25.103747,121.681789,3.0,10,0,1179.5
樹林,03F-005.4N,25.103747,121.681789,3.0,11,0,1179.5
樹林,03F-008.7S,25.089994,121.653556,3.0,4,0,755.0
樹林,03F-008.7S,25.089994,121.653556,3.0,5,0,755.0
樹林,03F-008.7S,25.089994,121.653556,3.0,6,0,1685.5
樹林,03F-008.7S,25.089994,121.653556,3.0,7,0,1685.5
樹林,03F-008.7S,25.089994,121.653556,3.0,8,0,1034.5
樹林,03F-008.7S,25.089994,121.653556,3.0,9,0,1034.5
樹林,03F-008.7S,25.089994,121.653556,3.0,10,0,1052.0
樹林,03F-008.7S,25.089994,121.653556,3.0,11,0,1052.0
樹林,03F-011.6SN,25.065611,121.643467,3.0,5,0,1627.5
樹林,03F-011.6SN,25.065611,121.643467,3.0,6,0,1627.5
樹林,03F-011.6SN,25.065611,121.643467,3.0,7,0,1725.5
樹林,03F-011.6SN,25.065611,121.643467,3.0,8,0,1725.5
樹林,03F-011.6SN,25.065611,121.643467,3.0,9,0,1669.0
樹林,03F-011.6SN,25.065611,121.643467,3.0,10,0,1669.0
樹林,03F-011.6SN,25.065611,121.643467,3.0,11,0,1486.0
樹林,03F-011.6SN,25.065611,121.643467,3.0,12,0,1486.0
樹林,03F-013.6S,25.052742,121.631281,4.0,4,0,1189.0
樹林,03F-013.6S,25.052742,121.631281,4.0,5,0,1189.0
樹林,03F-013.6S,25.052742,121.631281,4.0,6,0,1223.0
樹林,03F-013.6S,25.052742,121.631281,4.0,7,0,1223.0
樹林,03F-013.6S,25.052742,121.631281,4.0,8,0,1174.5
樹林,03F-013.6S,25.052742,121.631281,4.0,9,0,1174.5
樹林,03F-013.6S,25.052742,121.631281,4.0,10,0,1136.5
樹林,03F-013.6S,25.052742,121.631281,4.0,11,0,1136.5
樹林,03F-014.0N,25.050319,121.628156,4.0,4,0,1088.5
樹林,03F-014.0N,25.050319,121.628156,4.0,5,0,1088.5
樹林,03F-014.0N,25.050319,121.628156,4.0,6,0,1127.5
樹林,03F-014.0N,25.050319,121.628156,4.0,7,0,1127.5
樹林,03F-014.0N,25.050319,121.628156,4.0,8,0,1079.0
樹林,03F-014.0N,25.050319,121.628156,4.0,9,0,1079.0
樹林,03F-014.0N,25.050319,121.628156,4.0,10,0,1055.5
樹林,03F-014.0N,25.050319,121.628156,4.0,11,0,1055.5
樹林,03F-015.0N,25.042389,121.624789,5.0,4,0,1184.0
樹林,03F-015.0N,25.042389,121.624789,5.0,5,0,1184.0
樹林,03F-015.0N,25.042389,121.624789,5.0,6,0,1231.5
樹林,03F-015.0N,25.042389,121.624789,5.0,7,0,1231.5
樹林,03F-015.0N,25.042389,121.624789,5.0,8,0,1230.5
樹林,03F-015.0N,25.042389,121.624789,5.0,9,0,1230.5
樹林,03F-015.0N,25.042389,121.624789,5.0,10,0,1109.0
樹林,03F-015.0N,25.042389,121.624789,5.0,11,0,1109.0
樹林,03F-015.8S,25.036533,121.621386,4.0,4,0,1261.5
樹林,03F-015.8S,25.036533,121.621386,4.0,5,0,1261.5
樹林,03F-015.8S,25.036533,121.621386,4.0,6,0,1318.5
樹林,03F-015.8S,25.036533,121.621386,4.0,7,0,1318.5
樹林,03F-015.8S,25.036533,121.621386,4.0,8,0,1294.5
樹林,03F-015.8S,25.036533,121.621386,4.0,9,0,1294.5
樹林,03F-015.8S,25.036533,121.621386,4.0,10,0,1178.5
樹林,03F-015.8S,25.036533,121.621386,4.0,11,0,1178.5
樹林,03F-030.1SN,24.96255,121.530572,3.0,4,0,1732.5
樹林,03F-030.1SN,24.96255,121.530572,3.0,5,0,1732.5
樹林,03F-030.1SN,24.96255,121.530572,3.0,5,0,2268.0
樹林,03F-030.1SN,24.96255,121.530572,3.0,5,0,2010.0
樹林,03F-030.1SN,24.96255,121.530572,3.0,6,0,1839.0
樹林,03F-030.1SN,24.96255,121.530572,3.0,6,0,2268.0
樹林,03F-030.1SN,24.96255,121.530572,3.0,6,0,2010.0
樹林,03F-030.1SN,24.96255,121.530572,3.0,7,0,1839.0
樹林,03F-030.1SN,24.96255,121.530572,3.0,7,0,2399.5
樹林,03F-030.1SN,24.96255,121.530572,3.0,7,0,2160.5
樹林,03F-030.1SN,24.96255,121.530572,3.0,8,0,1763.5
樹林,03F-030.1SN,24.96255,121.530572,3.0,8,0,2399.5
樹林,03F-030.1SN,24.96255,121.530572,3.0,8,0,2160.5
樹林,03F-030.1SN,24.96255,121.530572,3.0,9,0,1763.5
樹林,03F-030.1SN,24.96255,121.530572,3.0,9,0,2310.5
樹林,03F-030.1SN,24.96255,121.530572,3.0,9,0,2090.0
樹林,03F-030.1SN,24.96255,121.530572,3.0,10,0,1739.5
樹林,03F-030.1SN,24.96255,121.530572,3.0,10,0,2310.5
樹林,03F-030.1SN,24.96255,121.530572,3.0,10,0,2090.0
樹林,03F-030.1SN,24.96255,121.530572,3.0,11,0,1739.5
樹林,03F-030.1SN,24.96255,121.530572,3.0,11,0,2028.0
樹林,03F-030.1SN,24.96255,121.530572,3.0,11,0,1902.0
樹林,03F-030.1SN,24.96255,121.530572,3.0,12,0,2028.0
樹林,03F-030.1SN,24.96255,121.530572,3.0,12,0,1902.0
樹林,03F-033.7S,24.978881,121.502381,3.0,4,0,1129.0
樹林,03F-033.7S,24.978881,121.502381,3.0,5,0,1129.0
樹林,03F-033.7S,24.978881,121.502381,3.0,6,0,1156.5
樹林,03F-033.7S,24.978881,121.502381,3.0,7,0,1156.5
樹林,03F-033.7S,24.978881,121.502381,3.0,8,0,1139.0
樹林,03F-033.7S,24.978881,121.502381,3.0,9,0,1139.0
樹林,03F-033.7S,24.978881,121.502381,3.0,10,0,1044.0
樹林,03F-033.7S,24.978881,121.502381,3.0,11,0,1044.0
樹林,03F-033.8N,24.978586,121.501744,3.0,4,0,1131.5
樹林,03F-033.8N,24.978586,121.501744,3.0,5,0,1131.5
樹林,03F-033.8N,24.978586,121.501744,3.0,6,0,1143.0
樹林,03F-033.8N,24.978586,121.501744,3.0,7,0,1143.0
樹林,03F-033.8N,24.978586,121.501744,3.0,8,0,1129.0
樹林,03F-033.8N,24.978586,121.501744,3.0,9,0,1129.0
樹林,03F-033.8N,24.978586,121.501744,3.0,10,0,1040.5
樹林,03F-033.8N,24.978586,121.501744,3.0,11,0,1040.5
樹林,03F-039.4SN,24.975247,121.454925,4.0,3,0,1969.5
樹林,03F-039.4SN,24.975247,121.454925,4.0,3,0,2777.0
樹林,03F-039.4SN,24.975247,121.454925,4.0,4,0,1969.5
樹林,03F-039.4SN,24.975247,121.454925,4.0,4,0,2777.0
樹林,03F-039.4SN,24.975247,121.454925,4.0,5,0,1870.0
樹林,03F-039.4SN,24.975247,121.454925,4.0,5,0,2414.0
樹林,03F-039.4SN,24.975247,121.454925,4.0,6,0,1870.0
樹林,03F-039.4SN,24.975247,121.454925,4.0,6,0,2414.0
樹林,03F-039.4SN,24.975247,121.454925,4.0,7,0,2056.0
樹林,03F-039.4SN,24.975247,121.454925,4.0,7,0,2702.5
樹林,03F-039.4SN,24.975247,121.454925,4.0,8,0,2056.0
樹林,03F-039.4SN,24.975247,121.454925,4.0,8,0,2702.5
樹林,03F-039.4SN,24.975247,121.454925,4.0,9,0,1992.5
樹林,03F-039.4SN,24.975247,121.454925,4.0,9,0,2165.5
樹林,03F-039.4SN,24.975247,121.454925,4.0,10,0,1992.5
樹林,03F-039.4SN,24.975247,121.454925,4.0,10,0,2165.5
樹林,03F-049.8SN,24.943825,121.365275,4.0,3,-1,1926.5
樹林,03F-049.8SN,24.943825,121.365275,4.0,4,-1,1926.5
樹林,03F-049.8SN,24.943825,121.365275,4.0,5,-1,1861.0
樹林,03F-049.8SN,24.943825,121.365275,4.0,6,-1,1861.0
樹林,03F-049.8SN,24.943825,121.365275,4.0,7,-1,1977.0
樹林,03F-049.8SN,24.943825,121.365275,4.0,8,-1,1977.0
樹林,03F-049.8SN,24.943825,121.365275,4.0,9,-1,1825.5
樹林,03F-049.8SN,24.943825,121.365275,4.0,10,-1,1825.5
樹林,03F-052.5SN,24.936025,121.3419,4.0,4,-1,2025.5
樹林,03F-052.5SN,24.936025,121.3419,4.0,5,-1,2025.5
樹林,03F-052.5SN,24.936025,121.3419,4.0,6,-1,2077.5
樹林,03F-052.5SN,24.936025,121.3419,4.0,7,-1,2077.5
樹林,03F-052.5SN,24.936025,121.3419,4.0,8,-1,1962.0
樹林,03F-052.5SN,24.936025,121.3419,4.0,9,-1,1962.0
樹林,03F-052.5SN,24.936025,121.3419,4.0,10,-1,2069.0
樹林,03F-052.5SN,24.936025,121.3419,4.0,11,-1,2069.0
樹林,03F-055.9SN,24.930225,121.312458,4.0,4,-1,1885.0
樹林,03F-055.9SN,24.930225,121.312458,4.0,5,-1,1885.0
樹林,03F-055.9SN,24.930225,121.312458,4.0,6,-1,1982.0
樹林,03F-055.9SN,24.930225,121.312458,4.0,7,-1,1982.0
樹林,03F-055.9SN,24.930225,121.312458,4.0,8,-1,1983.0
樹林,03F-055.9SN,24.930225,121.312458,4.0,9,-1,1983.0
樹林,03F-055.9SN,24.930225,121.312458,4.0,10,-1,1884.0
樹林,03F-055.9SN,24.930225,121.312458,4.0,11,-1,1884.0
樹林,03F-064.8SN,24.878792,121.250839,3.0,3,-1,1795.5
樹林,03F-064.8SN,24.878792,121.250839,3.0,4,-1,1795.5
樹林,03F-064.8SN,24.878792,121.250839,3.0,5,-1,1782.0
樹林,03F-064.8SN,24.878792,121.250839,3.0,6,-1,1782.0
樹林,03F-064.8SN,24.878792,121.250839,3.0,7,-1,908.5
樹林,03F-064.8SN,24.878792,121.250839,3.0,8,-1,908.5
樹林,03F-064.8SN,24.878792,121.250839,3.0,9,-1,20.0
樹林,03F-064.8SN,24.878792,121.250839,3.0,10,-1,20.0
樹林,05F-000.0S,25.035183,121.623019,3.0,4,0,1032.0
樹林,05F-000.0S,25.035183,121.623019,3.0,5,0,1032.0
樹林,05F-000.0S,25.035183,121.623019,3.0,6,0,1147.5
樹林,05F-000.0S,25.035183,121.623019,3.0,7,0,1147.5
樹林,05F-000.0S,25.035183,121.623019,3.0,8,0,1020.0
樹林,05F-000.0S,25.035183,121.623019,3.0,9,0,1020.0
樹林,05F-000.0S,25.035183,121.623019,3.0,10,0,1009.5
樹林,05F-000.0S,25.035183,121.623019,3.0,11,0,1009.5
樹林,05F-000.1N,25.035036,121.624719,3.0,4,0,975.5
樹林,05F-000.1N,25.035036,121.624719,3.0,5,0,975.5
樹林,05F-000.1N,25.035036,121.624719,3.0,6,0,1047.0
樹林,05F-000.1N,25.035036,121.624719,3.0,7,0,1047.0
樹林,05F-000.1N,25.035036,121.624719,3.0,8,0,1036.0
樹林,05F-000.1N,25.035036,121.624719,3.0,9,0,1036.0
樹林,05F-000.1N,25.035036,121.624719,3.0,10,0,962.0
樹林,05F-000.1N,25.035036,121.624719,3.0,11,0,962.0
樹林,05F-005.5SN,24.996503,121.652086,3.0,4,0,1576.5
樹林,05F-005.5SN,24.996503,121.652086,3.0,5,0,1576.5
樹林,05F-005.5SN,24.996503,121.652086,3.0,6,0,1621.5
樹林,05F-005.5SN,24.996503,121.652086,3.0,7,0,1621.5
樹林,05F-005.5SN,24.996503,121.652086,3.0,8,0,1607.0
樹林,05F-005.5SN,24.996503,121.652086,3.0,9,0,1607.0
樹林,05F-005.5SN,24.996503,121.652086,3.0,10,0,1460.0
樹林,05F-005.5SN,24.996503,121.652086,3.0,11,0,1460.0
樹林,05F-028.7SN,24.842714,121.789183,2.0,3,0,1581.5
樹林,05F-028.7SN,24.842714,121.789183,2.0,4,0,1581.5
樹林,05F-028.7SN,24.842714,121.789183,2.0,5,0,1512.5
樹林,05F-028.7SN,24.842714,121.789183,2.0,6,0,1512.5
樹林,05F-028.7SN,24.842714,121.789183,2.0,7,0,1691.5
樹林,05F-028.7SN,24.842714,121.789183,2.0,8,0,1691.5
樹林,05F-028.7SN,24.842714,121.789183,2.0,9,0,1532.5
樹林,05F-028.7SN,24.842714,121.789183,2.0,10,0,1532.5
樹林,05F-030.9SN,24.823656,121.786347,2.0,4,0,1590.5
樹林,05F-030.9SN,24.823656,121.786347,2.0,5,0,1590.5
樹林,05F-030.9SN,24.823656,121.786347,2.0,6,0,1709.0
樹林,05F-030.9SN,24.823656,121.786347,2.0,7,0,1709.0
樹林,05F-030.9SN,24.823656,121.786347,2.0,8,0,1727.5
樹林,05F-030.9SN,24.823656,121.786347,2.0,9,0,1727.5
樹林,05F-030.9SN,24.823656,121.786347,2.0,10,0,1603.0
樹林,05F-030.9SN,24.823656,121.786347,2.0,11,0,1603.0
樹林,05F-043.8N,24.711028,121.789478,2.0,4,0,981.0
樹林,05F-043.8N,24.711028,121.789478,2.0,5,0,981.0
樹林,05F-043.8N,24.711028,121.789478,2.0,6,0,1119.0
樹林,05F-043.8N,24.711028,121.789478,2.0,7,0,1119.0
樹林,05F-043.8N,24.711028,121.789478,2.0,8,0,1058.0
樹林,05F-043.8N,24.711028,121.789478,2.0,9,0,1058.0
樹林,05F-043.8N,24.711028,121.789478,2.0,10,0,1006.0
樹林,05F-043.8N,24.711028,121.789478,2.0,11,0,1006.0
樹林,05F-043.9S,24.710683,121.789461,2.0,4,0,909.5
樹林,05F-043.9S,24.710683,121.789461,2.0,5,0,909.5
樹林,05F-043.9S,24.710683,121.789461,2.0,6,0,1058.0
樹林,05F-043.9S,24.710683,121.789461,2.0,7,0,1058.0
樹林,05F-043.9S,24.710683,121.789461,2.0,8,0,959.0
樹林,05F-043.9S,24.710683,121.789461,2.0,9,0,959.0
樹林,05F-043.9S,24.710683,121.789461,2.0,10,0,925.5
樹林,05F-043.9S,24.710683,121.789461,2.0,11,0,925.5
樹林,05F-049.4S,24.662581,121.799908,2.0,4,0,1032.0
樹林,05F-049.4S,24.662581,121.799908,2.0,5,0,1032.0
樹林,05F-049.4S,24.662581,121.799908,2.0,6,0,1087.5
樹林,05F-049.4S,24.662581,121.799908,2.0,7,0,1087.5
樹林,05F-049.4S,24.662581,121.799908,2.0,8,0,1048.0
樹林,05F-049.4S,24.662581,121.799908,2.0,9,0,1048.0
樹林,05F-049.4S,24.662581,121.799908,2.0,10,0,975.0
樹林,05F-049.4S,24.662581,121.799908,2.0,11,0,975.0
樹林,05F-052.8N,24.632728,121.806958,2.0,4,0,988.0
樹林,05F-052.8N,24.632728,121.806958,2.0,5,0,988.0
樹林,05F-052.8N,24.632728,121.806958,2.0,6,0,1053.5
樹林,05F-052.8N,24.632728,121.806958,2.0,7,0,1053.5
樹林,05F-052.8N,24.632728,121.806958,2.0,8,0,971.5
樹林,05F-052.8N,24.632728,121.806958,2.0,9,0,971.5
樹林,05F-052.8N,24.632728,121.806958,2.0,10,0,979.0
樹林,05F-052.8N,24.632728,121.806958,2.0,11,0,979.0
樹林,05F-R11.3SN,24.733789,121.782022,1.0,3,0,1595.5
樹林,05F-R11.3SN,24.733789,121.782022,1.0,4,0,1595.5
樹林,05F-R11.3SN,24.733789,121.782022,1.0,5,0,1537.5
樹林,05F-R11.3SN,24.733789,121.782022,1.0,6,0,1537.5
樹林,05F-R11.3SN,24.733789,121.782022,1.0,7,0,1702.5
樹林,05F-R11.3SN,24.733789,121.782022,1.0,8,0,1702.5
樹林,05F-R11.3SN,24.733789,121.782022,1.0,9,0,1592.5
樹林,05F-R11.3SN,24.733789,121.782022,1.0,10,0,1592.5
泰山,01F-000.5N,25.11831111,121.7316361,2.0,4,0,909.5
泰山,01F-000.5N,25.11831111,121.7316361,2.0,5,0,909.5
泰山,01F-000.5N,25.11831111,121.7316361,2.0,6,0,1009.5
泰山,01F-000.5N,25.11831111,121.7316361,2.0,7,0,1009.5
泰山,01F-000.5N,25.11831111,121.7316361,2.0,8,0,1428.5
泰山,01F-000.5N,25.11831111,121.7316361,2.0,9,0,1428.5
泰山,01F-000.5N,25.11831111,121.7316361,2.0,10,0,1011.5
泰山,01F-000.5N,25.11831111,121.7316361,2.0,11,0,1011.5
泰山,01F-000.5S,25.11878611,121.7317639,2.0,4,0,906.5
泰山,01F-000.5S,25.11878611,121.7317639,2.0,5,0,906.5
泰山,01F-000.5S,25.11878611,121.7317639,2.0,6,0,980.0
泰山,01F-000.5S,25.11878611,121.7317639,2.0,7,0,980.0
泰山,01F-000.5S,25.11878611,121.7317639,2.0,8,0,1403.5
泰山,01F-000.5S,25.11878611,121.7317639,2.0,9,0,1403.5
泰山,01F-000.5S,25.11878611,121.7317639,2.0,10,0,971.0
泰山,01F-000.5S,25.11878611,121.7317639,2.0,11,0,971.0
泰山,01F-001.7SN,25.10956667,121.7259056,2.0,4,0,1638.0
泰山,01F-001.7SN,25.10956667,121.7259056,2.0,5,0,1638.0
泰山,01F-001.7SN,25.10956667,121.7259056,2.0,6,0,1517.5
泰山,01F-001.7SN,25.10956667,121.7259056,2.0,7,0,1517.5
泰山,01F-001.7SN,25.10956667,121.7259056,2.0,8,0,1723.5
泰山,01F-001.7SN,25.10956667,121.7259056,2.0,9,0,1723.5
泰山,01F-001.7SN,25.10956667,121.7259056,2.0,10,0,1467.0
泰山,01F-001.7SN,25.10956667,121.7259056,2.0,11,0,1467.0
泰山,01F-002.9SN,25.10283611,121.7178556,2.0,4,0,1593.0
泰山,01F-002.9SN,25.10283611,121.7178556,2.0,5,0,1593.0
泰山,01F-002.9SN,25.10283611,121.7178556,2.0,6,0,1634.5
泰山,01F-002.9SN,25.10283611,121.7178556,2.0,7,0,1634.5
泰山,01F-002.9SN,25.10283611,121.7178556,2.0,8,0,1629.0
泰山,01F-002.9SN,25.10283611,121.7178556,2.0,9,0,1629.0
泰山,01F-002.9SN,25.10283611,121.7178556,2.0,10,0,1495.0
泰山,01F-002.9SN,25.10283611,121.7178556,2.0,11,0,1495.0
泰山,01F-006.1SN,25.0882722,121.6936444,4.0,4,0,1788.5
泰山,01F-006.1SN,25.0882722,121.6936444,4.0,5,0,1788.5
泰山,01F-006.1SN,25.0882722,121.6936444,4.0,6,0,1902.0
泰山,01F-006.1SN,25.0882722,121.6936444,4.0,7,0,1902.0
泰山,01F-006.1SN,25.0882722,121.6936444,4.0,8,0,1810.5
泰山,01F-006.1SN,25.0882722,121.6936444,4.0,9,0,1810.5
泰山,01F-006.1SN,25.0882722,121.6936444,4.0,10,0,1799.0
泰山,01F-006.1SN,25.0882722,121.6936444,4.0,11,0,1799.0
泰山,01F-009.9SN,25.07604444,121.6594222,3.0,4,0,2477.0
泰山,01F-009.9SN,25.07604444,121.6594222,3.0,5,0,2477.0
泰山,01F-009.9SN,25.07604444,121.6594222,3.0,6,0,2663.5
泰山,01F-009.9SN,25.07604444,121.6594222,3.0,7,0,2663.5
泰山,01F-009.9SN,25.07604444,121.6594222,3.0,8,0,2376.5
泰山,01F-009.9SN,25.07604444,121.6594222,3.0,9,0,2376.5
泰山,01F-009.9SN,25.07604444,121.6594222,3.0,10,0,2368.5
泰山,01F-009.9SN,25.07604444,121.6594222,3.0,11,0,2368.5
泰山,01F-014.7SN,25.06564444,121.6135194,2.0,4,0,1609.5
泰山,01F-014.7SN,25.06564444,121.6135194,2.0,5,0,1609.5
泰山,01F-014.7SN,25.06564444,121.6135194,2.0,6,0,1652.5
泰山,01F-014.7SN,25.06564444,121.6135194,2.0,7,0,1652.5
泰山,01F-014.7SN,25.06564444,121.6135194,2.0,8,0,1530.5
泰山,01F-014.7SN,25.06564444,121.6135194,2.0,9,0,1530.5
泰山,01F-014.7SN,25.06564444,121.6135194,2.0,10,0,1537.0
泰山,01F-014.7SN,25.06564444,121.6135194,2.0,11,0,1537.0
泰山,01F-015.3SN,25.064911,121.607778,3.0,4,0,2147.5
泰山,01F-015.3SN,25.064911,121.607778,3.0,5,0,2147.5
泰山,01F-015.3SN,25.064911,121.607778,3.0,6,0,1674.5
泰山,01F-015.3SN,25.064911,121.607778,3.0,7,0,1674.5
泰山,01F-015.3SN,25.064911,121.607778,3.0,8,0,1680.5
泰山,01F-015.3SN,25.064911,121.607778,3.0,9,0,1680.5
泰山,01F-015.3SN,25.064911,121.607778,3.0,10,0,1536.5
泰山,01F-015.3SN,25.064911,121.607778,3.0,11,0,1536.5
泰山,01F-018.2S,25.06898611,121.5802306,2.0,3,0,1119.5
泰山,01F-018.2S,25.06898611,121.5802306,2.0,4,0,1119.5
泰山,01F-018.2S,25.06898611,121.5802306,2.0,5,0,1053.0
泰山,01F-018.2S,25.06898611,121.5802306,2.0,6,0,1053.0
泰山,01F-018.2S,25.06898611,121.5802306,2.0,7,0,1176.0
泰山,01F-018.2S,25.06898611,121.5802306,2.0,8,0,1176.0
泰山,01F-018.2S,25.06898611,121.5802306,2.0,9,0,1116.0
泰山,01F-018.2S,25.06898611,121.5802306,2.0,10,0,1116.0
泰山,01F-021.3N,25.073053,121.550358,2.0,5,0,1143.5
泰山,01F-021.3N,25.073053,121.550358,2.0,6,0,1143.5
泰山,01F-021.3N,25.073053,121.550358,2.0,7,0,1214.0
泰山,01F-021.3N,25.073053,121.550358,2.0,8,0,1214.0
泰山,01F-021.3N,25.073053,121.550358,2.0,9,0,1203.0
泰山,01F-021.3N,25.073053,121.550358,2.0,10,0,1203.0
泰山,01F-021.3N,25.073053,121.550358,2.0,11,0,1043.5
泰山,01F-021.3N,25.073053,121.550358,2.0,12,0,1043.5
泰山,01F-023.3N,25.07301944,121.5307028,4.0,5,0,1226.5
泰山,01F-023.3N,25.07301944,121.5307028,4.0,6,0,1226.5
泰山,01F-023.3N,25.07301944,121.5307028,4.0,7,0,1336.0
泰山,01F-023.3N,25.07301944,121.5307028,4.0,8,0,1336.0
泰山,01F-023.3N,25.07301944,121.5307028,4.0,9,0,1302.5
泰山,01F-023.3N,25.07301944,121.5307028,4.0,10,0,1302.5
泰山,01F-023.3N,25.07301944,121.5307028,4.0,11,0,1147.0
泰山,01F-023.3N,25.07301944,121.5307028,4.0,12,0,1147.0
泰山,01F-024.8S,25.07763056,121.5166028,4.0,3,0,1317.0
泰山,01F-024.8S,25.07763056,121.5166028,4.0,4,0,1317.0
泰山,01F-024.8S,25.07763056,121.5166028,4.0,5,0,1249.0
泰山,01F-024.8S,25.07763056,121.5166028,4.0,6,0,1249.0
泰山,01F-024.8S,25.07763056,121.5166028,4.0,7,0,1348.5
泰山,01F-024.8S,25.07763056,121.5166028,4.0,8,0,1348.5
泰山,01F-024.8S,25.07763056,121.5166028,4.0,9,0,1328.0
泰山,01F-024.8S,25.07763056,121.5166028,4.0,10,0,1328.0
泰山,01F-025.6N,25.07806667,121.5091056,4.0,3,0,1322.5
泰山,01F-025.6N,25.07806667,121.5091056,4.0,4,0,1322.5
泰山,01F-025.6N,25.07806667,121.5091056,4.0,5,0,1243.0
泰山,01F-025.6N,25.07806667,121.5091056,4.0,6,0,1243.0
泰山,01F-025.6N,25.07806667,121.5091056,4.0,7,0,1325.5
泰山,01F-025.6N,25.07806667,121.5091056,4.0,8,0,1325.5
泰山,01F-025.6N,25.07806667,121.5091056,4.0,9,0,1279.0
泰山,01F-025.6N,25.07806667,121.5091056,4.0,10,0,1279.0
泰山,01F-025.6N,25.07806667,121.5091056,4.0,11,0,1107.5
泰山,01F-025.6N,25.07806667,121.5091056,4.0,12,0,1107.5
泰山,01F-026.4S,25.07746389,121.5013861,4.0,4,0,1199.5
泰山,01F-026.4S,25.07746389,121.5013861,4.0,5,0,1199.5
泰山,01F-026.4S,25.07746389,121.5013861,4.0,6,0,1428.0
泰山,01F-026.4S,25.07746389,121.5013861,4.0,7,0,1428.0
泰山,01F-026.4S,25.07746389,121.5013861,4.0,8,0,1234.0
泰山,01F-026.4S,25.07746389,121.5013861,4.0,9,0,1234.0
泰山,01F-026.4S,25.07746389,121.5013861,4.0,10,0,1271.0
泰山,01F-026.4S,25.07746389,121.5013861,4.0,11,0,1271.0
泰山,01F-029.3SN,25.07479722,121.4729611,4.0,5,0,2044.0
泰山,01F-029.3SN,25.07479722,121.4729611,4.0,6,0,2044.0
泰山,01F-029.3SN,25.07479722,121.4729611,4.0,7,0,2169.5
泰山,01F-029.3SN,25.07479722,121.4729611,4.0,8,0,2169.5
泰山,01F-029.3SN,25.07479722,121.4729611,4.0,9,0,1993.0
泰山,01F-029.3SN,25.07479722,121.4729611,4.0,10,0,1993.0
泰山,01F-029.3SN,25.07479722,121.4729611,4.0,11,0,1940.5
泰山,01F-029.3SN,25.07479722,121.4729611,4.0,12,0,1940.5
泰山,01F-033.9SN,25.068239,121.428764,5.0,4,-1,1412.5
泰山,01F-033.9SN,25.068239,121.428764,5.0,5,-1,1412.5
泰山,01F-033.9SN,25.068239,121.428764,5.0,6,-1,1462.0
泰山,01F-033.9SN,25.068239,121.428764,5.0,7,-1,1462.0
泰山,01F-033.9SN,25.068239,121.428764,5.0,8,-1,1409.0
泰山,01F-033.9SN,25.068239,121.428764,5.0,9,-1,1409.0
泰山,01F-033.9SN,25.068239,121.428764,5.0,10,-1,1384.5
泰山,01F-033.9SN,25.068239,121.428764,5.0,11,-1,1384.5
泰山,01F-034.0N,25.068,121.428056,6.0,3,-1,1376.5
泰山,01F-034.0N,25.068,121.428056,6.0,4,-1,1376.5
泰山,01F-034.0N,25.068,121.428056,6.0,5,-1,1296.0
泰山,01F-034.0N,25.068,121.428056,6.0,6,-1,1296.0
泰山,01F-034.0N,25.068,121.428056,6.0,7,-1,1434.5
泰山,01F-034.0N,25.068,121.428056,6.0,8,-1,1434.5
泰山,01F-034.0N,25.068,121.428056,6.0,9,-1,1396.0
泰山,01F-034.0N,25.068,121.428056,6.0,10,-1,1396.0
泰山,01F-037.6SN,25.058667,121.397306,5.0,3,-1,2065.0
泰山,01F-037.6SN,25.058667,121.397306,5.0,4,-1,2065.0
泰山,01F-037.6SN,25.058667,121.397306,5.0,5,-1,1976.5
泰山,01F-037.6SN,25.058667,121.397306,5.0,6,-1,1976.5
泰山,01F-037.6SN,25.058667,121.397306,5.0,7,-1,2285.0
泰山,01F-037.6SN,25.058667,121.397306,5.0,8,-1,2285.0
泰山,01F-037.6SN,25.058667,121.397306,5.0,9,-1,2047.5
泰山,01F-037.6SN,25.058667,121.397306,5.0,10,-1,2047.5
泰山,01F-041.3SN,25.064969,121.363561,5.0,3,-1,2017.5
泰山,01F-041.3SN,25.064969,121.363561,5.0,4,-1,2017.5
泰山,01F-041.3SN,25.064969,121.363561,5.0,5,-1,1935.5
泰山,01F-041.3SN,25.064969,121.363561,5.0,6,-1,1935.5
泰山,01F-041.3SN,25.064969,121.363561,5.0,7,-1,2149.5
泰山,01F-041.3SN,25.064969,121.363561,5.0,8,-1,2149.5
泰山,01F-041.3SN,25.064969,121.363561,5.0,9,-1,1979.5
泰山,01F-041.3SN,25.064969,121.363561,5.0,10,-1,1979.5
泰山,01F-046.7SN,25.047075,121.317761,4.0,3,-1,2149.0
泰山,01F-046.7SN,25.047075,121.317761,4.0,4,-1,2149.0
泰山,01F-046.7SN,25.047075,121.317761,4.0,5,-1,2021.5
泰山,01F-046.7SN,25.047075,121.317761,4.0,6,-1,2021.5
泰山,01F-046.7SN,25.047075,121.317761,4.0,7,-1,2175.5
泰山,01F-046.7SN,25.047075,121.317761,4.0,8,-1,2175.5
泰山,01F-046.7SN,25.047075,121.317761,4.0,9,-1,2027.5
泰山,01F-046.7SN,25.047075,121.317761,4.0,10,-1,2027.5
泰山,01H-016.3S,25.064006,121.598733,2.0,4,0,1042.5
泰山,01H-016.3S,25.064006,121.598733,2.0,5,0,1042.5
泰山,01H-016.3S,25.064006,121.598733,2.0,6,0,1080.5
泰山,01H-016.3S,25.064006,121.598733,2.0,7,0,1080.5
泰山,01H-016.3S,25.064006,121.598733,2.0,8,0,1065.0
泰山,01H-016.3S,25.064006,121.598733,2.0,9,0,1065.0
泰山,01H-016.3S,25.064006,121.598733,2.0,10,0,969.0
泰山,01H-016.3S,25.064006,121.598733,2.0,11,0,969.0
泰山,01H-017.4N,25.065544,121.588044,2.0,5,0,1066.0
泰山,01H-017.4N,25.065544,121.588044,2.0,6,0,1066.0
泰山,01H-017.4N,25.065544,121.588044,2.0,7,0,1133.5
泰山,01H-017.4N,25.065544,121.588044,2.0,8,0,1133.5
泰山,01H-017.4N,25.065544,121.588044,2.0,9,0,1090.0
泰山,01H-017.4N,25.065544,121.588044,2.0,10,0,1090.0
泰山,01H-017.4N,25.065544,121.588044,2.0,11,0,978.0
泰山,01H-017.4N,25.065544,121.588044,2.0,12,0,978.0
泰山,01H-020.0N,25.070994,121.562519,2.0,4,0,1045.5
泰山,01H-020.0N,25.070994,121.562519,2.0,5,0,1045.5
泰山,01H-020.0N,25.070994,121.562519,2.0,6,0,1090.0
泰山,01H-020.0N,25.070994,121.562519,2.0,7,0,1090.0
泰山,01H-020.0N,25.070994,121.562519,2.0,8,0,1095.0
泰山,01H-020.0N,25.070994,121.562519,2.0,9,0,1095.0
泰山,01H-020.0N,25.070994,121.562519,2.0,10,0,980.0
泰山,01H-020.0N,25.070994,121.562519,2.0,11,0,980.0
泰山,01H-020.6S,25.07275,121.557739,2.0,5,0,1036.5
泰山,01H-020.6S,25.07275,121.557739,2.0,6,0,1036.5
泰山,01H-020.6S,25.07275,121.557739,2.0,7,0,1091.5
泰山,01H-020.6S,25.07275,121.557739,2.0,8,0,1091.5
泰山,01H-020.6S,25.07275,121.557739,2.0,9,0,1070.5
泰山,01H-020.6S,25.07275,121.557739,2.0,10,0,1070.5
泰山,01H-020.6S,25.07275,121.557739,2.0,11,0,951.0
泰山,01H-020.6S,25.07275,121.557739,2.0,12,0,951.0
泰山,01H-020.8N,25.072261,121.555014,2.0,4,0,1045.0
泰山,01H-020.8N,25.072261,121.555014,2.0,5,0,1045.0
泰山,01H-020.8N,25.072261,121.555014,2.0,6,0,1084.0
泰山,01H-020.8N,25.072261,121.555014,2.0,7,0,1084.0
泰山,01H-020.8N,25.072261,121.555014,2.0,8,0,1075.5
泰山,01H-020.8N,25.072261,121.555014,2.0,9,0,1075.5
泰山,01H-020.8N,25.072261,121.555014,2.0,10,0,957.0
泰山,01H-020.8N,25.072261,121.555014,2.0,11,0,957.0
泰山,01H-027.1N,25.075256,121.494019,3.0,4,0,1103.0
泰山,01H-027.1N,25.075256,121.494019,3.0,5,0,1103.0
泰山,01H-027.1N,25.075256,121.494019,3.0,6,0,1249.0
泰山,01H-027.1N,25.075256,121.494019,3.0,7,0,1249.0
泰山,01H-027.1N,25.075256,121.494019,3.0,8,0,1186.0
泰山,01H-027.1N,25.075256,121.494019,3.0,9,0,1186.0
泰山,01H-027.1N,25.075256,121.494019,3.0,10,0,1136.0
泰山,01H-027.1N,25.075256,121.494019,3.0,11,0,1136.0
泰山,01H-030.5S,25.075553,121.460661,4.0,4,0,1184.0
泰山,01H-030.5S,25.075553,121.460661,4.0,5,0,1184.0
泰山,01H-030.5S,25.075553,121.460661,4.0,6,0,1235.0
泰山,01H-030.5S,25.075553,121.460661,4.0,7,0,1235.0
泰山,01H-030.5S,25.075553,121.460661,4.0,8,0,1167.0
泰山,01H-030.5S,25.075553,121.460661,4.0,9,0,1167.0
泰山,01H-030.5S,25.075553,121.460661,4.0,10,0,1186.0
泰山,01H-030.5S,25.075553,121.460661,4.0,11,0,1186.0
泰山,01H-033.3N,25.068147,121.435133,2.0,3,-1,1097.0
泰山,01H-033.3N,25.068147,121.435133,2.0,4,-1,1097.0
泰山,01H-033.3N,25.068147,121.435133,2.0,5,-1,1051.5
泰山,01H-033.3N,25.068147,121.435133,2.0,6,-1,1051.5
泰山,01H-033.3N,25.068147,121.435133,2.0,7,-1,1172.0
泰山,01H-033.3N,25.068147,121.435133,2.0,8,-1,1172.0
泰山,01H-033.3N,25.068147,121.435133,2.0,9,-1,1072.5
泰山,01H-033.3N,25.068147,121.435133,2.0,10,-1,1072.5
泰山,01H-033.4S,25.068728,121.433281,2.0,4,-1,1044.0
泰山,01H-033.4S,25.068728,121.433281,2.0,5,-1,1044.0
泰山,01H-033.4S,25.068728,121.433281,2.0,6,-1,1159.5
泰山,01H-033.4S,25.068728,121.433281,2.0,7,-1,1159.5
泰山,01H-033.4S,25.068728,121.433281,2.0,8,-1,1107.0
泰山,01H-033.4S,25.068728,121.433281,2.0,9,-1,1107.0
泰山,01H-033.4S,25.068728,121.433281,2.0,10,-1,1094.5
泰山,01H-033.4S,25.068728,121.433281,2.0,11,-1,1094.5
泰山,01H-044.7N,25.059242,121.332072,3.0,3,-1,1108.0
泰山,01H-044.7N,25.059242,121.332072,3.0,4,-1,1108.0
泰山,01H-044.7N,25.059242,121.332072,3.0,5,-1,1108.0
泰山,01H-044.7N,25.059242,121.332072,3.0,6,-1,1108.0
泰山,01H-044.7N,25.059242,121.332072,3.0,7,-1,1159.0
泰山,01H-044.7N,25.059242,121.332072,3.0,8,-1,1159.0
泰山,01H-044.7N,25.059242,121.332072,3.0,9,-1,1066.5
泰山,01H-044.7N,25.059242,121.332072,3.0,10,-1,1066.5
泰山,01H-044.7S,25.060125,121.331858,3.0,4,-1,1088.0
泰山,01H-044.7S,25.060125,121.331858,3.0,5,-1,1088.0
泰山,01H-044.7S,25.060125,121.331858,3.0,6,-1,1120.0
泰山,01H-044.7S,25.060125,121.331858,3.0,7,-1,1120.0
泰山,01H-044.7S,25.060125,121.331858,3.0,8,-1,1140.0
泰山,01H-044.7S,25.060125,121.331858,3.0,9,-1,1140.0
泰山,01H-044.7S,25.060125,121.331858,3.0,10,-1,1007.5
泰山,01H-044.7S,25.060125,121.331858,3.0,11,-1,1007.5
泰山,01H-057.9S,24.984094,121.232531,3.0,4,-1,2255.5
泰山,01H-057.9S,24.984094,121.232531,3.0,5,-1,2255.5
泰山,01H-057.9S,24.984094,121.232531,3.0,6,-1,2456.0
泰山,01H-057.9S,24.984094,121.232531,3.0,7,-1,2456.0
泰山,01H-057.9S,24.984094,121.232531,3.0,8,-1,2460.0
泰山,01H-057.9S,24.984094,121.232531,3.0,9,-1,2460.0
泰山,01H-057.9S,24.984094,121.232531,3.0,10,-1,2244.5
泰山,01H-057.9S,24.984094,121.232531,3.0,11,-1,2244.5
田寮,01F-336.6SN,22.892619,120.27215,3.0,4,1,1856.5
田寮,01F-336.6SN,22.892619,120.27215,3.0,5,1,1856.5
田寮,01F-336.6SN,22.892619,120.27215,3.0,6,1,1918.0
田寮,01F-336.6SN,22.892619,120.27215,3.0,7,1,1918.0
田寮,01F-336.6SN,22.892619,120.27215,3.0,8,1,1752.5
田寮,01F-336.6SN,22.892619,120.27215,3.0,9,1,1752.5
田寮,01F-336.6SN,22.892619,120.27215,3.0,10,1,1790.5
田寮,01F-336.6SN,22.892619,120.27215,3.0,11,1,1790.5
田寮,01F-339.8SN,22.867419,120.284989,3.0,4,1,1889.0
田寮,01F-339.8SN,22.867419,120.284989,3.0,5,1,1889.0
田寮,01F-339.8SN,22.867419,120.284989,3.0,6,1,1926.5
田寮,01F-339.8SN,22.867419,120.284989,3.0,7,1,1926.5
田寮,01F-339.8SN,22.867419,120.284989,3.0,8,1,1871.5
田寮,01F-339.8SN,22.867419,120.284989,3.0,9,1,1871.5
田寮,01F-339.8SN,22.867419,120.284989,3.0,10,1,1780.0
田寮,01F-339.8SN,22.867419,120.284989,3.0,11,1,1780.0
田寮,01F-346.0SN,22.818039,120.312731,3.0,4,1,1756.0
田寮,01F-346.0SN,22.818039,120.312731,3.0,5,1,1756.0
田寮,01F-346.0SN,22.818039,120.312731,3.0,6,1,1789.5
田寮,01F-346.0SN,22.818039,120.312731,3.0,7,1,1789.5
田寮,01F-346.0SN,22.818039,120.312731,3.0,8,1,1735.0
田寮,01F-346.0SN,22.818039,120.312731,3.0,9,1,1735.0
田寮,01F-346.0SN,22.818039,120.312731,3.0,10,1,1673.0
田寮,01F-346.0SN,22.818039,120.312731,3.0,11,1,1673.0
田寮,01F-353.5SN,22.752806,120.334056,3.0,4,1,1804.0
田寮,01F-353.5SN,22.752806,120.334056,3.0,5,1,1804.0
田寮,01F-353.5SN,22.752806,120.334056,3.0,6,1,1979.0
田寮,01F-353.5SN,22.752806,120.334056,3.0,7,1,1979.0
田寮,01F-353.5SN,22.752806,120.334056,3.0,8,1,1830.5
田寮,01F-353.5SN,22.752806,120.334056,3.0,9,1,1830.5
田寮,01F-353.5SN,22.752806,120.334056,3.0,10,1,1759.0
田寮,01F-353.5SN,22.752806,120.334056,3.0,11,1,1759.0
田寮,01F-355.9N,22.730903,120.334286,3.0,5,1,1124.5
田寮,01F-355.9N,22.730903,120.334286,3.0,6,1,1124.5
田寮,01F-355.9N,22.730903,120.334286,3.0,7,1,1177.0
田寮,01F-355.9N,22.730903,120.334286,3.0,8,1,1177.0
田寮,01F-355.9N,22.730903,120.334286,3.0,9,1,1153.5
田寮,01F-355.9N,22.730903,120.334286,3.0,10,1,1153.5
田寮,01F-355.9N,22.730903,120.334286,3.0,11,1,1034.5
田寮,01F-355.9N,22.730903,120.334286,3.0,12,1,1034.5
田寮,01F-356.1S,22.728956,120.333764,3.0,5,1,1162.5
田寮,01F-356.1S,22.728956,120.333764,3.0,6,1,1162.5
田寮,01F-356.1S,22.728956,120.333764,3.0,7,1,1222.0
田寮,01F-356.1S,22.728956,120.333764,3.0,8,1,1222.0
田寮,01F-356.1S,22.728956,120.333764,3.0,9,1,1190.0
田寮,01F-356.1S,22.728956,120.333764,3.0,10,1,1190.0
田寮,01F-356.1S,22.728956,120.333764,3.0,11,1,1061.0
田寮,01F-356.1S,22.728956,120.333764,3.0,12,1,1061.0
田寮,01F-359.0SN,22.703364,120.328181,4.0,3,1,2224.0
田寮,01F-359.0SN,22.703364,120.328181,4.0,4,1,2224.0
田寮,01F-359.0SN,22.703364,120.328181,4.0,5,1,2072.5
田寮,01F-359.0SN,22.703364,120.328181,4.0,6,1,2072.5
田寮,01F-359.0SN,22.703364,120.328181,4.0,7,1,2262.5
田寮,01F-359.0SN,22.703364,120.328181,4.0,8,1,2262.5
田寮,01F-359.0SN,22.703364,120.328181,4.0,9,1,2200.0
田寮,01F-359.0SN,22.703364,120.328181,4.0,10,1,2200.0
田寮,01F-364.0SN,22.658892,120.332081,5.0,5,1,2193.0
田寮,01F-364.0SN,22.658892,120.332081,5.0,6,1,2193.0
田寮,01F-364.0SN,22.658892,120.332081,5.0,7,1,2296.0
田寮,01F-364.0SN,22.658892,120.332081,5.0,8,1,2296.0
田寮,01F-364.0SN,22.658892,120.332081,5.0,9,1,2259.5
田寮,01F-364.0SN,22.658892,120.332081,5.0,10,1,2259.5
田寮,01F-364.0SN,22.658892,120.332081,5.0,11,1,2052.5
田寮,01F-364.0SN,22.658892,120.332081,5.0,12,1,2052.5
田寮,01F-367.6SN,22.627819,120.336222,3.0,4,1,1765.5
田寮,01F-367.6SN,22.627819,120.336222,3.0,5,1,1765.5
田寮,01F-367.6SN,22.627819,120.336222,3.0,6,1,1926.0
田寮,01F-367.6SN,22.627819,120.336222,3.0,7,1,1926.0
田寮,01F-367.6SN,22.627819,120.336222,3.0,8,1,1765.5
田寮,01F-367.6SN,22.627819,120.336222,3.0,9,1,1765.5
田寮,01F-367.6SN,22.627819,120.336222,3.0,10,1,1749.5
田寮,01F-367.6SN,22.627819,120.336222,3.0,11,1,1749.5
田寮,01F-368.6SN,22.619119,120.336647,4.0,4,1,1270.0
田寮,01F-368.6SN,22.619119,120.336647,4.0,5,1,1270.0
田寮,01F-368.6SN,22.619119,120.336647,4.0,6,1,1351.5
田寮,01F-368.6SN,22.619119,120.336647,4.0,7,1,1351.5
田寮,01F-368.6SN,22.619119,120.336647,4.0,8,1,1334.5
田寮,01F-368.6SN,22.619119,120.336647,4.0,9,1,1334.5
田寮,01F-368.6SN,22.619119,120.336647,4.0,10,1,1275.5
田寮,01F-368.6SN,22.619119,120.336647,4.0,11,1,1275.5
田寮,01F-369.6N,22.609428,120.339608,4.0,3,1,1361.0
田寮,01F-369.6N,22.609428,120.339608,4.0,4,1,1361.0
田寮,01F-369.6N,22.609428,120.339608,4.0,5,1,1309.5
田寮,01F-369.6N,22.609428,120.339608,4.0,6,1,1309.5
田寮,01F-369.6N,22.609428,120.339608,4.0,7,1,1379.5
田寮,01F-369.6N,22.609428,120.339608,4.0,8,1,1379.5
田寮,01F-369.6N,22.609428,120.339608,4.0,9,1,1334.5
田寮,01F-369.6N,22.609428,120.339608,4.0,10,1,1334.5
田寮,01F-373.6SN,22.581933,120.32315,2.0,4,1,1394.5
田寮,01F-373.6SN,22.581933,120.32315,2.0,5,1,1394.5
田寮,01F-373.6SN,22.581933,120.32315,2.0,6,1,1486.5
田寮,01F-373.6SN,22.581933,120.32315,2.0,7,1,1486.5
田寮,01F-373.6SN,22.581933,120.32315,2.0,8,1,1387.0
田寮,01F-373.6SN,22.581933,120.32315,2.0,9,1,1387.0
田寮,01F-373.6SN,22.581933,120.32315,2.0,10,1,1378.5
田寮,01F-373.6SN,22.581933,120.32315,2.0,11,1,1378.5
田寮,03F-344.5SN,23.085272,120.329033,3.0,3,1,1684.5
田寮,03F-344.5SN,23.085272,120.329033,3.0,4,1,1684.5
田寮,03F-344.5SN,23.085272,120.329033,3.0,5,1,1598.5
田寮,03F-344.5SN,23.085272,120.329033,3.0,6,1,1598.5
田寮,03F-344.5SN,23.085272,120.329033,3.0,7,1,1691.0
田寮,03F-344.5SN,23.085272,120.329033,3.0,8,1,1691.0
田寮,03F-344.5SN,23.085272,120.329033,3.0,9,1,1649.0
田寮,03F-344.5SN,23.085272,120.329033,3.0,10,1,1649.0
田寮,03F-344.5SN,23.085272,120.329033,3.0,11,1,1377.0
田寮,03F-344.5SN,23.085272,120.329033,3.0,12,1,1377.0
田寮,03F-349.6SN,23.040203,120.325172,3.0,3,1,1703.5
田寮,03F-349.6SN,23.040203,120.325172,3.0,4,1,1703.5
田寮,03F-349.6SN,23.040203,120.325172,3.0,5,1,1642.5
田寮,03F-349.6SN,23.040203,120.325172,3.0,6,1,1642.5
田寮,03F-349.6SN,23.040203,120.325172,3.0,7,1,1743.5
田寮,03F-349.6SN,23.040203,120.325172,3.0,8,1,1743.5
田寮,03F-349.6SN,23.040203,120.325172,3.0,9,1,1620.5
田寮,03F-349.6SN,23.040203,120.325172,3.0,10,1,1620.5
田寮,03F-358.8SN,22.969758,120.340164,3.0,4,1,1577.5
田寮,03F-358.8SN,22.969758,120.340164,3.0,5,1,1577.5
田寮,03F-358.8SN,22.969758,120.340164,3.0,6,1,1620.0
田寮,03F-358.8SN,22.969758,120.340164,3.0,7,1,1620.0
田寮,03F-358.8SN,22.969758,120.340164,3.0,8,1,1578.5
田寮,03F-358.8SN,22.969758,120.340164,3.0,9,1,1578.5
田寮,03F-358.8SN,22.969758,120.340164,3.0,10,1,1536.5
田寮,03F-358.8SN,22.969758,120.340164,3.0,11,1,1536.5
田寮,03F-367.0SN,22.901969,120.354767,3.0,4,1,1541.5
田寮,03F-367.0SN,22.901969,120.354767,3.0,5,1,1541.5
田寮,03F-367.0SN,22.901969,120.354767,3.0,6,1,1574.5
田寮,03F-367.0SN,22.901969,120.354767,3.0,7,1,1574.5
田寮,03F-367.0SN,22.901969,120.354767,3.0,8,1,1615.5
田寮,03F-367.0SN,22.901969,120.354767,3.0,9,1,1615.5
田寮,03F-367.0SN,22.901969,120.354767,3.0,10,1,1460.0
田寮,03F-367.0SN,22.901969,120.354767,3.0,11,1,1460.0
田寮,03F-374.3SN,22.845122,120.385428,3.0,3,1,1636.0
田寮,03F-374.3SN,22.845122,120.385428,3.0,4,1,1636.0
田寮,03F-374.3SN,22.845122,120.385428,3.0,5,1,1577.0
田寮,03F-374.3SN,22.845122,120.385428,3.0,6,1,1577.0
田寮,03F-374.3SN,22.845122,120.385428,3.0,7,1,1807.0
田寮,03F-374.3SN,22.845122,120.385428,3.0,8,1,1807.0
田寮,03F-374.3SN,22.845122,120.385428,3.0,9,1,1793.0
田寮,03F-374.3SN,22.845122,120.385428,3.0,10,1,1793.0
田寮,03F-385.4SN,22.769197,120.441839,3.0,4,1,1586.0
田寮,03F-385.4SN,22.769197,120.441839,3.0,5,1,1586.0
田寮,03F-385.4SN,22.769197,120.441839,3.0,6,1,1560.0
田寮,03F-385.4SN,22.769197,120.441839,3.0,7,1,1560.0
田寮,03F-385.4SN,22.769197,120.441839,3.0,8,1,1594.5
田寮,03F-385.4SN,22.769197,120.441839,3.0,9,1,1594.5
田寮,03F-385.4SN,22.769197,120.441839,3.0,10,1,1620.0
田寮,03F-385.4SN,22.769197,120.441839,3.0,11,1,1620.0
田寮,03F-391.6SN,22.749792,120.496839,3.0,3,1,1698.5
田寮,03F-391.6SN,22.749792,120.496839,3.0,4,1,1698.5
田寮,03F-391.6SN,22.749792,120.496839,3.0,5,1,1606.5
田寮,03F-391.6SN,22.749792,120.496839,3.0,6,1,1606.5
田寮,03F-391.6SN,22.749792,120.496839,3.0,7,1,1721.0
田寮,03F-391.6SN,22.749792,120.496839,3.0,8,1,1721.0
田寮,03F-391.6SN,22.749792,120.496839,3.0,9,1,1674.5
田寮,03F-391.6SN,22.749792,120.496839,3.0,10,1,1674.5
田寮,03F-398.1S,22.7058,120.539336,2.0,4,1,842.0
田寮,03F-398.1S,22.7058,120.539336,2.0,5,1,842.0
田寮,03F-398.1S,22.7058,120.539336,2.0,6,1,912.5
田寮,03F-398.1S,22.7058,120.539336,2.0,7,1,912.5
田寮,03F-398.1S,22.7058,120.539336,2.0,8,1,853.0
田寮,03F-398.1S,22.7058,120.539336,2.0,9,1,853.0
田寮,03F-398.1S,22.7058,120.539336,2.0,10,1,833.5
田寮,03F-398.1S,22.7058,120.539336,2.0,11,1,833.5
田寮,03F-398.4N,22.704642,120.541133,2.0,4,1,938.0
田寮,03F-398.4N,22.704642,120.541133,2.0,5,1,938.0
田寮,03F-398.4N,22.704642,120.541133,2.0,6,1,983.5
田寮,03F-398.4N,22.704642,120.541133,2.0,7,1,983.5
田寮,03F-398.4N,22.704642,120.541133,2.0,8,1,901.5
田寮,03F-398.4N,22.704642,120.541133,2.0,9,1,901.5
田寮,03F-398.4N,22.704642,120.541133,2.0,10,1,889.0
田寮,03F-398.4N,22.704642,120.541133,2.0,11,1,889.0
田寮,03F-401.8S,22.682775,120.563086,2.0,3,1,1100.5
田寮,03F-401.8S,22.682775,120.563086,2.0,4,1,1100.5
田寮,03F-401.8S,22.682775,120.563086,2.0,5,1,1031.5
田寮,03F-401.8S,22.682775,120.563086,2.0,6,1,1031.5
田寮,03F-401.8S,22.682775,120.563086,2.0,7,1,1102.5
田寮,03F-401.8S,22.682775,120.563086,2.0,8,1,1102.5
田寮,03F-401.8S,22.682775,120.563086,2.0,9,1,1057.5
田寮,03F-401.8S,22.682775,120.563086,2.0,10,1,1057.5
田寮,03F-402.1N,22.680347,120.563311,2.0,3,1,1048.5
田寮,03F-402.1N,22.680347,120.563311,2.0,4,1,1048.5
田寮,03F-402.1N,22.680347,120.563311,2.0,5,1,972.5
田寮,03F-402.1N,22.680347,120.563311,2.0,6,1,972.5
田寮,03F-402.1N,22.680347,120.563311,2.0,7,1,1057.5
田寮,03F-402.1N,22.680347,120.563311,2.0,8,1,1057.5
田寮,03F-402.1N,22.680347,120.563311,2.0,9,1,1016.5
田寮,03F-402.1N,22.680347,120.563311,2.0,10,1,1016.5
田寮,03F-414.2SN,22.579586,120.526161,2.0,4,1,1565.5
田寮,03F-414.2SN,22.579586,120.526161,2.0,5,1,1565.5
田寮,03F-414.2SN,22.579586,120.526161,2.0,6,1,1644.5
田寮,03F-414.2SN,22.579586,120.526161,2.0,7,1,1644.5
田寮,03F-414.2SN,22.579586,120.526161,2.0,8,1,1454.5
田寮,03F-414.2SN,22.579586,120.526161,2.0,9,1,1454.5
田寮,03F-414.2SN,22.579586,120.526161,2.0,10,1,1508.5
田寮,03F-414.2SN,22.579586,120.526161,2.0,11,1,1508.5
田寮,03F-416.8N,22.557408,120.524761,2.0,5,1,988.5
田寮,03F-416.8N,22.557408,120.524761,2.0,6,1,988.5
田寮,03F-416.8N,22.557408,120.524761,2.0,7,1,1099.5
田寮,03F-416.8N,22.557408,120.524761,2.0,8,1,1099.5
田寮,03F-416.8N,22.557408,120.524761,2.0,9,1,1048.5
田寮,03F-416.8N,22.557408,120.524761,2.0,10,1,1048.5
田寮,03F-416.8N,22.557408,120.524761,2.0,11,1,956.5
田寮,03F-416.8N,22.557408,120.524761,2.0,12,1,956.5
田寮,03F-416.8S,22.557186,120.524558,2.0,5,1,1000.5
田寮,03F-416.8S,22.557186,120.524558,2.0,6,1,1000.5
田寮,03F-416.8S,22.557186,120.524558,2.0,7,1,1083.5
田寮,03F-416.8S,22.557186,120.524558,2.0,8,1,1083.5
田寮,03F-416.8S,22.557186,120.524558,2.0,9,1,1040.0
田寮,03F-416.8S,22.557186,120.524558,2.0,10,1,1040.0
田寮,03F-416.8S,22.557186,120.524558,2.0,11,1,970.0
田寮,03F-416.8S,22.557186,120.524558,2.0,12,1,970.0
田寮,03F-423.2SN,22.501367,120.525775,2.0,3,1,1553.5
田寮,03F-423.2SN,22.501367,120.525775,2.0,4,1,1553.5
田寮,03F-423.2SN,22.501367,120.525775,2.0,5,1,1411.0
田寮,03F-423.2SN,22.501367,120.525775,2.0,6,1,1411.0
田寮,03F-423.2SN,22.501367,120.525775,2.0,7,1,1525.5
田寮,03F-423.2SN,22.501367,120.525775,2.0,8,1,1525.5
田寮,03F-423.2SN,22.501367,120.525775,2.0,9,1,1459.5
田寮,03F-423.2SN,22.501367,120.525775,2.0,10,1,1459.5
田寮,03F-425.9N,22.477464,120.531386,2.0,4,1,990.0
田寮,03F-425.9N,22.477464,120.531386,2.0,5,1,990.0
田寮,03F-425.9N,22.477464,120.531386,2.0,6,1,1007.5
田寮,03F-425.9N,22.477464,120.531386,2.0,7,1,1007.5
田寮,03F-425.9N,22.477464,120.531386,2.0,8,1,950.0
田寮,03F-425.9N,22.477464,120.531386,2.0,9,1,950.0
田寮,03F-425.9N,22.477464,120.531386,2.0,10,1,957.5
田寮,03F-425.9N,22.477464,120.531386,2.0,11,1,957.5
田寮,03F-426.3S,22.474661,120.530844,2.0,4,1,968.0
田寮,03F-426.3S,22.474661,120.530844,2.0,5,1,968.0
田寮,03F-426.3S,22.474661,120.530844,2.0,6,1,962.5
田寮,03F-426.3S,22.474661,120.530844,2.0,7,1,962.5
田寮,03F-426.3S,22.474661,120.530844,2.0,8,1,973.5
田寮,03F-426.3S,22.474661,120.530844,2.0,9,1,973.5
田寮,03F-426.3S,22.474661,120.530844,2.0,10,1,939.5
田寮,03F-426.3S,22.474661,120.530844,2.0,11,1,939.5
